CREATE TABLE "ACCESS_LEVELS" 
   (	"LEVEL_ID" NUMBER(20,0) NOT NULL ENABLE, 
	"EMP_ID" NUMBER(20,0) NOT NULL ENABLE, 
	"ID" NUMBER(11,0)
   ) SEGMENT CREATION IMMEDIATE 
  PCTFREE 10 PCTUSED 40 INITRANS 1 MAXTRANS 255 NOCOMPRESS LOGGING
  STORAGE(INITIAL 65536 NEXT 1048576 MINEXTENTS 1 MAXEXTENTS 2147483645
  PCTINCREASE 0 FREELISTS 1 FREELIST GROUPS 1 BUFFER_POOL DEFAULT FLASH_CACHE DEFAULT CELL_FLASH_CACHE DEFAULT)
  TABLESPACE "SYSTEM";
  
  CREATE TABLE "COMMON_CITY" 
   (	"ID" NUMBER(20,0) NOT NULL ENABLE, 
	"DESCRIPTION" VARCHAR2(255), 
	"CODE" VARCHAR2(255), 
	"ISDEFAULT" NUMBER(1,0), 
	"COUNTRY" NUMBER(20,0), 
	"ENGLISHDESCRIPTION" VARCHAR2(255), 
	"SECTION" VARCHAR2(255), 
	"REGION" VARCHAR2(255), 
	 CONSTRAINT "COMMON_CITY_ID_1" PRIMARY KEY ("ID")
  USING INDEX PCTFREE 10 INITRANS 2 MAXTRANS 255 COMPUTE STATISTICS 
  STORAGE(INITIAL 65536 NEXT 1048576 MINEXTENTS 1 MAXEXTENTS 2147483645
  PCTINCREASE 0 FREELISTS 1 FREELIST GROUPS 1 BUFFER_POOL DEFAULT FLASH_CACHE DEFAULT CELL_FLASH_CACHE DEFAULT)
  TABLESPACE "SYSTEM"  ENABLE
   ) SEGMENT CREATION IMMEDIATE 
  PCTFREE 10 PCTUSED 40 INITRANS 1 MAXTRANS 255 NOCOMPRESS LOGGING
  STORAGE(INITIAL 65536 NEXT 1048576 MINEXTENTS 1 MAXEXTENTS 2147483645
  PCTINCREASE 0 FREELISTS 1 FREELIST GROUPS 1 BUFFER_POOL DEFAULT FLASH_CACHE DEFAULT CELL_FLASH_CACHE DEFAULT)
  TABLESPACE "SYSTEM";

CREATE TABLE "COMMON_CLIENTS" 
   (	"ID" NUMBER NOT NULL ENABLE, 
	"CLIENTNAME" VARCHAR2(100) NOT NULL ENABLE, 
	"PORTNO" VARCHAR2(100) NOT NULL ENABLE
   ) SEGMENT CREATION IMMEDIATE 
  PCTFREE 10 PCTUSED 40 INITRANS 1 MAXTRANS 255 NOCOMPRESS LOGGING
  STORAGE(INITIAL 65536 NEXT 1048576 MINEXTENTS 1 MAXEXTENTS 2147483645
  PCTINCREASE 0 FREELISTS 1 FREELIST GROUPS 1 BUFFER_POOL DEFAULT FLASH_CACHE DEFAULT CELL_FLASH_CACHE DEFAULT)
  TABLESPACE "USERS";

CREATE TABLE "COMMON_COMPANY" 
   (	"ID" NUMBER(20,0) NOT NULL ENABLE, 
	"DESCRIPTION" VARCHAR2(255), 
	 CONSTRAINT "COMMON_COMPANY_ID_1" PRIMARY KEY ("ID")
  USING INDEX PCTFREE 10 INITRANS 2 MAXTRANS 255 COMPUTE STATISTICS 
  STORAGE(INITIAL 65536 NEXT 1048576 MINEXTENTS 1 MAXEXTENTS 2147483645
  PCTINCREASE 0 FREELISTS 1 FREELIST GROUPS 1 BUFFER_POOL DEFAULT FLASH_CACHE DEFAULT CELL_FLASH_CACHE DEFAULT)
  TABLESPACE "SYSTEM"  ENABLE
   ) SEGMENT CREATION IMMEDIATE 
  PCTFREE 10 PCTUSED 40 INITRANS 1 MAXTRANS 255 NOCOMPRESS LOGGING
  STORAGE(INITIAL 65536 NEXT 1048576 MINEXTENTS 1 MAXEXTENTS 2147483645
  PCTINCREASE 0 FREELISTS 1 FREELIST GROUPS 1 BUFFER_POOL DEFAULT FLASH_CACHE DEFAULT CELL_FLASH_CACHE DEFAULT)
  TABLESPACE "SYSTEM";

CREATE TABLE "COMMON_COUNTRY" 
   (	"ID" NUMBER(20,0) NOT NULL ENABLE, 
	"DESCRIPTION" VARCHAR2(255), 
	"ISDEFAULT" NUMBER(1,0), 
	"MALENATIONALITY" VARCHAR2(255), 
	"FEMALENATIONALITY" VARCHAR2(255), 
	 CONSTRAINT "COMMON_COUNTRY_ID_1" PRIMARY KEY ("ID")
  USING INDEX PCTFREE 10 INITRANS 2 MAXTRANS 255 COMPUTE STATISTICS 
  STORAGE(INITIAL 65536 NEXT 1048576 MINEXTENTS 1 MAXEXTENTS 2147483645
  PCTINCREASE 0 FREELISTS 1 FREELIST GROUPS 1 BUFFER_POOL DEFAULT FLASH_CACHE DEFAULT CELL_FLASH_CACHE DEFAULT)
  TABLESPACE "SYSTEM"  ENABLE
   ) SEGMENT CREATION IMMEDIATE 
  PCTFREE 10 PCTUSED 40 INITRANS 1 MAXTRANS 255 NOCOMPRESS LOGGING
  STORAGE(INITIAL 65536 NEXT 1048576 MINEXTENTS 1 MAXEXTENTS 2147483645
  PCTINCREASE 0 FREELISTS 1 FREELIST GROUPS 1 BUFFER_POOL DEFAULT FLASH_CACHE DEFAULT CELL_FLASH_CACHE DEFAULT)
  TABLESPACE "SYSTEM";

CREATE TABLE "COMMON_DATES" 
   (	"MILADI" DATE NOT NULL ENABLE, 
	"HIJRI" VARCHAR2(11), 
	"ID" NUMBER(20,0), 
	"STR_MILADI" VARCHAR2(20), 
	 CONSTRAINT "COMMON_DATES_MILADI_1" PRIMARY KEY ("MILADI")
  USING INDEX PCTFREE 10 INITRANS 2 MAXTRANS 255 COMPUTE STATISTICS 
  STORAGE(INITIAL 65536 NEXT 1048576 MINEXTENTS 1 MAXEXTENTS 2147483645
  PCTINCREASE 0 FREELISTS 1 FREELIST GROUPS 1 BUFFER_POOL DEFAULT FLASH_CACHE DEFAULT CELL_FLASH_CACHE DEFAULT)
  TABLESPACE "LEHAA"  ENABLE
   ) SEGMENT CREATION IMMEDIATE 
  PCTFREE 10 PCTUSED 40 INITRANS 1 MAXTRANS 255 NOCOMPRESS LOGGING
  STORAGE(INITIAL 65536 NEXT 1048576 MINEXTENTS 1 MAXEXTENTS 2147483645
  PCTINCREASE 0 FREELISTS 1 FREELIST GROUPS 1 BUFFER_POOL DEFAULT FLASH_CACHE DEFAULT CELL_FLASH_CACHE DEFAULT)
  TABLESPACE "LEHAA";

CREATE TABLE "COMMON_DEPARTMENT" 
   (	"ID" NUMBER(20,0) NOT NULL ENABLE, 
	"DESCRIPTION" VARCHAR2(255), 
	"ISDEFAULT" NUMBER(1,0), 
	 CONSTRAINT "COMMON_DEPARTMENT_ID_1" PRIMARY KEY ("ID")
  USING INDEX PCTFREE 10 INITRANS 2 MAXTRANS 255 COMPUTE STATISTICS 
  STORAGE(INITIAL 65536 NEXT 1048576 MINEXTENTS 1 MAXEXTENTS 2147483645
  PCTINCREASE 0 FREELISTS 1 FREELIST GROUPS 1 BUFFER_POOL DEFAULT FLASH_CACHE DEFAULT CELL_FLASH_CACHE DEFAULT)
  TABLESPACE "SYSTEM"  ENABLE
   ) SEGMENT CREATION IMMEDIATE 
  PCTFREE 10 PCTUSED 40 INITRANS 1 MAXTRANS 255 NOCOMPRESS LOGGING
  STORAGE(INITIAL 65536 NEXT 1048576 MINEXTENTS 1 MAXEXTENTS 2147483645
  PCTINCREASE 0 FREELISTS 1 FREELIST GROUPS 1 BUFFER_POOL DEFAULT FLASH_CACHE DEFAULT CELL_FLASH_CACHE DEFAULT)
  TABLESPACE "SYSTEM";

CREATE TABLE "COMMON_EMPLOYEE" 
   (	"ID" NUMBER(20,0) NOT NULL ENABLE, 
	"FIRSTNAME" VARCHAR2(255), 
	"LASTNAME" VARCHAR2(255), 
	"JOBTITLE" VARCHAR2(255), 
	"ADDRESS" VARCHAR2(255), 
	"TEL" VARCHAR2(255), 
	"EXT" VARCHAR2(255), 
	"EMAIL" VARCHAR2(255), 
	"ISINTERNALCOMMUNICATOR" NUMBER(1,0), 
	"CANVIEWDEPARTMENTMESSAGES" NUMBER(1,0), 
	"DEPARTMENT" NUMBER(20,0), 
	"CITY" NUMBER(20,0), 
	"USERS" NUMBER(20,0), 
	"BRANCH" VARCHAR2(10), 
	"ISDEPARTMENTMANAGER" NUMBER(1,0), 
	"ISMANAGER" NUMBER(1,0), 
	"GENDER" VARCHAR2(255), 
	"ISACTIVE" NUMBER(1,0), 
	"EMPLOYEECODE" NUMBER(20,0), 
	"ISEMPLOYEE" NUMBER(1,0), 
	"ATTENDANCEGROUP" NUMBER(20,0), 
	"ATTENDANCECODE" NUMBER(20,0), 
	"AUTHORITYFLAG" NUMBER(1,0) DEFAULT 1, 
	"CANSEEPRIVATEGLACCOUNTS" NUMBER(1,0), 
	"CANSEEALLSTORE" NUMBER(1,0) DEFAULT 0, 
	"EMPCODE" VARCHAR2(8), 
	"PROFILEPIC" BLOB, 
	"PROFILEPICNAME" VARCHAR2(255), 
	 CONSTRAINT "COMMON_EMPLOYEE_ID_1" PRIMARY KEY ("ID")
  USING INDEX PCTFREE 10 INITRANS 2 MAXTRANS 255 COMPUTE STATISTICS 
  STORAGE(INITIAL 65536 NEXT 1048576 MINEXTENTS 1 MAXEXTENTS 2147483645
  PCTINCREASE 0 FREELISTS 1 FREELIST GROUPS 1 BUFFER_POOL DEFAULT FLASH_CACHE DEFAULT CELL_FLASH_CACHE DEFAULT)
  TABLESPACE "SYSTEM"  ENABLE
   ) SEGMENT CREATION IMMEDIATE 
  PCTFREE 10 PCTUSED 40 INITRANS 1 MAXTRANS 255 NOCOMPRESS LOGGING
  STORAGE(INITIAL 65536 NEXT 1048576 MINEXTENTS 1 MAXEXTENTS 2147483645
  PCTINCREASE 0 FREELISTS 1 FREELIST GROUPS 1 BUFFER_POOL DEFAULT FLASH_CACHE DEFAULT CELL_FLASH_CACHE DEFAULT)
  TABLESPACE "SYSTEM" 
 LOB ("PROFILEPIC") STORE AS BASICFILE (
  TABLESPACE "SYSTEM" ENABLE STORAGE IN ROW CHUNK 8192 RETENTION 
  NOCACHE LOGGING 
  STORAGE(INITIAL 65536 NEXT 1048576 MINEXTENTS 1 MAXEXTENTS 2147483645
  PCTINCREASE 0 FREELISTS 1 FREELIST GROUPS 1 BUFFER_POOL DEFAULT FLASH_CACHE DEFAULT CELL_FLASH_CACHE DEFAULT));

CREATE TABLE "COMMON_FLAG" 
   (	"ID" NUMBER(20,0) NOT NULL ENABLE, 
	"NAME" VARCHAR2(255), 
	"DESCRIPTION" VARCHAR2(255), 
	"COMMENTS" VARCHAR2(500), 
	"FLAG" NUMBER(1,0), 
	 CONSTRAINT "COMMON_FLAG_ID_1" PRIMARY KEY ("ID")
  USING INDEX PCTFREE 10 INITRANS 2 MAXTRANS 255 COMPUTE STATISTICS 
  STORAGE(INITIAL 65536 NEXT 1048576 MINEXTENTS 1 MAXEXTENTS 2147483645
  PCTINCREASE 0 FREELISTS 1 FREELIST GROUPS 1 BUFFER_POOL DEFAULT FLASH_CACHE DEFAULT CELL_FLASH_CACHE DEFAULT)
  TABLESPACE "SYSTEM"  ENABLE
   ) SEGMENT CREATION IMMEDIATE 
  PCTFREE 10 PCTUSED 40 INITRANS 1 MAXTRANS 255 NOCOMPRESS LOGGING
  STORAGE(INITIAL 65536 NEXT 1048576 MINEXTENTS 1 MAXEXTENTS 2147483645
  PCTINCREASE 0 FREELISTS 1 FREELIST GROUPS 1 BUFFER_POOL DEFAULT FLASH_CACHE DEFAULT CELL_FLASH_CACHE DEFAULT)
  TABLESPACE "SYSTEM";

CREATE TABLE "COMMON_HIJRI_DATE_ADJUSTMENT" 
   (	"ID" NUMBER(20,0) NOT NULL ENABLE, 
	"VALUE" NUMBER(11,0) DEFAULT '0', 
	"HIJRIDATE" DATE, 
	"MILADIDATE" DATE, 
	"STR_HIJRIDATE" VARCHAR2(20), 
	"STR_MILADIDATE" VARCHAR2(20), 
	 CONSTRAINT "COMMON_HIJRI_DATE_ADJUSTMENT_1" PRIMARY KEY ("ID")
  USING INDEX PCTFREE 10 INITRANS 2 MAXTRANS 255 COMPUTE STATISTICS 
  STORAGE(INITIAL 65536 NEXT 1048576 MINEXTENTS 1 MAXEXTENTS 2147483645
  PCTINCREASE 0 FREELISTS 1 FREELIST GROUPS 1 BUFFER_POOL DEFAULT FLASH_CACHE DEFAULT CELL_FLASH_CACHE DEFAULT)
  TABLESPACE "SYSTEM"  ENABLE
   ) SEGMENT CREATION IMMEDIATE 
  PCTFREE 10 PCTUSED 40 INITRANS 1 MAXTRANS 255 NOCOMPRESS LOGGING
  STORAGE(INITIAL 65536 NEXT 1048576 MINEXTENTS 1 MAXEXTENTS 2147483645
  PCTINCREASE 0 FREELISTS 1 FREELIST GROUPS 1 BUFFER_POOL DEFAULT FLASH_CACHE DEFAULT CELL_FLASH_CACHE DEFAULT)
  TABLESPACE "SYSTEM";

CREATE TABLE "COMMON_LAST_SEQUENCE" 
   (	"ID" NUMBER(20,0) NOT NULL ENABLE, 
	"CLASSNAME" VARCHAR2(255), 
	"CLASSSEQUENCE" NUMBER(20,0), 
	 CONSTRAINT "COMMON_LAST_SEQUENCE_ID_1" PRIMARY KEY ("ID")
  USING INDEX PCTFREE 10 INITRANS 2 MAXTRANS 255 COMPUTE STATISTICS 
  STORAGE(INITIAL 65536 NEXT 1048576 MINEXTENTS 1 MAXEXTENTS 2147483645
  PCTINCREASE 0 FREELISTS 1 FREELIST GROUPS 1 BUFFER_POOL DEFAULT FLASH_CACHE DEFAULT CELL_FLASH_CACHE DEFAULT)
  TABLESPACE "SYSTEM"  ENABLE
   ) SEGMENT CREATION IMMEDIATE 
  PCTFREE 10 PCTUSED 40 INITRANS 1 MAXTRANS 255 NOCOMPRESS LOGGING
  STORAGE(INITIAL 65536 NEXT 1048576 MINEXTENTS 1 MAXEXTENTS 2147483645
  PCTINCREASE 0 FREELISTS 1 FREELIST GROUPS 1 BUFFER_POOL DEFAULT FLASH_CACHE DEFAULT CELL_FLASH_CACHE DEFAULT)
  TABLESPACE "SYSTEM";

CREATE TABLE "COMMON_REGION" 
   (	"ID" NUMBER(20,0) NOT NULL ENABLE, 
	"DESCRIPTION" VARCHAR2(255), 
	"COUNTRY" NUMBER(20,0), 
	"CODE" VARCHAR2(255), 
	 CONSTRAINT "COMMON_REGION_ID_1" UNIQUE ("ID")
  USING INDEX PCTFREE 10 INITRANS 2 MAXTRANS 255 COMPUTE STATISTICS 
  STORAGE(INITIAL 65536 NEXT 1048576 MINEXTENTS 1 MAXEXTENTS 2147483645
  PCTINCREASE 0 FREELISTS 1 FREELIST GROUPS 1 BUFFER_POOL DEFAULT FLASH_CACHE DEFAULT CELL_FLASH_CACHE DEFAULT)
  TABLESPACE "SYSTEM"  ENABLE
   ) SEGMENT CREATION IMMEDIATE 
  PCTFREE 10 PCTUSED 40 INITRANS 1 MAXTRANS 255 NOCOMPRESS LOGGING
  STORAGE(INITIAL 65536 NEXT 1048576 MINEXTENTS 1 MAXEXTENTS 2147483645
  PCTINCREASE 0 FREELISTS 1 FREELIST GROUPS 1 BUFFER_POOL DEFAULT FLASH_CACHE DEFAULT CELL_FLASH_CACHE DEFAULT)
  TABLESPACE "SYSTEM";

CREATE TABLE "COMMON_SETTINGS" 
   (	"ID" NUMBER(1,0) NOT NULL ENABLE, 
	"ACCESSLEVELSCHECKDATE" NUMBER(1,0), 
	"EMPREQUESTCHECKDATE" NUMBER(1,0), 
	"ANNUALVACBALDAYSENABLED" NUMBER(1,0), 
	"SERVER" VARCHAR2(255), 
	"SERVICE" VARCHAR2(255), 
	"USERNAME" VARCHAR2(255), 
	"PASSWORD" VARCHAR2(255), 
	"ADDNEWDATA" NUMBER(1,0), 
	"CHECKPOSTEDREQUESTS" NUMBER(1,0), 
	"EMPREQUESTTYPEEXCEPTION" NUMBER(1,0), 
	"TATTREPWITHHRSMIN" NUMBER(1,0), 
	"SPECIALVACEXCEP" NUMBER(1,0), 
	"CREATINGMAIL" NUMBER(1,0), 
	"LOGINURL" VARCHAR2(255), 
	"VACLIMITPROBLEM" NUMBER(1,0), 
	"VACATIONREQUESTEXCEP" NUMBER(1,0), 
	"REQPERIODDATE" NUMBER(1,0), 
	"WITHDRAWDAYSQUARTPOLICY" NUMBER(1,0), 
	"NOTESVALIDATION" NUMBER(1,0), 
	"WITHOUTSALPERIODVALIDATION" NUMBER(1,0), 
	"FROMTOREQUESTVALD" NUMBER(1,0), 
	"WITHOUTSALARYVACENABLED" NUMBER(1,0), 
	"PERIODFROMTOENABLED" NUMBER(1,0), 
	"FOOTERCOPYRIGHTSENABLED" NUMBER(1,0), 
	"COMPANYLOGOHEADER" BLOB, 
	"COMPANYLOGOHEADERNAME" VARCHAR2(255), 
	"ATTENDANCEREQUESTEN" NUMBER(1,0), 
	"COMPANYRULESEN" NUMBER(1,0), 
	"MAILMGR" VARCHAR2(255), 
	"MAILPASS" VARCHAR2(255), 
	"SMTPSERVER" VARCHAR2(255), 
	"PORTSERVER" VARCHAR2(255), 
	"EXECUSEENABLED" NUMBER(1,0), 
	"SALARYFROMDAY" NUMBER(2,0), 
	"REQUESTSDEADLINE" NUMBER(3,0), 
	"AUTOMATICSIGNINOUT" NUMBER, 
	"MAXEMP" NUMBER, 
	"LOCATIONACCURACY" FLOAT(126), 
	"ISLOCATIONACCURACYENABLED" NUMBER, 
	"SHOWADDRESSONFORM" NUMBER, 
	"SHOWREQUESTSONCALENDAR" NUMBER, 
	"ERRANDTIMEFROMSYSTEM" NUMBER, 
	"OBLIGATENOTES" NUMBER, 
	"COMPANY" NUMBER, 
	"AUTOMATICREQUESTSVALIDATION" NUMBER, 
	"AUTOMATICERRANDEND" VARCHAR2(5), 
	"FINGERPRINTENABLED" NUMBER, 
	"LOCATIONACCURACY2" FLOAT(126), 
	"SIGNOUTBEFOREPERMISSIONERRAND" NUMBER, 
	"COMPANYLONG" FLOAT(126), 
	"COMPANYLAT" FLOAT(126), 
	"DISTALLOWEDFROMCOMPANY" FLOAT(126), 
	"REQUIREDANDROIDVERSION" NUMBER(*,0), 
	"MANAGERCANMODIFYATTENDANCE" NUMBER, 
	"ANDROIDATTAUTOMATICAPPROVAL" NUMBER
   ) SEGMENT CREATION IMMEDIATE 
  PCTFREE 10 PCTUSED 40 INITRANS 1 MAXTRANS 255 NOCOMPRESS LOGGING
  STORAGE(INITIAL 65536 NEXT 1048576 MINEXTENTS 1 MAXEXTENTS 2147483645
  PCTINCREASE 0 FREELISTS 1 FREELIST GROUPS 1 BUFFER_POOL DEFAULT FLASH_CACHE DEFAULT CELL_FLASH_CACHE DEFAULT)
  TABLESPACE "USERS" 
 LOB ("COMPANYLOGOHEADER") STORE AS BASICFILE (
  TABLESPACE "USERS" ENABLE STORAGE IN ROW CHUNK 8192 RETENTION 
  NOCACHE LOGGING 
  STORAGE(INITIAL 65536 NEXT 1048576 MINEXTENTS 1 MAXEXTENTS 2147483645
  PCTINCREASE 0 FREELISTS 1 FREELIST GROUPS 1 BUFFER_POOL DEFAULT FLASH_CACHE DEFAULT CELL_FLASH_CACHE DEFAULT));

CREATE TABLE "COMMON_TYPES" 
   (	"ID" NUMBER(20,0) NOT NULL ENABLE, 
	"DESCRIPTION" VARCHAR2(255), 
	"ARDESC" VARCHAR2(255), 
	 CONSTRAINT "COMMON_TYPES_ID_1" PRIMARY KEY ("ID")
  USING INDEX PCTFREE 10 INITRANS 2 MAXTRANS 255 COMPUTE STATISTICS 
  STORAGE(INITIAL 65536 NEXT 1048576 MINEXTENTS 1 MAXEXTENTS 2147483645
  PCTINCREASE 0 FREELISTS 1 FREELIST GROUPS 1 BUFFER_POOL DEFAULT FLASH_CACHE DEFAULT CELL_FLASH_CACHE DEFAULT)
  TABLESPACE "SYSTEM"  ENABLE
   ) SEGMENT CREATION IMMEDIATE 
  PCTFREE 10 PCTUSED 40 INITRANS 1 MAXTRANS 255 NOCOMPRESS LOGGING
  STORAGE(INITIAL 65536 NEXT 1048576 MINEXTENTS 1 MAXEXTENTS 2147483645
  PCTINCREASE 0 FREELISTS 1 FREELIST GROUPS 1 BUFFER_POOL DEFAULT FLASH_CACHE DEFAULT CELL_FLASH_CACHE DEFAULT)
  TABLESPACE "SYSTEM";

CREATE TABLE "COMMON_TYPESDATA" 
   (	"ID" NUMBER(20,0) NOT NULL ENABLE, 
	"DESCRIPTION" VARCHAR2(255), 
	"TYPEID" NUMBER(20,0), 
	 CONSTRAINT "COMMON_TYPESDATA_ID_1" PRIMARY KEY ("ID")
  USING INDEX PCTFREE 10 INITRANS 2 MAXTRANS 255 COMPUTE STATISTICS 
  STORAGE(INITIAL 65536 NEXT 1048576 MINEXTENTS 1 MAXEXTENTS 2147483645
  PCTINCREASE 0 FREELISTS 1 FREELIST GROUPS 1 BUFFER_POOL DEFAULT FLASH_CACHE DEFAULT CELL_FLASH_CACHE DEFAULT)
  TABLESPACE "SYSTEM"  ENABLE
   ) SEGMENT CREATION IMMEDIATE 
  PCTFREE 10 PCTUSED 40 INITRANS 1 MAXTRANS 255 NOCOMPRESS LOGGING
  STORAGE(INITIAL 65536 NEXT 1048576 MINEXTENTS 1 MAXEXTENTS 2147483645
  PCTINCREASE 0 FREELISTS 1 FREELIST GROUPS 1 BUFFER_POOL DEFAULT FLASH_CACHE DEFAULT CELL_FLASH_CACHE DEFAULT)
  TABLESPACE "SYSTEM";
  
  CREATE TABLE "EMP_REQTYPE_ACC" 
   (	"ID" NUMBER(11,0) NOT NULL ENABLE, 
	"EMP_ID" NUMBER(11,0) NOT NULL ENABLE, 
	"REQ_ID" NUMBER(11,0) NOT NULL ENABLE, 
	"GROUP_ID" NUMBER(11,0) NOT NULL ENABLE, 
	"PRIORITY" NUMBER(2,0)
   ) SEGMENT CREATION IMMEDIATE 
  PCTFREE 10 PCTUSED 40 INITRANS 1 MAXTRANS 255 NOCOMPRESS LOGGING
  STORAGE(INITIAL 65536 NEXT 1048576 MINEXTENTS 1 MAXEXTENTS 2147483645
  PCTINCREASE 0 FREELISTS 1 FREELIST GROUPS 1 BUFFER_POOL DEFAULT FLASH_CACHE DEFAULT CELL_FLASH_CACHE DEFAULT)
  TABLESPACE "SYSTEM";

CREATE TABLE "EMP_REQ_APPROVAL" 
   (	"ID" NUMBER(20,0) NOT NULL ENABLE, 
	"REQ_ID" NUMBER(11,0) NOT NULL ENABLE, 
	"LEVEL_ID" NUMBER(11,0) NOT NULL ENABLE, 
	"USER_ID" NUMBER(11,0) NOT NULL ENABLE, 
	"APPROVAL_DATE" DATE, 
	"APPROVAL" NUMBER(2,0), 
	"NOTE" VARCHAR2(200), 
	"STR_APPROVAL_DATE" VARCHAR2(20), 
	 CONSTRAINT "DFSDF" PRIMARY KEY ("ID")
  USING INDEX PCTFREE 10 INITRANS 2 MAXTRANS 255 COMPUTE STATISTICS 
  STORAGE(INITIAL 524288 NEXT 1048576 MINEXTENTS 1 MAXEXTENTS 2147483645
  PCTINCREASE 0 FREELISTS 1 FREELIST GROUPS 1 BUFFER_POOL DEFAULT FLASH_CACHE DEFAULT CELL_FLASH_CACHE DEFAULT)
  TABLESPACE "LEHAA"  ENABLE
   ) SEGMENT CREATION IMMEDIATE 
  PCTFREE 10 PCTUSED 40 INITRANS 1 MAXTRANS 255 NOCOMPRESS LOGGING
  STORAGE(INITIAL 786432 NEXT 1048576 MINEXTENTS 1 MAXEXTENTS 2147483645
  PCTINCREASE 0 FREELISTS 1 FREELIST GROUPS 1 BUFFER_POOL DEFAULT FLASH_CACHE DEFAULT CELL_FLASH_CACHE DEFAULT)
  TABLESPACE "SYSTEM";


CREATE TABLE "I18N_KEY" 
   (	"ID" NUMBER(20,0) NOT NULL ENABLE, 
	"NAME" VARCHAR2(255), 
	"DESCRIPTION" VARCHAR2(255), 
	 CONSTRAINT "I18N_KEY_ID_1" PRIMARY KEY ("ID")
  USING INDEX PCTFREE 10 INITRANS 2 MAXTRANS 255 COMPUTE STATISTICS 
  STORAGE(INITIAL 65536 NEXT 1048576 MINEXTENTS 1 MAXEXTENTS 2147483645
  PCTINCREASE 0 FREELISTS 1 FREELIST GROUPS 1 BUFFER_POOL DEFAULT FLASH_CACHE DEFAULT CELL_FLASH_CACHE DEFAULT)
  TABLESPACE "SYSTEM"  ENABLE
   ) SEGMENT CREATION IMMEDIATE 
  PCTFREE 10 PCTUSED 40 INITRANS 1 MAXTRANS 255 NOCOMPRESS LOGGING
  STORAGE(INITIAL 131072 NEXT 1048576 MINEXTENTS 1 MAXEXTENTS 2147483645
  PCTINCREASE 0 FREELISTS 1 FREELIST GROUPS 1 BUFFER_POOL DEFAULT FLASH_CACHE DEFAULT CELL_FLASH_CACHE DEFAULT)
  TABLESPACE "SYSTEM";

CREATE TABLE "I18N_LOCALE" 
   (	"ID" NUMBER(20,0) NOT NULL ENABLE, 
	"LANGUAGE" VARCHAR2(255), 
	"COUNTRY" VARCHAR2(255), 
	"VARIANT" VARCHAR2(255), 
	"CODE" VARCHAR2(255), 
	"ISDEFAULT" NUMBER(1,0), 
	 CONSTRAINT "I18N_LOCALE_ID_1" PRIMARY KEY ("ID")
  USING INDEX PCTFREE 10 INITRANS 2 MAXTRANS 255 COMPUTE STATISTICS 
  STORAGE(INITIAL 65536 NEXT 1048576 MINEXTENTS 1 MAXEXTENTS 2147483645
  PCTINCREASE 0 FREELISTS 1 FREELIST GROUPS 1 BUFFER_POOL DEFAULT FLASH_CACHE DEFAULT CELL_FLASH_CACHE DEFAULT)
  TABLESPACE "SYSTEM"  ENABLE
   ) SEGMENT CREATION IMMEDIATE 
  PCTFREE 10 PCTUSED 40 INITRANS 1 MAXTRANS 255 NOCOMPRESS LOGGING
  STORAGE(INITIAL 65536 NEXT 1048576 MINEXTENTS 1 MAXEXTENTS 2147483645
  PCTINCREASE 0 FREELISTS 1 FREELIST GROUPS 1 BUFFER_POOL DEFAULT FLASH_CACHE DEFAULT CELL_FLASH_CACHE DEFAULT)
  TABLESPACE "SYSTEM";

CREATE TABLE "I18N_MESSAGE" 
   (	"ID" NUMBER(20,0) NOT NULL ENABLE, 
	"MESSAGE" VARCHAR2(255), 
	"KEY_ID" NUMBER(20,0), 
	"MYLOCALE" NUMBER(20,0), 
	 CONSTRAINT "I18N_MESSAGE_ID_1" PRIMARY KEY ("ID")
  USING INDEX PCTFREE 10 INITRANS 2 MAXTRANS 255 COMPUTE STATISTICS 
  STORAGE(INITIAL 131072 NEXT 1048576 MINEXTENTS 1 MAXEXTENTS 2147483645
  PCTINCREASE 0 FREELISTS 1 FREELIST GROUPS 1 BUFFER_POOL DEFAULT FLASH_CACHE DEFAULT CELL_FLASH_CACHE DEFAULT)
  TABLESPACE "SYSTEM"  ENABLE
   ) SEGMENT CREATION IMMEDIATE 
  PCTFREE 10 PCTUSED 40 INITRANS 1 MAXTRANS 255 NOCOMPRESS LOGGING
  STORAGE(INITIAL 196608 NEXT 1048576 MINEXTENTS 1 MAXEXTENTS 2147483645
  PCTINCREASE 0 FREELISTS 1 FREELIST GROUPS 1 BUFFER_POOL DEFAULT FLASH_CACHE DEFAULT CELL_FLASH_CACHE DEFAULT)
  TABLESPACE "SYSTEM";
  
  CREATE TABLE "LOGIN_USERS" 
   (	"ID" NUMBER(20,0) NOT NULL ENABLE, 
	"EMPCODE" VARCHAR2(8) NOT NULL ENABLE, 
	"ENAME" VARCHAR2(45), 
	"PERMISSIONS" NUMBER(1,0), 
	"PASSWORD" VARCHAR2(45), 
	"USERNAME" VARCHAR2(45), 
	"NAME" VARCHAR2(45), 
	"END_SERV" DATE, 
	"EMAIL" VARCHAR2(50), 
	"STR_END_SERV" VARCHAR2(20), 
	 CONSTRAINT "LOGIN_USERS_PK" PRIMARY KEY ("ID")
  USING INDEX PCTFREE 10 INITRANS 2 MAXTRANS 255 COMPUTE STATISTICS 
  STORAGE(INITIAL 65536 NEXT 1048576 MINEXTENTS 1 MAXEXTENTS 2147483645
  PCTINCREASE 0 FREELISTS 1 FREELIST GROUPS 1 BUFFER_POOL DEFAULT FLASH_CACHE DEFAULT CELL_FLASH_CACHE DEFAULT)
  TABLESPACE "SYSTEM"  ENABLE, 
	 CONSTRAINT "LOGIN_USERS_UNIQUE" UNIQUE ("EMPCODE")
  USING INDEX PCTFREE 10 INITRANS 2 MAXTRANS 255 COMPUTE STATISTICS 
  STORAGE(INITIAL 65536 NEXT 1048576 MINEXTENTS 1 MAXEXTENTS 2147483645
  PCTINCREASE 0 FREELISTS 1 FREELIST GROUPS 1 BUFFER_POOL DEFAULT FLASH_CACHE DEFAULT CELL_FLASH_CACHE DEFAULT)
  TABLESPACE "SYSTEM"  ENABLE
   ) SEGMENT CREATION IMMEDIATE 
  PCTFREE 10 PCTUSED 40 INITRANS 1 MAXTRANS 255 NOCOMPRESS LOGGING
  STORAGE(INITIAL 65536 NEXT 1048576 MINEXTENTS 1 MAXEXTENTS 2147483645
  PCTINCREASE 0 FREELISTS 1 FREELIST GROUPS 1 BUFFER_POOL DEFAULT FLASH_CACHE DEFAULT CELL_FLASH_CACHE DEFAULT)
  TABLESPACE "SYSTEM";

CREATE TABLE "LOGIN_USERS_REQUESTS" 
   (	"ID" NUMBER(20,0) NOT NULL ENABLE, 
	"REQUEST_TYPE" NUMBER(2,0) NOT NULL ENABLE, 
	"LOGIN_USER" NUMBER(20,0) NOT NULL ENABLE, 
	"EMPCODE" VARCHAR2(8), 
	"REQUEST_DATE" DATE, 
	"FROM_DATE" DATE, 
	"TO_DATE" DATE, 
	"PERIOD_FROM" DATE, 
	"PERIOD_TO" DATE, 
	"NOTES" VARCHAR2(255), 
	"LEAVE_TYPE" VARCHAR2(1), 
	"LEAVE_EFFECT" VARCHAR2(1), 
	"PAYED" NUMBER(1,0), 
	"APPROVED" NUMBER(2,0) DEFAULT 0, 
	"POSTED" NUMBER(2,0) DEFAULT 0, 
	"APPLICABLE" NUMBER(2,0) DEFAULT 1, 
	"VACATION" VARCHAR2(3), 
	"REPLY" VARCHAR2(150), 
	"REQUESTNUMBER" VARCHAR2(255), 
	"WITHDRAWDAYS" NUMBER(10,5), 
	"VACCREDIT" NUMBER(8,0) DEFAULT 0, 
	"STR_REQUEST_DATE" VARCHAR2(20), 
	"STR_FROM_DATE" VARCHAR2(20), 
	"STR_TO_DATE" VARCHAR2(20), 
	"STR_PERIOD_FROM" VARCHAR2(20), 
	"STR_PERIOD_TO" VARCHAR2(20), 
	"ALTDATE" DATE, 
	"LONGITUDE" FLOAT(126) DEFAULT null, 
	"LATITUDE" FLOAT(126) DEFAULT null, 
	"INPUTTYPE" NUMBER, 
	"LOCATIONADDRESS" VARCHAR2(255), 
	"ISINSIDECOMPANY" VARCHAR2(1), 
	"FROM_DATE_HISTORY" DATE, 
	"MANAGERMODIFIEDDATE" NUMBER, 
	 PRIMARY KEY ("ID")
  USING INDEX PCTFREE 10 INITRANS 2 MAXTRANS 255 COMPUTE STATISTICS 
  STORAGE(INITIAL 262144 NEXT 1048576 MINEXTENTS 1 MAXEXTENTS 2147483645
  PCTINCREASE 0 FREELISTS 1 FREELIST GROUPS 1 BUFFER_POOL DEFAULT FLASH_CACHE DEFAULT CELL_FLASH_CACHE DEFAULT)
  TABLESPACE "SYSTEM"  ENABLE
   ) SEGMENT CREATION IMMEDIATE 
  PCTFREE 10 PCTUSED 40 INITRANS 1 MAXTRANS 255 NOCOMPRESS LOGGING
  STORAGE(INITIAL 2097152 NEXT 1048576 MINEXTENTS 1 MAXEXTENTS 2147483645
  PCTINCREASE 0 FREELISTS 1 FREELIST GROUPS 1 BUFFER_POOL DEFAULT FLASH_CACHE DEFAULT CELL_FLASH_CACHE DEFAULT)
  TABLESPACE "SYSTEM";

CREATE TABLE "REQUEST_TYPES" 
   (	"ID" NUMBER(20,0) NOT NULL ENABLE, 
	"DESCRIPTION" VARCHAR2(100), 
	"PARENTID" NUMBER(20,0), 
	 CONSTRAINT "REQUEST_TYPES_PK" PRIMARY KEY ("ID")
  USING INDEX PCTFREE 10 INITRANS 2 MAXTRANS 255 COMPUTE STATISTICS 
  STORAGE(INITIAL 65536 NEXT 1048576 MINEXTENTS 1 MAXEXTENTS 2147483645
  PCTINCREASE 0 FREELISTS 1 FREELIST GROUPS 1 BUFFER_POOL DEFAULT FLASH_CACHE DEFAULT CELL_FLASH_CACHE DEFAULT)
  TABLESPACE "SYSTEM"  ENABLE
   ) SEGMENT CREATION IMMEDIATE 
  PCTFREE 10 PCTUSED 40 INITRANS 1 MAXTRANS 255 NOCOMPRESS LOGGING
  STORAGE(INITIAL 65536 NEXT 1048576 MINEXTENTS 1 MAXEXTENTS 2147483645
  PCTINCREASE 0 FREELISTS 1 FREELIST GROUPS 1 BUFFER_POOL DEFAULT FLASH_CACHE DEFAULT CELL_FLASH_CACHE DEFAULT)
  TABLESPACE "SYSTEM";
  
  CREATE TABLE "SECURITY_APPLICATIONS" 
   (	"ID" NUMBER(20,0) NOT NULL ENABLE, 
	"NAME" VARCHAR2(100), 
	"DEFAULTPAGE" VARCHAR2(100), 
	"DISPLAY_IN_GL" VARCHAR2(1) DEFAULT 0, 
	"IS_ACTIVE" VARCHAR2(1) DEFAULT 0, 
	"MESSAGE_KEY" VARCHAR2(50), 
	"POSITION" NUMBER(10,0), 
	 CONSTRAINT "SECURITY_APPLICATIONS_ID_1" PRIMARY KEY ("ID")
  USING INDEX PCTFREE 10 INITRANS 2 MAXTRANS 255 COMPUTE STATISTICS 
  STORAGE(INITIAL 65536 NEXT 1048576 MINEXTENTS 1 MAXEXTENTS 2147483645
  PCTINCREASE 0 FREELISTS 1 FREELIST GROUPS 1 BUFFER_POOL DEFAULT FLASH_CACHE DEFAULT CELL_FLASH_CACHE DEFAULT)
  TABLESPACE "SYSTEM"  ENABLE
   ) SEGMENT CREATION IMMEDIATE 
  PCTFREE 10 PCTUSED 40 INITRANS 1 MAXTRANS 255 NOCOMPRESS LOGGING
  STORAGE(INITIAL 65536 NEXT 1048576 MINEXTENTS 1 MAXEXTENTS 2147483645
  PCTINCREASE 0 FREELISTS 1 FREELIST GROUPS 1 BUFFER_POOL DEFAULT FLASH_CACHE DEFAULT CELL_FLASH_CACHE DEFAULT)
  TABLESPACE "SYSTEM";

CREATE TABLE "SECURITY_FIELDS" 
   (	"ID" NUMBER(20,0) NOT NULL ENABLE, 
	"NAME" VARCHAR2(200), 
	"FLAG" NUMBER(10,0), 
	"APPLICATION" NUMBER(20,0), 
	"PARENTID" NUMBER(20,0), 
	 CONSTRAINT "SECURITY_FIELDS_ID_1" PRIMARY KEY ("ID")
  USING INDEX PCTFREE 10 INITRANS 2 MAXTRANS 255 COMPUTE STATISTICS 
  STORAGE(INITIAL 65536 NEXT 1048576 MINEXTENTS 1 MAXEXTENTS 2147483645
  PCTINCREASE 0 FREELISTS 1 FREELIST GROUPS 1 BUFFER_POOL DEFAULT FLASH_CACHE DEFAULT CELL_FLASH_CACHE DEFAULT)
  TABLESPACE "SYSTEM"  ENABLE
   ) SEGMENT CREATION IMMEDIATE 
  PCTFREE 10 PCTUSED 40 INITRANS 1 MAXTRANS 255 NOCOMPRESS LOGGING
  STORAGE(INITIAL 65536 NEXT 1048576 MINEXTENTS 1 MAXEXTENTS 2147483645
  PCTINCREASE 0 FREELISTS 1 FREELIST GROUPS 1 BUFFER_POOL DEFAULT FLASH_CACHE DEFAULT CELL_FLASH_CACHE DEFAULT)
  TABLESPACE "SYSTEM";

CREATE TABLE "SECURITY_IMEI" 
   (	"ID" NUMBER NOT NULL ENABLE, 
	"IMEI" VARCHAR2(16) NOT NULL ENABLE, 
	"USERS" NUMBER NOT NULL ENABLE
   ) SEGMENT CREATION IMMEDIATE 
  PCTFREE 10 PCTUSED 40 INITRANS 1 MAXTRANS 255 NOCOMPRESS LOGGING
  STORAGE(INITIAL 65536 NEXT 1048576 MINEXTENTS 1 MAXEXTENTS 2147483645
  PCTINCREASE 0 FREELISTS 1 FREELIST GROUPS 1 BUFFER_POOL DEFAULT FLASH_CACHE DEFAULT CELL_FLASH_CACHE DEFAULT)
  TABLESPACE "USERS";

CREATE TABLE "SECURITY_INFO" 
   (	"APP_NAME" VARCHAR2(128) NOT NULL ENABLE, 
	"PARENT_CONTROLL" VARCHAR2(128) NOT NULL ENABLE, 
	"CHILD_CONTROLL" VARCHAR2(128) NOT NULL ENABLE, 
	"PARAM" VARCHAR2(128) NOT NULL ENABLE, 
	"TITLE" VARCHAR2(50) NOT NULL ENABLE, 
	"STYPE" VARCHAR2(50) NOT NULL ENABLE, 
	"ILEVEL" NUMBER(3,0), 
	 PRIMARY KEY ("APP_NAME", "PARENT_CONTROLL", "CHILD_CONTROLL", "PARAM")
  USING INDEX PCTFREE 10 INITRANS 2 MAXTRANS 255 COMPUTE STATISTICS 
  STORAGE(INITIAL 131072 NEXT 1048576 MINEXTENTS 1 MAXEXTENTS 2147483645
  PCTINCREASE 0 FREELISTS 1 FREELIST GROUPS 1 BUFFER_POOL DEFAULT FLASH_CACHE DEFAULT CELL_FLASH_CACHE DEFAULT)
  TABLESPACE "LEHAA"  ENABLE
   ) SEGMENT CREATION IMMEDIATE 
  PCTFREE 10 PCTUSED 40 INITRANS 1 MAXTRANS 255 NOCOMPRESS LOGGING
  STORAGE(INITIAL 131072 NEXT 1048576 MINEXTENTS 1 MAXEXTENTS 2147483645
  PCTINCREASE 0 FREELISTS 1 FREELIST GROUPS 1 BUFFER_POOL DEFAULT FLASH_CACHE DEFAULT CELL_FLASH_CACHE DEFAULT)
  TABLESPACE "LEHAA";

CREATE TABLE "SECURITY_LEVELS" 
   (	"CODE" NUMBER(3,0) NOT NULL ENABLE, 
	"DESCRIPTION" VARCHAR2(30), 
	 PRIMARY KEY ("CODE")
  USING INDEX PCTFREE 10 INITRANS 2 MAXTRANS 255 COMPUTE STATISTICS 
  STORAGE(INITIAL 131072 NEXT 1048576 MINEXTENTS 1 MAXEXTENTS 2147483645
  PCTINCREASE 0 FREELISTS 1 FREELIST GROUPS 1 BUFFER_POOL DEFAULT FLASH_CACHE DEFAULT CELL_FLASH_CACHE DEFAULT)
  TABLESPACE "LEHAA"  ENABLE
   ) SEGMENT CREATION IMMEDIATE 
  PCTFREE 10 PCTUSED 40 INITRANS 1 MAXTRANS 255 NOCOMPRESS LOGGING
  STORAGE(INITIAL 131072 NEXT 1048576 MINEXTENTS 1 MAXEXTENTS 2147483645
  PCTINCREASE 0 FREELISTS 1 FREELIST GROUPS 1 BUFFER_POOL DEFAULT FLASH_CACHE DEFAULT CELL_FLASH_CACHE DEFAULT)
  TABLESPACE "LEHAA";

CREATE TABLE "SECURITY_PERMISSIONS" 
   (	"ID" NUMBER(20,0) NOT NULL ENABLE, 
	"PERMESSIONNAME" VARCHAR2(100), 
	"SELECTED" NUMBER(10,0), 
	"FIELDID" NUMBER(20,0), 
	"PERMISSIONDESCRIPTION" VARCHAR2(255), 
	 CONSTRAINT "SECURITY_PERMISSIONS_ID_1" PRIMARY KEY ("ID")
  USING INDEX PCTFREE 10 INITRANS 2 MAXTRANS 255 COMPUTE STATISTICS 
  STORAGE(INITIAL 65536 NEXT 1048576 MINEXTENTS 1 MAXEXTENTS 2147483645
  PCTINCREASE 0 FREELISTS 1 FREELIST GROUPS 1 BUFFER_POOL DEFAULT FLASH_CACHE DEFAULT CELL_FLASH_CACHE DEFAULT)
  TABLESPACE "SYSTEM"  ENABLE
   ) SEGMENT CREATION IMMEDIATE 
  PCTFREE 10 PCTUSED 40 INITRANS 1 MAXTRANS 255 NOCOMPRESS LOGGING
  STORAGE(INITIAL 65536 NEXT 1048576 MINEXTENTS 1 MAXEXTENTS 2147483645
  PCTINCREASE 0 FREELISTS 1 FREELIST GROUPS 1 BUFFER_POOL DEFAULT FLASH_CACHE DEFAULT CELL_FLASH_CACHE DEFAULT)
  TABLESPACE "SYSTEM";

CREATE TABLE "SECURITY_ROLES" 
   (	"ID" NUMBER(20,0) NOT NULL ENABLE, 
	"ROLENAME" VARCHAR2(255), 
	"APPLICATION" NUMBER(20,0), 
	"DEFAULTPAGE" VARCHAR2(255), 
	 CONSTRAINT "SECURITY_ROLES_ID_1" PRIMARY KEY ("ID")
  USING INDEX PCTFREE 10 INITRANS 2 MAXTRANS 255 COMPUTE STATISTICS 
  STORAGE(INITIAL 65536 NEXT 1048576 MINEXTENTS 1 MAXEXTENTS 2147483645
  PCTINCREASE 0 FREELISTS 1 FREELIST GROUPS 1 BUFFER_POOL DEFAULT FLASH_CACHE DEFAULT CELL_FLASH_CACHE DEFAULT)
  TABLESPACE "SYSTEM"  ENABLE
   ) SEGMENT CREATION IMMEDIATE 
  PCTFREE 10 PCTUSED 40 INITRANS 1 MAXTRANS 255 NOCOMPRESS LOGGING
  STORAGE(INITIAL 65536 NEXT 1048576 MINEXTENTS 1 MAXEXTENTS 2147483645
  PCTINCREASE 0 FREELISTS 1 FREELIST GROUPS 1 BUFFER_POOL DEFAULT FLASH_CACHE DEFAULT CELL_FLASH_CACHE DEFAULT)
  TABLESPACE "SYSTEM";

CREATE TABLE "SECURITY_ROLE_PERMISSIONS" 
   (	"ROLE" NUMBER(20,0) NOT NULL ENABLE, 
	"PERMISSION" NUMBER(20,0) NOT NULL ENABLE, 
	 CONSTRAINT "SECURITY_ROLE_PERMISSIONS_ROLE" PRIMARY KEY ("ROLE", "PERMISSION")
  USING INDEX PCTFREE 10 INITRANS 2 MAXTRANS 255 COMPUTE STATISTICS 
  STORAGE(INITIAL 65536 NEXT 1048576 MINEXTENTS 1 MAXEXTENTS 2147483645
  PCTINCREASE 0 FREELISTS 1 FREELIST GROUPS 1 BUFFER_POOL DEFAULT FLASH_CACHE DEFAULT CELL_FLASH_CACHE DEFAULT)
  TABLESPACE "SYSTEM"  ENABLE
   ) SEGMENT CREATION IMMEDIATE 
  PCTFREE 10 PCTUSED 40 INITRANS 1 MAXTRANS 255 NOCOMPRESS LOGGING
  STORAGE(INITIAL 65536 NEXT 1048576 MINEXTENTS 1 MAXEXTENTS 2147483645
  PCTINCREASE 0 FREELISTS 1 FREELIST GROUPS 1 BUFFER_POOL DEFAULT FLASH_CACHE DEFAULT CELL_FLASH_CACHE DEFAULT)
  TABLESPACE "SYSTEM";

CREATE TABLE "SECURITY_USERS" 
   (	"ID" NUMBER(20,0) NOT NULL ENABLE, 
	"USERNAME" VARCHAR2(255), 
	"PASSWORD" VARCHAR2(255), 
	"DEFAULTLOCALE" NUMBER(20,0), 
	"DEFAULTAPPLICATION" NUMBER(20,0), 
	"ISACTIVE" NUMBER(1,0), 
	"END_SERV" DATE, 
	"ISEMPLOYEE" NUMBER(1,0), 
	"STR_END_SERV" VARCHAR2(20), 
	 CONSTRAINT "SECURITY_USERS_ID_1" PRIMARY KEY ("ID")
  USING INDEX PCTFREE 10 INITRANS 2 MAXTRANS 255 COMPUTE STATISTICS 
  STORAGE(INITIAL 65536 NEXT 1048576 MINEXTENTS 1 MAXEXTENTS 2147483645
  PCTINCREASE 0 FREELISTS 1 FREELIST GROUPS 1 BUFFER_POOL DEFAULT FLASH_CACHE DEFAULT CELL_FLASH_CACHE DEFAULT)
  TABLESPACE "SYSTEM"  ENABLE
   ) SEGMENT CREATION IMMEDIATE 
  PCTFREE 10 PCTUSED 40 INITRANS 1 MAXTRANS 255 NOCOMPRESS LOGGING
  STORAGE(INITIAL 65536 NEXT 1048576 MINEXTENTS 1 MAXEXTENTS 2147483645
  PCTINCREASE 0 FREELISTS 1 FREELIST GROUPS 1 BUFFER_POOL DEFAULT FLASH_CACHE DEFAULT CELL_FLASH_CACHE DEFAULT)
  TABLESPACE "SYSTEM";

CREATE TABLE "SECURITY_USER_BRANCH" 
   (	"ID" NUMBER(20,0) NOT NULL ENABLE, 
	"USERPRIVILEGE" NUMBER(20,0), 
	"BRANCH" VARCHAR2(10) NOT NULL ENABLE
   ) SEGMENT CREATION IMMEDIATE 
  PCTFREE 10 PCTUSED 40 INITRANS 1 MAXTRANS 255 NOCOMPRESS LOGGING
  STORAGE(INITIAL 65536 NEXT 1048576 MINEXTENTS 1 MAXEXTENTS 2147483645
  PCTINCREASE 0 FREELISTS 1 FREELIST GROUPS 1 BUFFER_POOL DEFAULT FLASH_CACHE DEFAULT CELL_FLASH_CACHE DEFAULT)
  TABLESPACE "LEHAA";

CREATE TABLE "SECURITY_USER_PRIVILEGE" 
   (	"ID" NUMBER(20,0) NOT NULL ENABLE, 
	"USER_ID" NUMBER(20,0) NOT NULL ENABLE, 
	"ADD_BASIC" VARCHAR2(1) NOT NULL ENABLE, 
	"ADD_TRANS" VARCHAR2(1) NOT NULL ENABLE, 
	"UPDATE_BASIC" VARCHAR2(1) NOT NULL ENABLE, 
	"UPDATE_TRANS" VARCHAR2(1) NOT NULL ENABLE, 
	"DEL_BASIC" VARCHAR2(1) NOT NULL ENABLE, 
	"DEL_TRANS" VARCHAR2(1) NOT NULL ENABLE, 
	"EDIT_TRANS_NUMBER" VARCHAR2(1) DEFAULT 0, 
	"VIEW_MENU_SPECS" VARCHAR2(1) DEFAULT 0, 
	"EDIT_BRANCH" VARCHAR2(1) DEFAULT 0
   ) SEGMENT CREATION IMMEDIATE 
  PCTFREE 10 PCTUSED 40 INITRANS 1 MAXTRANS 255 NOCOMPRESS LOGGING
  STORAGE(INITIAL 65536 NEXT 1048576 MINEXTENTS 1 MAXEXTENTS 2147483645
  PCTINCREASE 0 FREELISTS 1 FREELIST GROUPS 1 BUFFER_POOL DEFAULT FLASH_CACHE DEFAULT CELL_FLASH_CACHE DEFAULT)
  TABLESPACE "LEHAA";

CREATE TABLE "SECURITY_USER_ROLES" 
   (	"USERS" NUMBER(20,0) NOT NULL ENABLE, 
	"ROLE" NUMBER(20,0) NOT NULL ENABLE
   ) SEGMENT CREATION IMMEDIATE 
  PCTFREE 10 PCTUSED 40 INITRANS 1 MAXTRANS 255 NOCOMPRESS LOGGING
  STORAGE(INITIAL 65536 NEXT 1048576 MINEXTENTS 1 MAXEXTENTS 2147483645
  PCTINCREASE 0 FREELISTS 1 FREELIST GROUPS 1 BUFFER_POOL DEFAULT FLASH_CACHE DEFAULT CELL_FLASH_CACHE DEFAULT)
  TABLESPACE "SYSTEM";
  
  
CREATE SEQUENCE ACCESS_LEVELS_SEQ
  START WITH 1
  MAXVALUE 999999999999999999999999999
  MINVALUE 1
  NOCYCLE
  CACHE 20
  NOORDER;


CREATE SEQUENCE ANNUAL_VAC_LIMIT_SEQ
  START WITH 1
  MAXVALUE 999999999999999999999999999
  MINVALUE 1
  NOCYCLE
  CACHE 20
  NOORDER;

CREATE SEQUENCE CLIENT_SEQ
  START WITH 1
  MAXVALUE 9999999999999999999999
  MINVALUE 1
  NOCYCLE
  CACHE 20
  NOORDER;

CREATE SEQUENCE COMMON_LAST_SEQ
  START WITH 1
  MAXVALUE 999999999999999999999999999
  MINVALUE 1
  NOCYCLE
  CACHE 20
  NOORDER;

CREATE SEQUENCE COMMON_TYPESDATA_SEQ
  START WITH 1
  MAXVALUE 999999999999999999999999999
  MINVALUE 1
  NOCYCLE
  CACHE 20
  NOORDER;

CREATE SEQUENCE COMMON_TYPES_SEQ
  START WITH 20
  MAXVALUE 999999999999999999999999999
  MINVALUE 1
  NOCYCLE
  CACHE 20
  NOORDER;

CREATE SEQUENCE EMP_REQTYPE_ACC_SEQ
  START WITH 2101
  MAXVALUE 999999999999999999999999999
  MINVALUE 1
  NOCYCLE
  CACHE 20
  NOORDER;

CREATE SEQUENCE EMP_REQ_APPROVAL_SEQ
  START WITH 1
  MAXVALUE 999999999999999999999999999
  MINVALUE 1
  NOCYCLE
  CACHE 20
  NOORDER;


CREATE SEQUENCE GROUP_ACC_SEQ
  START WITH 321
  MAXVALUE 999999999999999999999999999
  MINVALUE 1
  NOCYCLE
  CACHE 20
  NOORDER;


CREATE SEQUENCE IMEI_ID
  START WITH 1
  MAXVALUE 9999999999999999999999999999
  MINVALUE 1
  NOCYCLE
  CACHE 20
  NOORDER;

CREATE SEQUENCE LOGINUSERSREQUESTS_SEQ
  START WITH 1
  MAXVALUE 999999999999999999999999999
  MINVALUE 1
  NOCYCLE
  CACHE 20
  NOORDER;

CREATE SEQUENCE LOGIN_USERS_SEQ
  START WITH 1
  MAXVALUE 999999999999999999999999999
  MINVALUE 1
  NOCYCLE
  CACHE 20
  NOORDER;

CREATE SEQUENCE REQUESTS_SEQ
  START WITH 1
  MAXVALUE 999999999999999999999999999
  MINVALUE 1
  NOCYCLE
  CACHE 20
  NOORDER;

CREATE SEQUENCE REQUEST_TYPES_SEQ
  START WITH 1
  MAXVALUE 999999999999999999999999999
  MINVALUE 1
  NOCYCLE
  CACHE 20
  NOORDER;

CREATE SEQUENCE SECURITY_USER_BRANCH_SEQ
  START WITH 1
  MAXVALUE 9999999999999999999999999999
  MINVALUE 1
  NOCYCLE
  CACHE 20
  NOORDER;

CREATE SEQUENCE SECURITY_USER_PRIVILEGE_SEQ
  START WITH 1
  MAXVALUE 9999999999999999999999999999
  MINVALUE 1
  NOCYCLE
  CACHE 20
  NOORDER;

CREATE SEQUENCE SECURITY_USER_TRANSTYPE_SEQ
  START WITH 1
  MAXVALUE 9999999999999999999999999999
  MINVALUE 1
  NOCYCLE
  CACHE 20
  NOORDER;

CREATE SEQUENCE USER_ID
  START WITH 1
  MAXVALUE 9999999999999999999999999999
  MINVALUE 1
  NOCYCLE
  CACHE 20
  NOORDER;


CREATE OR REPLACE TRIGGER FOURS_PAYROLL.TRANSEMPBASIC BEFORE INSERT OR UPDATE ON FOURS_PAYROLL.EMPBASIC FOR EACH ROW
BEGIN IF INSERTING THEN INSERT INTO LOGIN_USERS (ID,EMPCODE,NAME,end_serv, email) VALUES (:NEW.EMPCODE,:NEW.EMPCODE,:NEW.EMPNAME,:NEW.end_serv,:NEW.email); insert into COMMON_EMPLOYEE (id,FIRSTNAME,LASTNAME,JOBTITLE,EMAIL,USERS,EMPCODE) VALUES (:NEW.EMPCODE,:NEW.EMPNAME,:NEW.EMPNAME,'general',:NEW.email,:NEW.EMPCODE,:NEW.EMPCODE); insert into SECURITY_USERS (id,USERNAME,PASSWORD,DEFAULTLOCALE,DEFAULTAPPLICATION,ISACTIVE,ISEMPLOYEE) VALUES (:NEW.EMPCODE,trim(leading 0 from :new.empcode),'123',1,12,1,1); insert into SECURITY_USER_ROLES (users,role) values (:NEW.EMPCODE,1); ELSE update LOGIN_USERS set name=:NEW.EMPNAME , end_serv=:new.end_serv , email=:new.email where EMPCODE=:old.EMPCODE; update COMMON_EMPLOYEE set FIRSTNAME=:NEW.EMPNAME,LASTNAME=:NEW.EMPNAME where EMPCODE=:old.EMPCODE; update security_users set end_serv=:new.end_serv where username=trim(leading 0 from :old.empcode); END IF; END;

INSERT INTO COMMON_CITY (ID,DESCRIPTION,CODE,ISDEFAULT,COUNTRY,ENGLISHDESCRIPTION,"SECTION",REGION) VALUES 
(432,'ناميبيا',NULL,NULL,207,NULL,NULL,NULL)
,(433,'نيبال',NULL,NULL,208,NULL,NULL,NULL)
,(434,'نيجيريا',NULL,NULL,209,NULL,NULL,NULL)
,(435,'نيو كاليدونيا',NULL,NULL,210,NULL,NULL,NULL)
,(436,'نيوزيلندا',NULL,NULL,211,NULL,NULL,NULL)
,(437,'نيكاراجوا',NULL,NULL,212,NULL,NULL,NULL)
,(438,'نواي',NULL,NULL,213,NULL,NULL,NULL)
,(439,'نورو',NULL,NULL,214,NULL,NULL,NULL)
,(440,'طاجيكستان',NULL,NULL,215,NULL,NULL,NULL)
,(441,'قبرص',NULL,NULL,216,NULL,NULL,NULL)
;
INSERT INTO COMMON_CITY (ID,DESCRIPTION,CODE,ISDEFAULT,COUNTRY,ENGLISHDESCRIPTION,"SECTION",REGION) VALUES 
(442,'قطر',NULL,NULL,217,NULL,NULL,NULL)
,(443,'كامبوديا',NULL,NULL,218,NULL,NULL,NULL)
,(444,'كازاخستان',NULL,NULL,219,NULL,NULL,NULL)
,(445,'كيرجيستان',NULL,NULL,220,NULL,NULL,NULL)
,(446,'كينيا',NULL,NULL,221,NULL,NULL,NULL)
,(447,'كرواتيا',NULL,NULL,222,NULL,NULL,NULL)
,(448,'كولومبيا',NULL,NULL,223,NULL,NULL,NULL)
,(449,'كوت ديفوار (ساحل العاج)',NULL,NULL,224,NULL,NULL,NULL)
,(450,'كوبا',NULL,NULL,225,NULL,NULL,NULL)
,(451,'كندا',NULL,NULL,226,NULL,NULL,NULL)
;
INSERT INTO COMMON_CITY (ID,DESCRIPTION,CODE,ISDEFAULT,COUNTRY,ENGLISHDESCRIPTION,"SECTION",REGION) VALUES 
(452,'كوريا',NULL,NULL,227,NULL,NULL,NULL)
,(453,'كوريا الشمالية',NULL,NULL,228,NULL,NULL,NULL)
,(454,'كوستاريكا',NULL,NULL,229,NULL,NULL,NULL)
,(455,'كنغو الديمقراطية الشعبية (زائير)',NULL,NULL,230,NULL,NULL,NULL)
,(456,'اثيوبيا',NULL,0,231,NULL,NULL,NULL)
,(457,'فرنسا',NULL,0,232,NULL,NULL,NULL)
,(458,'فينلندا',NULL,0,233,NULL,NULL,NULL)
,(459,'قرقيزستان',NULL,0,235,'قرقيزستان',NULL,NULL)
,(460,'Astrakhan',NULL,0,239,'Astrakhan',NULL,NULL)
,(461,'kosova',NULL,0,238,'kosova',NULL,NULL)
;
INSERT INTO COMMON_CITY (ID,DESCRIPTION,CODE,ISDEFAULT,COUNTRY,ENGLISHDESCRIPTION,"SECTION",REGION) VALUES 
(127,'الأرطاوية',NULL,0,1,'R','0',NULL)
,(128,'الاجفر',NULL,0,1,'R','0',NULL)
,(129,'البتراء',NULL,0,1,'R','0',NULL)
,(130,'البجادية',NULL,0,1,'R','0',NULL)
,(131,'البرك',NULL,0,1,'R','0',NULL)
,(132,'البشائر',NULL,0,1,'R','0',NULL)
,(133,'التسرير',NULL,0,1,'R','0',NULL)
,(134,'الثقـــــــبة',NULL,0,1,'R','0',NULL)
,(135,'الحائط',NULL,0,1,'R','0',NULL)
,(136,'الحاير',NULL,0,1,'R','0',NULL)
;
INSERT INTO COMMON_CITY (ID,DESCRIPTION,CODE,ISDEFAULT,COUNTRY,ENGLISHDESCRIPTION,"SECTION",REGION) VALUES 
(137,'الحبيل',NULL,0,1,'R','0',NULL)
,(138,'الحرجه',NULL,0,1,'R','0',NULL)
,(139,'الرفايع بالجمش',NULL,0,1,'R','0',NULL)
,(140,'الخرسانية',NULL,0,1,'R','0',NULL)
,(141,'الخماسين',NULL,0,1,'R','0',NULL)
,(142,'الدلم',NULL,0,1,'R','0',NULL)
,(143,'الدليمية',NULL,0,1,'R','0',NULL)
,(144,'الروضة',NULL,0,1,'R','0',NULL)
,(145,'الســـفانية',NULL,0,1,'R','0',NULL)
,(146,'السليمي',NULL,0,1,'R','0',NULL)
;
INSERT INTO COMMON_CITY (ID,DESCRIPTION,CODE,ISDEFAULT,COUNTRY,ENGLISHDESCRIPTION,"SECTION",REGION) VALUES 
(147,'السويريقيه',NULL,0,1,'R','0',NULL)
,(148,'الشملي',NULL,0,1,'R','0',NULL)
,(149,'الصحنة',NULL,0,1,'R','0',NULL)
,(150,'الصفيا',NULL,0,1,'R','0',NULL)
,(151,'الظهــــران',NULL,0,1,'R','0',NULL)
,(152,'العريسه',NULL,0,1,'R','0',NULL)
,(153,'العمار',NULL,0,1,'R','0',NULL)
,(154,'العين',NULL,0,1,'R','0',NULL)
,(155,'العيينة',NULL,0,1,'R','0',NULL)
,(156,'الغويلا',NULL,0,1,'R','0',NULL)
;
INSERT INTO COMMON_CITY (ID,DESCRIPTION,CODE,ISDEFAULT,COUNTRY,ENGLISHDESCRIPTION,"SECTION",REGION) VALUES 
(157,'الفرشه',NULL,0,1,'R','0',NULL)
,(158,'الفرعــــــــاء',NULL,0,1,'R','0',NULL)
,(159,'الفواره',NULL,0,1,'R','0',NULL)
,(160,'الفويلق',NULL,0,1,'R','0',NULL)
,(161,'القاعد',NULL,0,1,'R','0',NULL)
,(162,'القرين',NULL,0,1,'R','0',NULL)
,(163,'القواره',NULL,0,1,'R','0',NULL)
,(164,'القوز',NULL,0,1,'R','0',NULL)
,(165,'المظيلف',NULL,0,1,'R','0',NULL)
,(166,'المليدا',NULL,0,1,'R','0',NULL)
;
INSERT INTO COMMON_CITY (ID,DESCRIPTION,CODE,ISDEFAULT,COUNTRY,ENGLISHDESCRIPTION,"SECTION",REGION) VALUES 
(167,'النويعمة',NULL,0,1,'R','0',NULL)
,(168,'الهفـوف',NULL,0,1,'R','0',NULL)
,(169,'الهياثم',NULL,0,1,'R','0',NULL)
,(170,'الواديين',NULL,0,1,'R','0',NULL)
,(171,'الودى',NULL,0,1,'R','0',NULL)
,(172,'بارق',NULL,0,1,'R','0',NULL)
,(173,'باللسمر',NULL,0,1,'R','0',NULL)
,(174,'بللحمر',NULL,0,1,'R','0',NULL)
,(175,'تــــــاروت',NULL,0,1,'R','0',NULL)
,(176,'تمير',NULL,0,1,'R','0',NULL)
;
INSERT INTO COMMON_CITY (ID,DESCRIPTION,CODE,ISDEFAULT,COUNTRY,ENGLISHDESCRIPTION,"SECTION",REGION) VALUES 
(177,'تندحه',NULL,0,1,'R','0',NULL)
,(178,'تنومه',NULL,0,1,'R','0',NULL)
,(179,'ثايبة',NULL,0,1,'R','0',NULL)
,(180,'ثرب',NULL,0,1,'R','0',NULL)
,(181,'ثريبان',NULL,0,1,'R','0',NULL)
,(182,'ثلوث المنظر',NULL,0,1,'R','0',NULL)
,(183,'جبة',NULL,0,1,'R','0',NULL)
,(184,'حـــــرض',NULL,0,1,'R','0',NULL)
,(185,'حلباء',NULL,0,1,'R','0',NULL)
,(186,'حلبان',NULL,0,1,'R','0',NULL)
;
INSERT INTO COMMON_CITY (ID,DESCRIPTION,CODE,ISDEFAULT,COUNTRY,ENGLISHDESCRIPTION,"SECTION",REGION) VALUES 
(187,'حوطة سدير',NULL,0,1,'R','0',NULL)
,(188,'خميس البحر',NULL,0,1,'R','0',NULL)
,(189,'خيبر الجنوب',NULL,0,1,'R','0',NULL)
,(190,'دخنة',NULL,0,1,'R','0',NULL)
,(191,'رحيمــــــة',NULL,0,1,'R','0',NULL)
,(192,'رويضة العرض',NULL,0,1,'R','0',NULL)
,(193,'ساجر',NULL,0,1,'R','0',NULL)
,(194,'سبت العلايا',NULL,0,1,'R','0',NULL)
,(195,'ســــيهات',NULL,0,1,'R','0',NULL)
,(196,'سميراء',NULL,0,1,'R','0',NULL)
;
INSERT INTO COMMON_CITY (ID,DESCRIPTION,CODE,ISDEFAULT,COUNTRY,ENGLISHDESCRIPTION,"SECTION",REGION) VALUES 
(197,'شبت شهران',NULL,0,1,'R','0',NULL)
,(198,'شري',NULL,0,1,'R','0',NULL)
,(199,'صـــــفوى',NULL,0,1,'R','0',NULL)
,(200,'ضرية',NULL,0,1,'R','0',NULL)
,(201,'ضليع رشيد',NULL,0,1,'R','0',NULL)
,(202,'طابه',NULL,0,1,'R','0',NULL)
,(203,'طحي',NULL,0,1,'R','0',NULL)
,(204,'طريب',NULL,0,1,'R','0',NULL)
,(205,'طريق  الرياض',NULL,0,1,'R','0',NULL)
,(206,'طريق أبوحدرية',NULL,0,1,'R','0',NULL)
;
INSERT INTO COMMON_CITY (ID,DESCRIPTION,CODE,ISDEFAULT,COUNTRY,ENGLISHDESCRIPTION,"SECTION",REGION) VALUES 
(207,'عقلة الصقور',NULL,0,1,'R','0',NULL)
,(208,'عمائر بن صنعاء',NULL,0,1,'R','0',NULL)
,(209,'مربه',NULL,0,1,'R','0',NULL)
,(210,'مركز الرفيعة',NULL,0,1,'R','0',NULL)
,(211,'موقق',NULL,0,1,'R','0',NULL)
,(212,'وادي بن هشبل',NULL,0,1,'R','0',NULL)
,(213,'ينبع النخيل',NULL,0,1,'R','0',NULL)
,(214,'قبة',NULL,0,1,'R','0',NULL)
,(215,'خميس مطير',NULL,0,1,'R','0',NULL)
,(216,'ترقش',NULL,0,1,'R','0',NULL)
;
INSERT INTO COMMON_CITY (ID,DESCRIPTION,CODE,ISDEFAULT,COUNTRY,ENGLISHDESCRIPTION,"SECTION",REGION) VALUES 
(230,'المنيا',NULL,0,2,NULL,NULL,NULL)
,(233,'ألمانيا',NULL,NULL,3,NULL,NULL,NULL)
,(234,'ألبانيا',NULL,NULL,4,NULL,NULL,NULL)
,(235,'أمريكيا ساموا',NULL,NULL,5,NULL,NULL,NULL)
,(236,'مالاوي',NULL,NULL,6,NULL,NULL,NULL)
,(237,'مالي',NULL,NULL,7,NULL,NULL,NULL)
,(238,'ماليزيا',NULL,NULL,8,NULL,NULL,NULL)
,(1,'الرياض',NULL,1,1,'Riyadh','1','1')
,(2,'جدة',NULL,0,1,'Jeddah','22','2')
,(3,'مكة المكرمة',NULL,0,1,'R','3',NULL)
;
INSERT INTO COMMON_CITY (ID,DESCRIPTION,CODE,ISDEFAULT,COUNTRY,ENGLISHDESCRIPTION,"SECTION",REGION) VALUES 
(4,'المدينة المنورة',NULL,0,1,'R','4',NULL)
,(5,'القاهرة',NULL,0,2,NULL,NULL,NULL)
,(6,'الإسكندرية',NULL,0,2,NULL,NULL,NULL)
,(7,'الجيزة',NULL,0,2,NULL,NULL,NULL)
,(8,'الدرعية',NULL,0,1,'R',NULL,NULL)
,(9,'الخرج',NULL,0,1,'R',NULL,NULL)
,(10,'الدوادمي',NULL,0,1,'R',NULL,NULL)
,(11,'المجمعة',NULL,0,1,'R',NULL,NULL)
,(12,'القويعية',NULL,0,1,'R',NULL,NULL)
,(13,'وادي الدواسر',NULL,0,1,'R',NULL,NULL)
;
INSERT INTO COMMON_CITY (ID,DESCRIPTION,CODE,ISDEFAULT,COUNTRY,ENGLISHDESCRIPTION,"SECTION",REGION) VALUES 
(14,'الأفلاج',NULL,0,1,'R',NULL,NULL)
,(15,'الزلفي',NULL,0,1,'R',NULL,NULL)
,(16,'شقراء',NULL,0,1,'R',NULL,NULL)
,(17,'حوطة بني تميم',NULL,0,1,'R',NULL,NULL)
,(18,'عفيف',NULL,0,1,'R',NULL,NULL)
,(19,'السليل',NULL,0,1,'R',NULL,NULL)
,(20,'ضرما',NULL,0,1,'R',NULL,NULL)
,(21,'المزاحمية',NULL,0,1,'R',NULL,NULL)
,(22,'رماح',NULL,0,1,'R',NULL,NULL)
,(23,'ثادق',NULL,0,1,'R',NULL,NULL)
;
INSERT INTO COMMON_CITY (ID,DESCRIPTION,CODE,ISDEFAULT,COUNTRY,ENGLISHDESCRIPTION,"SECTION",REGION) VALUES 
(24,'حريملاء',NULL,0,1,'R',NULL,NULL)
,(25,'الحريق',NULL,0,1,'R',NULL,NULL)
,(26,'الغاط',NULL,0,1,'R',NULL,NULL)
,(27,'الطائف',NULL,0,1,'R','8',NULL)
,(28,'القنفذة',NULL,0,1,'R',NULL,NULL)
,(29,'الليث',NULL,0,1,'R',NULL,NULL)
,(30,'رابغ',NULL,0,1,'R',NULL,NULL)
,(31,'الجموم',NULL,0,1,'R',NULL,NULL)
,(32,'خليص',NULL,0,1,'R',NULL,NULL)
,(33,'الكامل',NULL,0,1,'R',NULL,NULL)
;
INSERT INTO COMMON_CITY (ID,DESCRIPTION,CODE,ISDEFAULT,COUNTRY,ENGLISHDESCRIPTION,"SECTION",REGION) VALUES 
(34,'الخرمة',NULL,0,1,'R',NULL,NULL)
,(35,'رنية',NULL,0,1,'R',NULL,NULL)
,(36,'تربة',NULL,0,1,'R',NULL,NULL)
,(37,'ينبع',NULL,0,1,'R',NULL,NULL)
,(38,'العلا',NULL,0,1,'R',NULL,NULL)
,(39,'المهد',NULL,0,1,'R',NULL,NULL)
,(40,'بدر',NULL,0,1,'R',NULL,NULL)
,(41,'خيبر',NULL,0,1,'R',NULL,NULL)
,(42,'الحاكية',NULL,0,1,'R',NULL,NULL)
,(43,'بريدة',NULL,0,1,'R',NULL,NULL)
;
INSERT INTO COMMON_CITY (ID,DESCRIPTION,CODE,ISDEFAULT,COUNTRY,ENGLISHDESCRIPTION,"SECTION",REGION) VALUES 
(44,'عنيزة',NULL,0,1,'R',NULL,NULL)
,(45,'الرس',NULL,0,1,'R',NULL,NULL)
,(46,'المذنب',NULL,0,1,'R',NULL,NULL)
,(47,'البكيرية',NULL,0,1,'R',NULL,NULL)
,(48,'البدائع',NULL,0,1,'R',NULL,NULL)
,(49,'الأسياح',NULL,0,1,'R',NULL,NULL)
,(50,'النبهانية',NULL,0,1,'R',NULL,NULL)
,(51,'عيون الجواء',NULL,0,1,'R',NULL,NULL)
,(52,'رياض الخبراء',NULL,0,1,'R',NULL,NULL)
,(53,'الشماسية',NULL,0,1,'R',NULL,NULL)
;
INSERT INTO COMMON_CITY (ID,DESCRIPTION,CODE,ISDEFAULT,COUNTRY,ENGLISHDESCRIPTION,"SECTION",REGION) VALUES 
(54,'الدمام',NULL,0,1,'R','25','3')
,(55,'الإحساء',NULL,0,1,'R','15',NULL)
,(56,'حفر الباطن',NULL,0,1,'R','14',NULL)
,(57,'الجبيل',NULL,0,1,'R',NULL,NULL)
,(58,'القطيف',NULL,0,1,'R','23',NULL)
,(59,'الخبر',NULL,0,1,'Khobar','23','3')
,(60,'الخفجي',NULL,0,1,'R','24',NULL)
,(61,'رأس تنورة',NULL,0,1,'R',NULL,NULL)
,(62,'أبقيق',NULL,0,1,'R',NULL,NULL)
,(63,'النعيرية',NULL,0,1,'R',NULL,NULL)
;
INSERT INTO COMMON_CITY (ID,DESCRIPTION,CODE,ISDEFAULT,COUNTRY,ENGLISHDESCRIPTION,"SECTION",REGION) VALUES 
(64,'قرية العليا',NULL,0,1,'R',NULL,NULL)
,(65,'أبها',NULL,0,1,'Abha','6',NULL)
,(239,'مالطا',NULL,NULL,9,NULL,NULL,NULL)
,(240,'لاتفيا',NULL,NULL,10,NULL,NULL,NULL)
,(241,'مايوتي',NULL,NULL,11,NULL,NULL,NULL)
,(242,'لاوا',NULL,NULL,12,NULL,NULL,NULL)
,(243,'ماكاو',NULL,NULL,13,NULL,NULL,NULL)
,(244,'ماكرونيزيا',NULL,NULL,14,NULL,NULL,NULL)
,(245,'أذربيجان',NULL,NULL,15,NULL,NULL,NULL)
,(246,'لبنان',NULL,NULL,16,NULL,NULL,NULL)
;
INSERT INTO COMMON_CITY (ID,DESCRIPTION,CODE,ISDEFAULT,COUNTRY,ENGLISHDESCRIPTION,"SECTION",REGION) VALUES 
(247,'ميانمار',NULL,NULL,17,NULL,NULL,NULL)
,(248,'ليبيا',NULL,NULL,18,NULL,NULL,NULL)
,(249,'ليبريا',NULL,NULL,19,NULL,NULL,NULL)
,(250,'ليتوانيا',NULL,NULL,20,NULL,NULL,NULL)
,(251,'أيرلندا',NULL,NULL,21,NULL,NULL,NULL)
,(252,'أيسلندا',NULL,NULL,22,NULL,NULL,NULL)
,(253,'مدغشقر',NULL,NULL,23,NULL,NULL,NULL)
,(254,'أرمينيا',NULL,NULL,24,NULL,NULL,NULL)
,(255,'أسبانيا',NULL,NULL,25,NULL,NULL,NULL)
,(256,'أستراليا',NULL,NULL,26,NULL,NULL,NULL)
;
INSERT INTO COMMON_CITY (ID,DESCRIPTION,CODE,ISDEFAULT,COUNTRY,ENGLISHDESCRIPTION,"SECTION",REGION) VALUES 
(257,'أفغانستان',NULL,NULL,27,NULL,NULL,NULL)
,(258,'مولديفا',NULL,NULL,28,NULL,NULL,NULL)
,(259,'أوذبكستان',NULL,NULL,29,NULL,NULL,NULL)
,(260,'أنتجوا وبربودا',NULL,NULL,30,NULL,NULL,NULL)
,(261,'أنجيلا',NULL,NULL,31,NULL,NULL,NULL)
,(262,'أنجولا',NULL,NULL,32,NULL,NULL,NULL)
,(263,'أندورا',NULL,NULL,33,NULL,NULL,NULL)
,(264,'موريتانيا',NULL,NULL,34,NULL,NULL,NULL)
,(265,'موريشيوس',NULL,NULL,35,NULL,NULL,NULL)
,(266,'أوروجواي',NULL,NULL,36,NULL,NULL,NULL)
;
INSERT INTO COMMON_CITY (ID,DESCRIPTION,CODE,ISDEFAULT,COUNTRY,ENGLISHDESCRIPTION,"SECTION",REGION) VALUES 
(267,'موزمبيق',NULL,NULL,37,NULL,NULL,NULL)
,(268,'لوسوتو',NULL,NULL,38,NULL,NULL,NULL)
,(269,'منغوليا',NULL,NULL,39,NULL,NULL,NULL)
,(270,'أوغندا',NULL,NULL,40,NULL,NULL,NULL)
,(271,'موناكو',NULL,NULL,41,NULL,NULL,NULL)
,(272,'مونتسيرات',NULL,NULL,42,NULL,NULL,NULL)
,(273,'اوكرانيا',NULL,NULL,43,NULL,NULL,NULL)
,(274,'لوكسمبورج',NULL,NULL,44,NULL,NULL,NULL)
,(275,'مقدونيا',NULL,NULL,45,NULL,NULL,NULL)
,(276,'لكتنستين',NULL,NULL,46,NULL,NULL,NULL)
;
INSERT INTO COMMON_CITY (ID,DESCRIPTION,CODE,ISDEFAULT,COUNTRY,ENGLISHDESCRIPTION,"SECTION",REGION) VALUES 
(277,'المملكة المتحدة',NULL,NULL,47,NULL,NULL,NULL)
,(278,'المجر',NULL,NULL,48,NULL,NULL,NULL)
,(279,'الأرجينتين',NULL,NULL,49,NULL,NULL,NULL)
,(280,'الأردن',NULL,NULL,50,NULL,NULL,NULL)
,(281,'المغرب',NULL,NULL,51,NULL,NULL,NULL)
,(282,'المنطقة القطبية',NULL,NULL,52,NULL,NULL,NULL)
,(283,'الأقاليم الفرنسية الجنوبية',NULL,NULL,53,NULL,NULL,NULL)
,(284,'المكسيك',NULL,NULL,54,NULL,NULL,NULL)
,(285,'البحرين',NULL,NULL,55,NULL,NULL,NULL)
,(286,'البرازيل',NULL,NULL,56,NULL,NULL,NULL)
;
INSERT INTO COMMON_CITY (ID,DESCRIPTION,CODE,ISDEFAULT,COUNTRY,ENGLISHDESCRIPTION,"SECTION",REGION) VALUES 
(287,'البرتغال',NULL,NULL,57,NULL,NULL,NULL)
,(288,'البوسنة والهرسك',NULL,NULL,58,NULL,NULL,NULL)
,(289,'اليمن',NULL,NULL,59,NULL,NULL,NULL)
,(290,'اليابان',NULL,NULL,60,NULL,NULL,NULL)
,(291,'الجابون',NULL,NULL,61,NULL,NULL,NULL)
,(292,'الدانمارك',NULL,NULL,62,NULL,NULL,NULL)
,(293,'الجزائر',NULL,NULL,63,NULL,NULL,NULL)
,(294,'الدومينيكان',NULL,NULL,64,NULL,NULL,NULL)
,(295,'الدومينيكان الشعبية',NULL,NULL,65,NULL,NULL,NULL)
,(296,'اليونان',NULL,NULL,66,NULL,NULL,NULL)
;
INSERT INTO COMMON_CITY (ID,DESCRIPTION,CODE,ISDEFAULT,COUNTRY,ENGLISHDESCRIPTION,"SECTION",REGION) VALUES 
(297,'السلفادور',NULL,NULL,67,NULL,NULL,NULL)
,(298,'الصين',NULL,NULL,68,NULL,NULL,NULL)
,(299,'الصومال',NULL,NULL,69,NULL,NULL,NULL)
,(300,'السودان',NULL,NULL,70,NULL,NULL,NULL)
,(301,'السويد',NULL,NULL,71,NULL,NULL,NULL)
,(302,'السنغال',NULL,NULL,72,NULL,NULL,NULL)
,(303,'العراق',NULL,NULL,73,NULL,NULL,NULL)
,(66,'خميس مشيط',NULL,0,1,'R',NULL,NULL)
,(67,'بيشة',NULL,0,1,'R','18',NULL)
,(68,'النماص',NULL,0,1,'R',NULL,NULL)
;
INSERT INTO COMMON_CITY (ID,DESCRIPTION,CODE,ISDEFAULT,COUNTRY,ENGLISHDESCRIPTION,"SECTION",REGION) VALUES 
(69,'محايل',NULL,0,1,'R',NULL,NULL)
,(70,'سراة عبيدة',NULL,0,1,'R',NULL,NULL)
,(71,'تثليث',NULL,0,1,'R',NULL,NULL)
,(72,'رجال المع',NULL,0,1,'R',NULL,NULL)
,(73,'أحد رفيدة',NULL,0,1,'R',NULL,NULL)
,(74,'ظهران الجنوب',NULL,0,1,'R',NULL,NULL)
,(75,'بالقرن',NULL,0,1,'R',NULL,NULL)
,(76,'المجاردة',NULL,0,1,'R',NULL,NULL)
,(77,'تبوك',NULL,0,1,'R','17',NULL)
,(78,'الوجه',NULL,0,1,'R','26',NULL)
;
INSERT INTO COMMON_CITY (ID,DESCRIPTION,CODE,ISDEFAULT,COUNTRY,ENGLISHDESCRIPTION,"SECTION",REGION) VALUES 
(79,'ضباء',NULL,0,1,'R',NULL,NULL)
,(80,'تيماء',NULL,0,1,'R',NULL,NULL)
,(81,'أملج',NULL,0,1,'R',NULL,NULL)
,(82,'حقل',NULL,0,1,'R',NULL,NULL)
,(83,'حائل',NULL,0,1,'R','10',NULL)
,(84,'بقعاء',NULL,0,1,'R',NULL,NULL)
,(85,'الغزالة',NULL,0,1,'R',NULL,NULL)
,(86,'الشنان',NULL,0,1,'R',NULL,NULL)
,(87,'عرعر',NULL,0,1,'R','16',NULL)
,(88,'رفحاء',NULL,0,1,'R',NULL,NULL)
;
INSERT INTO COMMON_CITY (ID,DESCRIPTION,CODE,ISDEFAULT,COUNTRY,ENGLISHDESCRIPTION,"SECTION",REGION) VALUES 
(89,'طريف',NULL,0,1,'R',NULL,NULL)
,(90,'جازان',NULL,0,1,'R','11',NULL)
,(91,'صبياء',NULL,0,1,'R',NULL,NULL)
,(92,'أبو عريش',NULL,0,1,'R',NULL,NULL)
,(93,'صامطة',NULL,0,1,'R',NULL,NULL)
,(94,'الحرث',NULL,0,1,'R',NULL,NULL)
,(95,'ضمد',NULL,0,1,'R',NULL,NULL)
,(96,'الريث',NULL,0,1,'R',NULL,NULL)
,(97,'بيش',NULL,0,1,'R',NULL,NULL)
,(98,'فرسان',NULL,0,1,'R',NULL,NULL)
;
INSERT INTO COMMON_CITY (ID,DESCRIPTION,CODE,ISDEFAULT,COUNTRY,ENGLISHDESCRIPTION,"SECTION",REGION) VALUES 
(99,'الدائر',NULL,0,1,'R',NULL,NULL)
,(100,'أحد المساحة',NULL,0,1,'R',NULL,NULL)
,(101,'العيدابي',NULL,0,1,'R',NULL,NULL)
,(102,'العارضة',NULL,0,1,'R',NULL,NULL)
,(103,'القياس',NULL,0,1,'R',NULL,NULL)
,(104,'نجران',NULL,0,1,'R','12',NULL)
,(105,'شرورة',NULL,0,1,'R',NULL,NULL)
,(106,'حبونا',NULL,0,1,'R',NULL,NULL)
,(107,'بدر الجنوب',NULL,0,1,'R',NULL,NULL)
,(108,'يدمة',NULL,0,1,'R',NULL,NULL)
;
INSERT INTO COMMON_CITY (ID,DESCRIPTION,CODE,ISDEFAULT,COUNTRY,ENGLISHDESCRIPTION,"SECTION",REGION) VALUES 
(109,'ثار',NULL,0,1,'R',NULL,NULL)
,(110,'الباحة',NULL,0,1,'R','13',NULL)
,(111,'المندق',NULL,0,1,'R',NULL,NULL)
,(112,'المخواة',NULL,0,1,'R',NULL,NULL)
,(113,'العقيق',NULL,0,1,'R',NULL,NULL)
,(114,'قلوة',NULL,0,1,'R',NULL,NULL)
,(115,'القرى',NULL,0,1,'R',NULL,NULL)
,(116,'سكاكا',NULL,0,1,'R',NULL,NULL)
,(117,'القريات',NULL,0,1,'R','20',NULL)
,(118,'دومة الجندل',NULL,0,1,'R',NULL,NULL)
;
INSERT INTO COMMON_CITY (ID,DESCRIPTION,CODE,ISDEFAULT,COUNTRY,ENGLISHDESCRIPTION,"SECTION",REGION) VALUES 
(119,'الشرقية',NULL,0,1,'R',NULL,NULL)
,(120,'القصيم',NULL,0,1,'R','9',NULL)
,(121,'الجوف',NULL,0,1,'R','7',NULL)
,(122,'أبو ضباع',NULL,0,1,'R','0',NULL)
,(123,'أضم',NULL,0,1,'R','0',NULL)
,(124,'أوثال',NULL,0,1,'R','0',NULL)
,(125,'ابا السعود',NULL,0,1,'R','0',NULL)
,(126,'ارطاوية المجمعه',NULL,0,1,'R','0',NULL)
,(304,'الفلبين',NULL,NULL,74,NULL,NULL,NULL)
,(305,'الفاتيكان  البحر المقدس',NULL,NULL,75,NULL,NULL,NULL)
;
INSERT INTO COMMON_CITY (ID,DESCRIPTION,CODE,ISDEFAULT,COUNTRY,ENGLISHDESCRIPTION,"SECTION",REGION) VALUES 
(313,'الكويت',NULL,NULL,83,NULL,NULL,NULL)
,(306,'الإمارات العربية المتحدة',NULL,NULL,76,NULL,NULL,NULL)
,(307,'الهند',NULL,NULL,77,NULL,NULL,NULL)
,(308,'الولايات المتحدة الأمريكية',NULL,NULL,78,NULL,NULL,NULL)
,(309,'النمسا',NULL,NULL,79,NULL,NULL,NULL)
,(310,'النيجر',NULL,NULL,80,NULL,NULL,NULL)
,(311,'النرويج',NULL,NULL,81,NULL,NULL,NULL)
,(312,'الكاميرون',NULL,NULL,82,NULL,NULL,NULL)
,(314,'الكونغو',NULL,NULL,84,NULL,NULL,NULL)
,(315,'استونيا',NULL,NULL,85,NULL,NULL,NULL)
;
INSERT INTO COMMON_CITY (ID,DESCRIPTION,CODE,ISDEFAULT,COUNTRY,ENGLISHDESCRIPTION,"SECTION",REGION) VALUES 
(316,'بلجيكا',NULL,NULL,86,NULL,NULL,NULL)
,(317,'بلغاريا',NULL,NULL,87,NULL,NULL,NULL)
,(318,'بابوا-نيو غينيا',NULL,NULL,88,NULL,NULL,NULL)
,(319,'تايلاند',NULL,NULL,89,NULL,NULL,NULL)
,(320,'تايوان',NULL,NULL,90,NULL,NULL,NULL)
,(321,'باراجواي',NULL,NULL,91,NULL,NULL,NULL)
,(322,'باكستان',NULL,NULL,92,NULL,NULL,NULL)
,(323,'بيلاروس',NULL,NULL,93,NULL,NULL,NULL)
,(324,'بيليز',NULL,NULL,94,NULL,NULL,NULL)
,(325,'تيمور الشرقية',NULL,NULL,95,NULL,NULL,NULL)
;
INSERT INTO COMMON_CITY (ID,DESCRIPTION,CODE,ISDEFAULT,COUNTRY,ENGLISHDESCRIPTION,"SECTION",REGION) VALUES 
(326,'بيرو',NULL,NULL,96,NULL,NULL,NULL)
,(327,'بينين',NULL,NULL,97,NULL,NULL,NULL)
,(328,'برمودا',NULL,NULL,98,NULL,NULL,NULL)
,(329,'ترينيداد وتوباجو',NULL,NULL,99,NULL,NULL,NULL)
,(330,'بروناي',NULL,NULL,100,NULL,NULL,NULL)
,(331,'تركمنستان',NULL,NULL,101,NULL,NULL,NULL)
,(332,'تركيا',NULL,NULL,102,NULL,NULL,NULL)
,(333,'تشاد',NULL,NULL,103,NULL,NULL,NULL)
,(334,'بنما',NULL,NULL,104,NULL,NULL,NULL)
,(335,'بوليفيا',NULL,NULL,105,NULL,NULL,NULL)
;
INSERT INTO COMMON_CITY (ID,DESCRIPTION,CODE,ISDEFAULT,COUNTRY,ENGLISHDESCRIPTION,"SECTION",REGION) VALUES 
(336,'بولندا',NULL,NULL,106,NULL,NULL,NULL)
,(337,'بولنيسيا الفرنسية',NULL,NULL,107,NULL,NULL,NULL)
,(338,'بوتان',NULL,NULL,108,NULL,NULL,NULL)
,(339,'بوتسوانا',NULL,NULL,109,NULL,NULL,NULL)
,(340,'بنجلاديش',NULL,NULL,110,NULL,NULL,NULL)
,(341,'توجو',NULL,NULL,111,NULL,NULL,NULL)
,(342,'بورت ريكو',NULL,NULL,112,NULL,NULL,NULL)
,(343,'بورندي',NULL,NULL,113,NULL,NULL,NULL)
,(344,'بوركينافاسو',NULL,NULL,114,NULL,NULL,NULL)
,(345,'تنزانيا',NULL,NULL,115,NULL,NULL,NULL)
;
INSERT INTO COMMON_CITY (ID,DESCRIPTION,CODE,ISDEFAULT,COUNTRY,ENGLISHDESCRIPTION,"SECTION",REGION) VALUES 
(346,'تونجا',NULL,NULL,116,NULL,NULL,NULL)
,(347,'تونس',NULL,NULL,117,NULL,NULL,NULL)
,(348,'توكلاوا',NULL,NULL,118,NULL,NULL,NULL)
,(349,'جمهورية أفريقيا الوسطى',NULL,NULL,119,NULL,NULL,NULL)
,(350,'جمهوريه التشيك',NULL,NULL,120,NULL,NULL,NULL)
,(351,'جمهورية سلوفاكيا',NULL,NULL,121,NULL,NULL,NULL)
,(352,'جامبيا',NULL,NULL,122,NULL,NULL,NULL)
,(353,'جاميكا',NULL,NULL,123,NULL,NULL,NULL)
,(354,'جبل طارق',NULL,NULL,124,NULL,NULL,NULL)
,(355,'جيبوتي',NULL,NULL,125,NULL,NULL,NULL)
;
INSERT INTO COMMON_CITY (ID,DESCRIPTION,CODE,ISDEFAULT,COUNTRY,ENGLISHDESCRIPTION,"SECTION",REGION) VALUES 
(356,'جري نادا',NULL,NULL,126,NULL,NULL,NULL)
,(357,'جرينلاند',NULL,NULL,127,NULL,NULL,NULL)
,(358,'جزيرة آروبا',NULL,NULL,128,NULL,NULL,NULL)
,(359,'جزيرة النورفولك',NULL,NULL,129,NULL,NULL,NULL)
,(360,'جزيرة الكريسماس',NULL,NULL,130,NULL,NULL,NULL)
,(361,'جزيرة بوفيه',NULL,NULL,133,NULL,NULL,NULL)
,(362,'جزر ماريانا الشمالية',NULL,NULL,137,NULL,NULL,NULL)
,(363,'جزر المالديف',NULL,NULL,138,NULL,NULL,NULL)
,(364,'جزر المارتينيك',NULL,NULL,139,NULL,NULL,NULL)
,(365,'جزر المارشال',NULL,NULL,140,NULL,NULL,NULL)
;
INSERT INTO COMMON_CITY (ID,DESCRIPTION,CODE,ISDEFAULT,COUNTRY,ENGLISHDESCRIPTION,"SECTION",REGION) VALUES 
(366,'جزر الأنتيل الهولندية',NULL,NULL,141,NULL,NULL,NULL)
,(367,'جزر الأقليات الأمريكية',NULL,NULL,142,NULL,NULL,NULL)
,(368,'جزر البتكارين',NULL,NULL,143,NULL,NULL,NULL)
,(369,'جزر الترك والكياكوس',NULL,NULL,144,NULL,NULL,NULL)
,(370,'جزر البهاما',NULL,NULL,145,NULL,NULL,NULL)
,(371,'جزر البولو',NULL,NULL,146,NULL,NULL,NULL)
,(372,'جزر التوفلو',NULL,NULL,147,NULL,NULL,NULL)
,(373,'جزر العذراء (أمريكا)',NULL,NULL,148,NULL,NULL,NULL)
,(374,'جزر العذراء (بريطانيا)',NULL,NULL,149,NULL,NULL,NULL)
,(375,'جزر الفوكلاند',NULL,NULL,150,NULL,NULL,NULL)
;
INSERT INTO COMMON_CITY (ID,DESCRIPTION,CODE,ISDEFAULT,COUNTRY,ENGLISHDESCRIPTION,"SECTION",REGION) VALUES 
(376,'جزر سولومون',NULL,NULL,151,NULL,NULL,NULL)
,(377,'جزر فارو',NULL,NULL,152,NULL,NULL,NULL)
,(378,'جزر فونوتو',NULL,NULL,153,NULL,NULL,NULL)
,(379,'جزر واليس وفوتوانا',NULL,NULL,154,NULL,NULL,NULL)
,(380,'جزر كايمان',NULL,NULL,155,NULL,NULL,NULL)
,(381,'جزر كيب فيرد',NULL,NULL,156,NULL,NULL,NULL)
,(382,'جوام',NULL,NULL,157,NULL,NULL,NULL)
,(383,'جواتيمالا',NULL,NULL,158,NULL,NULL,NULL)
,(384,'جواديلوب',NULL,NULL,159,NULL,NULL,NULL)
,(385,'جوانا',NULL,NULL,160,NULL,NULL,NULL)
;
INSERT INTO COMMON_CITY (ID,DESCRIPTION,CODE,ISDEFAULT,COUNTRY,ENGLISHDESCRIPTION,"SECTION",REGION) VALUES 
(386,'جورجيا',NULL,NULL,161,NULL,NULL,NULL)
,(387,'جورجيا الجنوبية وجزر ساندوتش',NULL,NULL,162,NULL,NULL,NULL)
,(388,'يوغوسلافيا',NULL,NULL,163,NULL,NULL,NULL)
,(389,'جنوب أفريقيا',NULL,NULL,164,NULL,NULL,NULL)
,(390,'ريينيون',NULL,NULL,165,NULL,NULL,NULL)
,(391,'رومانيا',NULL,NULL,166,NULL,NULL,NULL)
,(392,'رواندا',NULL,NULL,167,NULL,NULL,NULL)
,(393,'روسيا',NULL,NULL,168,NULL,NULL,NULL)
,(394,'سلوفينيا',NULL,NULL,169,NULL,NULL,NULL)
,(395,'زامبيا',NULL,NULL,170,NULL,NULL,NULL)
;
INSERT INTO COMMON_CITY (ID,DESCRIPTION,CODE,ISDEFAULT,COUNTRY,ENGLISHDESCRIPTION,"SECTION",REGION) VALUES 
(396,'ساموا',NULL,NULL,171,NULL,NULL,NULL)
,(397,'سان مارينو',NULL,NULL,172,NULL,NULL,NULL)
,(398,'سانت لويسا',NULL,NULL,173,NULL,NULL,NULL)
,(399,'سانت بيير وميكيولون',NULL,NULL,174,NULL,NULL,NULL)
,(400,'سانت فينسنت وجريندايز',NULL,NULL,175,NULL,NULL,NULL)
,(401,'سانت هولينو',NULL,NULL,176,NULL,NULL,NULL)
,(402,'سانت كيتس ونيفس',NULL,NULL,177,NULL,NULL,NULL)
,(403,'ساوتوماي وبرينسيبا',NULL,NULL,178,NULL,NULL,NULL)
,(404,'زيمبابوي',NULL,NULL,179,NULL,NULL,NULL)
,(405,'شيلي',NULL,NULL,180,NULL,NULL,NULL)
;
INSERT INTO COMMON_CITY (ID,DESCRIPTION,CODE,ISDEFAULT,COUNTRY,ENGLISHDESCRIPTION,"SECTION",REGION) VALUES 
(406,'سيراليون',NULL,NULL,181,NULL,NULL,NULL)
,(407,'سيريلانكا',NULL,NULL,182,NULL,NULL,NULL)
,(408,'سيشلي',NULL,NULL,183,NULL,NULL,NULL)
,(409,'سوازيلاندا',NULL,NULL,184,NULL,NULL,NULL)
,(410,'سويسرا',NULL,NULL,185,NULL,NULL,NULL)
,(411,'سوريا',NULL,NULL,186,NULL,NULL,NULL)
,(412,'سورنوم',NULL,NULL,187,NULL,NULL,NULL)
,(413,'سنغافورة',NULL,NULL,188,NULL,NULL,NULL)
,(414,'عمان',NULL,NULL,189,NULL,NULL,NULL)
,(415,'غانا',NULL,NULL,190,NULL,NULL,NULL)
;
INSERT INTO COMMON_CITY (ID,DESCRIPTION,CODE,ISDEFAULT,COUNTRY,ENGLISHDESCRIPTION,"SECTION",REGION) VALUES 
(416,'غينيا',NULL,NULL,191,NULL,NULL,NULL)
,(417,'غينيا الاستوائية',NULL,NULL,192,NULL,NULL,NULL)
,(418,'غينيا الفرنسية',NULL,NULL,193,NULL,NULL,NULL)
,(419,'غينيا بيساو',NULL,NULL,194,NULL,NULL,NULL)
,(420,'فلسطين',NULL,NULL,195,NULL,NULL,NULL)
,(421,'فيتنام',NULL,NULL,196,NULL,NULL,NULL)
,(422,'إيران',NULL,NULL,197,NULL,NULL,NULL)
,(423,'إيطاليا',NULL,NULL,198,NULL,NULL,NULL)
,(424,'إريتريا',NULL,NULL,199,NULL,NULL,NULL)
,(425,'هولندا',NULL,NULL,200,NULL,NULL,NULL)
;
INSERT INTO COMMON_CITY (ID,DESCRIPTION,CODE,ISDEFAULT,COUNTRY,ENGLISHDESCRIPTION,"SECTION",REGION) VALUES 
(426,'هندوراس',NULL,NULL,201,NULL,NULL,NULL)
,(427,'إندونيسيا',NULL,NULL,202,NULL,NULL,NULL)
,(428,'هونج كونج (الصين الشعبية)',NULL,NULL,203,NULL,NULL,NULL)
,(429,'إقليم المحيط الهندي البريطاني',NULL,NULL,204,NULL,NULL,NULL)
,(430,'إقليم هيرد ومكدونالد',NULL,NULL,205,NULL,NULL,NULL)
,(431,'إكوادور',NULL,NULL,206,NULL,NULL,NULL)
;﻿INSERT INTO COMMON_CLIENTS (ID,CLIENTNAME,PORTNO) VALUES 
(21,'baker','http://82.129.193.141:9090')
,(1,'4s','http://72.167.220.187:8080')
,(2,'lehaa','http://72.167.220.187:5050')
,(3,'alfa','http://72.167.220.187:9090')
;﻿INSERT INTO COMMON_COUNTRY (ID,DESCRIPTION,ISDEFAULT,MALENATIONALITY,FEMALENATIONALITY) VALUES 
(14,'ماكرونيزيا',0,NULL,NULL)
,(15,'أذربيجان',0,NULL,NULL)
,(16,'لبنان',0,NULL,NULL)
,(17,'ميانمار',0,NULL,NULL)
,(18,'ليبيا',0,NULL,NULL)
,(19,'ليبريا',0,NULL,NULL)
,(20,'ليتوانيا',0,NULL,NULL)
,(21,'أيرلندا',0,NULL,NULL)
,(22,'أيسلندا',0,NULL,NULL)
,(23,'مدغشقر',0,NULL,NULL)
;
INSERT INTO COMMON_COUNTRY (ID,DESCRIPTION,ISDEFAULT,MALENATIONALITY,FEMALENATIONALITY) VALUES 
(24,'أرمينيا',0,NULL,NULL)
,(25,'أسبانيا',0,NULL,NULL)
,(26,'أستراليا',0,NULL,NULL)
,(27,'أفغانستان',0,NULL,NULL)
,(28,'مولديفا',0,NULL,NULL)
,(29,'أوذبكستان',0,NULL,NULL)
,(30,'أنتجوا وبربودا',0,NULL,NULL)
,(31,'أنجيلا',0,NULL,NULL)
,(32,'أنجولا',0,NULL,NULL)
,(33,'أندورا',0,NULL,NULL)
;
INSERT INTO COMMON_COUNTRY (ID,DESCRIPTION,ISDEFAULT,MALENATIONALITY,FEMALENATIONALITY) VALUES 
(34,'موريتانيا',0,NULL,NULL)
,(35,'موريشيوس',0,NULL,NULL)
,(36,'أوروجواي',0,NULL,NULL)
,(37,'موزمبيق',0,NULL,NULL)
,(38,'لوسوتو',0,NULL,NULL)
,(39,'منغوليا',0,NULL,NULL)
,(40,'أوغندا',0,NULL,NULL)
,(41,'موناكو',0,NULL,NULL)
,(42,'مونتسيرات',0,NULL,NULL)
,(43,'اوكرانيا',0,NULL,NULL)
;
INSERT INTO COMMON_COUNTRY (ID,DESCRIPTION,ISDEFAULT,MALENATIONALITY,FEMALENATIONALITY) VALUES 
(44,'لوكسمبورج',0,NULL,NULL)
,(45,'مقدونيا',0,NULL,NULL)
,(46,'لكتنستين',0,NULL,NULL)
,(47,'المملكة المتحدة',0,NULL,NULL)
,(48,'المجر',0,NULL,NULL)
,(49,'الأرجينتين',0,NULL,NULL)
,(50,'الأردن',0,'أردني','أردنية')
,(51,'المغرب',0,NULL,NULL)
,(52,'المنطقة القطبية',0,NULL,NULL)
,(53,'الأقاليم الفرنسية الجنوبية',0,NULL,NULL)
;
INSERT INTO COMMON_COUNTRY (ID,DESCRIPTION,ISDEFAULT,MALENATIONALITY,FEMALENATIONALITY) VALUES 
(54,'المكسيك',0,NULL,NULL)
,(55,'البحرين',0,NULL,NULL)
,(56,'البرازيل',0,NULL,NULL)
,(57,'البرتغال',0,NULL,NULL)
,(58,'البوسنة والهرسك',0,NULL,NULL)
,(59,'اليمن',0,NULL,NULL)
,(60,'اليابان',0,NULL,NULL)
,(61,'الجابون',0,NULL,NULL)
,(62,'الدانمارك',0,NULL,NULL)
,(63,'الجزائر',0,NULL,NULL)
;
INSERT INTO COMMON_COUNTRY (ID,DESCRIPTION,ISDEFAULT,MALENATIONALITY,FEMALENATIONALITY) VALUES 
(64,'الدومينيكان',0,NULL,NULL)
,(65,'الدومينيكان الشعبية',0,NULL,NULL)
,(66,'اليونان',0,NULL,NULL)
,(67,'السلفادور',0,NULL,NULL)
,(68,'الصين',0,NULL,NULL)
,(69,'الصومال',0,NULL,NULL)
,(70,'السودان',0,NULL,NULL)
,(71,'السويد',0,NULL,NULL)
,(72,'السنغال',0,NULL,NULL)
,(73,'العراق',0,NULL,NULL)
;
INSERT INTO COMMON_COUNTRY (ID,DESCRIPTION,ISDEFAULT,MALENATIONALITY,FEMALENATIONALITY) VALUES 
(74,'الفلبين',0,'فلبيني','فلبينية')
,(75,'الفاتيكان (البحر المقدس)',0,NULL,NULL)
,(76,'الإمارات العربية المتحدة',0,NULL,NULL)
,(77,'الهند',0,'هندي','هندية')
,(78,'الولايات المتحدة الأمريكية',0,NULL,NULL)
,(79,'النمسا',0,NULL,NULL)
,(80,'النيجر',0,NULL,NULL)
,(81,'النرويج',0,NULL,NULL)
,(82,'الكاميرون',0,NULL,NULL)
,(83,'الكويت',0,NULL,NULL)
;
INSERT INTO COMMON_COUNTRY (ID,DESCRIPTION,ISDEFAULT,MALENATIONALITY,FEMALENATIONALITY) VALUES 
(84,'الكونغو',0,NULL,NULL)
,(85,'استونيا',0,NULL,NULL)
,(86,'بلجيكا',0,NULL,NULL)
,(87,'بلغاريا',0,NULL,NULL)
,(88,'بابوا-نيو غينيا',0,NULL,NULL)
,(89,'تايلاند',0,NULL,NULL)
,(90,'تايوان',0,NULL,NULL)
,(91,'باراجواي',0,NULL,NULL)
,(92,'باكستان',0,NULL,NULL)
,(93,'بيلاروس',0,NULL,NULL)
;
INSERT INTO COMMON_COUNTRY (ID,DESCRIPTION,ISDEFAULT,MALENATIONALITY,FEMALENATIONALITY) VALUES 
(94,'بيليز',0,NULL,NULL)
,(95,'تيمور الشرقية',0,NULL,NULL)
,(96,'بيرو',0,NULL,NULL)
,(97,'بينين',0,NULL,NULL)
,(98,'برمودا',0,NULL,NULL)
,(99,'ترينيداد وتوباجو',0,NULL,NULL)
,(100,'بروناي',0,NULL,NULL)
,(101,'تركمنستان',0,NULL,NULL)
,(102,'تركيا',0,NULL,NULL)
,(103,'تشاد',0,NULL,NULL)
;
INSERT INTO COMMON_COUNTRY (ID,DESCRIPTION,ISDEFAULT,MALENATIONALITY,FEMALENATIONALITY) VALUES 
(104,'بنما',0,NULL,NULL)
,(105,'بوليفيا',0,NULL,NULL)
,(106,'بولندا',0,NULL,NULL)
,(107,'بولنيسيا الفرنسية',0,NULL,NULL)
,(108,'بوتان',0,NULL,NULL)
,(109,'بوتسوانا',0,NULL,NULL)
,(110,'بنجلاديش',0,NULL,NULL)
,(111,'توجو',0,NULL,NULL)
,(112,'بورت ريكو',0,NULL,NULL)
,(113,'بورندي',0,NULL,NULL)
;
INSERT INTO COMMON_COUNTRY (ID,DESCRIPTION,ISDEFAULT,MALENATIONALITY,FEMALENATIONALITY) VALUES 
(114,'بوركينافاسو',0,NULL,NULL)
,(115,'تنزانيا',0,NULL,NULL)
,(116,'تونجا',0,NULL,NULL)
,(117,'تونس',0,NULL,NULL)
,(118,'توكلاوا',0,NULL,NULL)
,(119,'جمهورية أفريقيا الوسطى',0,NULL,NULL)
,(120,'جمهوريه التشيك',0,NULL,NULL)
,(121,'جمهورية سلوفاكيا',0,NULL,NULL)
,(122,'جامبيا',0,NULL,NULL)
,(123,'جاميكا',0,NULL,NULL)
;
INSERT INTO COMMON_COUNTRY (ID,DESCRIPTION,ISDEFAULT,MALENATIONALITY,FEMALENATIONALITY) VALUES 
(124,'جبل طارق',0,NULL,NULL)
,(125,'جيبوتي',0,NULL,NULL)
,(126,'جري نادا',0,NULL,NULL)
,(127,'جرينلاند',0,NULL,NULL)
,(128,'جزيرة آروبا',0,NULL,NULL)
,(129,'جزيرة النورفولك',0,NULL,NULL)
,(130,'جزيرة الكريسماس',0,NULL,NULL)
,(133,'جزيرة بوفيه',0,NULL,NULL)
,(137,'جزر ماريانا الشمالية',0,NULL,NULL)
,(138,'جزر المالديف',0,NULL,NULL)
;
INSERT INTO COMMON_COUNTRY (ID,DESCRIPTION,ISDEFAULT,MALENATIONALITY,FEMALENATIONALITY) VALUES 
(139,'جزر المارتينيك',0,NULL,NULL)
,(140,'جزر المارشال',0,NULL,NULL)
,(141,'جزر الأنتيل الهولندية',0,NULL,NULL)
,(142,'جزر الأقليات الأمريكية',0,NULL,NULL)
,(143,'جزر البتكارين',0,NULL,NULL)
,(144,'جزر الترك والكياكوس',0,NULL,NULL)
,(145,'جزر البهاما',0,NULL,NULL)
,(146,'جزر البولو',0,NULL,NULL)
,(147,'جزر التوفلو',0,NULL,NULL)
,(148,'جزر العذراء (أمريكا)',0,NULL,NULL)
;
INSERT INTO COMMON_COUNTRY (ID,DESCRIPTION,ISDEFAULT,MALENATIONALITY,FEMALENATIONALITY) VALUES 
(149,'جزر العذراء (بريطانيا)',0,NULL,NULL)
,(150,'جزر الفوكلاند',0,NULL,NULL)
,(151,'جزر سولومون',0,NULL,NULL)
,(152,'جزر فارو',0,NULL,NULL)
,(153,'جزر فونوتو',0,NULL,NULL)
,(154,'جزر واليس وفوتوانا',0,NULL,NULL)
,(155,'جزر كايمان',0,NULL,NULL)
,(156,'جزر كيب فيرد',0,NULL,NULL)
,(157,'جوام',0,NULL,NULL)
,(158,'جواتيمالا',0,NULL,NULL)
;
INSERT INTO COMMON_COUNTRY (ID,DESCRIPTION,ISDEFAULT,MALENATIONALITY,FEMALENATIONALITY) VALUES 
(159,'جواديلوب',0,NULL,NULL)
,(160,'جوانا',0,NULL,NULL)
,(161,'جورجيا',0,NULL,NULL)
,(162,'جورجيا الجنوبية وجزر ساندوتش',0,NULL,NULL)
,(163,'يوغوسلافيا',0,NULL,NULL)
,(164,'جنوب أفريقيا',0,NULL,NULL)
,(165,'ريينيون',0,NULL,NULL)
,(166,'رومانيا',0,NULL,NULL)
,(167,'رواندا',0,NULL,NULL)
,(168,'روسيا',0,NULL,NULL)
;
INSERT INTO COMMON_COUNTRY (ID,DESCRIPTION,ISDEFAULT,MALENATIONALITY,FEMALENATIONALITY) VALUES 
(169,'سلوفينيا',0,NULL,NULL)
,(170,'زامبيا',0,NULL,NULL)
,(171,'ساموا',0,NULL,NULL)
,(172,'سان مارينو',0,NULL,NULL)
,(173,'سانت لويسا',0,NULL,NULL)
,(174,'سانت بيير وميكيولون',0,NULL,NULL)
,(175,'سانت فينسنت وجريندايز',0,NULL,NULL)
,(176,'سانت هولينو',0,NULL,NULL)
,(177,'سانت كيتس ونيفس',0,NULL,NULL)
,(178,'ساوتوماي وبرينسيبا',0,NULL,NULL)
;
INSERT INTO COMMON_COUNTRY (ID,DESCRIPTION,ISDEFAULT,MALENATIONALITY,FEMALENATIONALITY) VALUES 
(179,'زيمبابوي',0,NULL,NULL)
,(180,'شيلي',0,NULL,NULL)
,(181,'سيراليون',0,NULL,NULL)
,(182,'سيريلانكا',0,NULL,NULL)
,(183,'سيشلي',0,NULL,NULL)
,(184,'سوازيلاندا',0,NULL,NULL)
,(185,'سويسرا',0,NULL,NULL)
,(186,'سوريا',0,NULL,NULL)
,(187,'سورنوم',0,NULL,NULL)
,(188,'سنغافورة',0,NULL,NULL)
;
INSERT INTO COMMON_COUNTRY (ID,DESCRIPTION,ISDEFAULT,MALENATIONALITY,FEMALENATIONALITY) VALUES 
(189,'عمان',0,NULL,NULL)
,(190,'غانا',0,NULL,NULL)
,(191,'غينيا',0,NULL,NULL)
,(192,'غينيا الاستوائية',0,NULL,NULL)
,(193,'غينيا الفرنسية',0,NULL,NULL)
,(194,'غينيا بيساو',0,NULL,NULL)
,(195,'فلسطين',0,NULL,NULL)
,(196,'فيتنام',0,NULL,NULL)
,(197,'إيران',0,NULL,NULL)
,(198,'إيطاليا',0,NULL,NULL)
;
INSERT INTO COMMON_COUNTRY (ID,DESCRIPTION,ISDEFAULT,MALENATIONALITY,FEMALENATIONALITY) VALUES 
(199,'إريتريا',0,NULL,NULL)
,(200,'هولندا',0,NULL,NULL)
,(201,'هندوراس',0,NULL,NULL)
,(202,'إندونيسيا',0,NULL,NULL)
,(203,'هونج كونج (الصين الشعبية)',0,NULL,NULL)
,(204,'إقليم المحيط الهندي البريطاني',0,NULL,NULL)
,(205,'إقليم هيرد ومكدونالد',0,NULL,NULL)
,(206,'إكوادور',0,NULL,NULL)
,(207,'ناميبيا',0,NULL,NULL)
,(208,'نيبال',0,NULL,NULL)
;
INSERT INTO COMMON_COUNTRY (ID,DESCRIPTION,ISDEFAULT,MALENATIONALITY,FEMALENATIONALITY) VALUES 
(209,'نيجيريا',0,NULL,NULL)
,(210,'نيو كاليدونيا',0,NULL,NULL)
,(211,'نيوزيلندا',0,NULL,NULL)
,(212,'نيكاراجوا',0,NULL,NULL)
,(213,'نواي',0,NULL,NULL)
,(214,'نورو',0,NULL,NULL)
,(215,'طاجيكستان',0,NULL,NULL)
,(216,'قبرص',0,NULL,NULL)
,(217,'قطر',0,NULL,NULL)
,(218,'كامبوديا',0,NULL,NULL)
;
INSERT INTO COMMON_COUNTRY (ID,DESCRIPTION,ISDEFAULT,MALENATIONALITY,FEMALENATIONALITY) VALUES 
(219,'كازاخستان',0,NULL,NULL)
,(220,'كيرجيستان',0,NULL,NULL)
,(221,'كينيا',0,NULL,NULL)
,(222,'كرواتيا',0,NULL,NULL)
,(223,'كولومبيا',0,NULL,NULL)
,(224,'كوت ديفوار (ساحل العاج)',0,NULL,NULL)
,(225,'كوبا',0,NULL,NULL)
,(226,'كندا',0,NULL,NULL)
,(227,'كوريا',0,NULL,NULL)
,(228,'كوريا الشمالية',0,NULL,NULL)
;
INSERT INTO COMMON_COUNTRY (ID,DESCRIPTION,ISDEFAULT,MALENATIONALITY,FEMALENATIONALITY) VALUES 
(229,'كوستاريكا',0,NULL,NULL)
,(230,'كنغو الديمقراطية الشعبية (زائير)',0,NULL,NULL)
,(231,'اثيوبيا',0,NULL,NULL)
,(232,'فرنسا',0,NULL,NULL)
,(233,'فينلندا',0,NULL,NULL)
,(234,'تركستان',0,NULL,NULL)
,(235,'قرقيزستان',0,'قرقيزستان','قرقيزستان')
,(237,'مقيم',0,'مقيم','مقيم')
,(238,'kosova',0,'kosova','kosova')
,(239,'Astrakhan',0,'Astrakhan','Astrakhan')
;
INSERT INTO COMMON_COUNTRY (ID,DESCRIPTION,ISDEFAULT,MALENATIONALITY,FEMALENATIONALITY) VALUES 
(1,'السعودية',1,NULL,NULL)
,(2,'مصر',0,'مصري','مصرية')
,(3,'ألمانيا',0,NULL,NULL)
,(4,'ألبانيا',0,NULL,NULL)
,(5,'أمريكيا ساموا',0,NULL,NULL)
,(6,'مالاوي',0,NULL,NULL)
,(7,'مالي',0,NULL,NULL)
,(8,'ماليزيا',0,NULL,NULL)
,(9,'مالطا',0,NULL,NULL)
,(10,'لاتفيا',0,NULL,NULL)
;
INSERT INTO COMMON_COUNTRY (ID,DESCRIPTION,ISDEFAULT,MALENATIONALITY,FEMALENATIONALITY) VALUES 
(11,'مايوتي',0,NULL,NULL)
,(12,'لاوا',0,NULL,NULL)
,(13,'ماكاو',0,NULL,NULL)
;


INSERT INTO I18N_KEY (ID,NAME,DESCRIPTION) VALUES 
(879,'security.errors.newPasswordAndConfirmShouldBeEqual',NULL)
,(880,'security.caption.passwordChangedSuccessfully',NULL)
,(929,'commons.caption.file',NULL)
,(930,'commons.button.enter',NULL)
,(195,'commons.caption.login',NULL)
,(196,'commons.caption.welcome',NULL)
,(197,'commons.caption.pleaseEnterUsernameAndPassword',NULL)
,(198,'commons.caption.password',NULL)
,(199,'commons.button.browse',NULL)
,(202,'commons.menu.search',NULL)
;
INSERT INTO I18N_KEY (ID,NAME,DESCRIPTION) VALUES 
(211,'commons.menu.quickSearch',NULL)
,(212,'commons.menu.detailedSearch',NULL)
,(213,'commons.button.detailedSearch',NULL)
,(214,'commons.button.search',NULL)
,(215,'commons.button.newSearch',NULL)
,(223,'commons.caption.serial',NULL)
,(267,'commons.caption.searchCriteria',NULL)
,(270,'commons.header.searchResults',NULL)
,(271,'commons.errors.invalidUsernameOrPassword',NULL)
,(272,'commons.errors.fromDate',NULL)
;
INSERT INTO I18N_KEY (ID,NAME,DESCRIPTION) VALUES 
(278,'commons.errors.searchReturnedNoResults',NULL)
,(279,'commons.caption.miladiDate',NULL)
,(280,'commons.caption.hijriDate',NULL)
,(287,'commons.caption.select',NULL)
,(292,'commons.errors.requiredFields',NULL)
,(293,'commons.caption.id',NULL)
,(296,'commons.header.employees',NULL)
,(297,'commons.caption.employeeName',NULL)
,(298,'commons.caption.jobTitle',NULL)
,(299,'commons.caption.departmentName',NULL)
;
INSERT INTO I18N_KEY (ID,NAME,DESCRIPTION) VALUES 
(300,'commons.header.departments',NULL)
,(302,'commons.caption.name',NULL)
,(304,'commons.header.countries',NULL)
,(305,'commons.caption.countryName',NULL)
,(306,'commons.caption.cities',NULL)
,(308,'commons.button.delete',NULL)
,(309,'commons.caption.firstName',NULL)
,(310,'commons.caption.lastName',NULL)
,(311,'commons.header.editDepartment',NULL)
,(315,'commons.header.editCountry',NULL)
;
INSERT INTO I18N_KEY (ID,NAME,DESCRIPTION) VALUES 
(316,'commons.header.cities',NULL)
,(317,'commons.header.editCity',NULL)
,(322,'commons.menu.preferences',NULL)
,(323,'commons.menu.changePassword',NULL)
,(324,'commons.submit.changePassword',NULL)
,(325,'commons.caption.oldPassword',NULL)
,(326,'commons.caption.newPassword',NULL)
,(332,'commons.errors.oldPassword',NULL)
,(333,'commons.errors.newPassword',NULL)
,(334,'commons.errors.emptyOldPassword',NULL)
;
INSERT INTO I18N_KEY (ID,NAME,DESCRIPTION) VALUES 
(335,'commons.header.dateConverter',NULL)
,(336,'commons.caption.convertedDate',NULL)
,(337,'commons.button.convertDate',NULL)
,(341,'commons.errors.invalidDate',NULL)
,(342,'commons.errors.emptyDate',NULL)
,(355,'commons.menu.administration',NULL)
,(356,'commons.button.editUserPreferences',NULL)
,(50,'stores.caption.protectLast',NULL)
,(51,'stores.caption.auto',NULL)
,(363,'commons.caption.fromTime',NULL)
;
INSERT INTO I18N_KEY (ID,NAME,DESCRIPTION) VALUES 
(364,'commons.caption.toTime',NULL)
,(53,'stores.caption.dependancy',NULL)
,(54,'stores.caption.length',NULL)
,(55,'stores.caption.table',NULL)
,(56,'stores.caption.menuName',NULL)
,(57,'stores.caption.filler',NULL)
,(58,'stores.menu.codesDivision',NULL)
,(59,'stores.menu.basicData',NULL)
,(60,'stores.menu.customers',NULL)
,(61,'stores.caption.customers',NULL)
;
INSERT INTO I18N_KEY (ID,NAME,DESCRIPTION) VALUES 
(415,'security.menu.security',NULL)
,(416,'security.caption.application',NULL)
,(417,'security.header.roles',NULL)
,(418,'security.caption.role',NULL)
,(419,'security.caption.userDefaultApplication',NULL)
,(420,'commons.button.close',NULL)
,(421,'commons.caption.department',NULL)
,(422,'security.menu.users',NULL)
,(423,'security.caption.username',NULL)
,(424,'i18n.caption.userDefaultLocale',NULL)
;
INSERT INTO I18N_KEY (ID,NAME,DESCRIPTION) VALUES 
(425,'security.menu.roles',NULL)
,(426,'i18n.menu.i18n',NULL)
,(427,'i18n.menu.userDefaultLocale',NULL)
,(431,'commons.menu.common',NULL)
,(443,'commons.caption.phone',NULL)
,(446,'commons.caption.mobile',NULL)
,(529,'commons.caption.extension',NULL)
,(48,'stores.caption.noOfPartations',NULL)
,(49,'stores.caption.separator',NULL)
,(697,'security.header.userDetails',NULL)
;
INSERT INTO I18N_KEY (ID,NAME,DESCRIPTION) VALUES 
(698,'security.header.editUserDetails',NULL)
,(699,'security.caption.roleName',NULL)
,(700,'security.header.addRole',NULL)
,(701,'security.caption.clonedRole',NULL)
,(702,'security.header.editRole',NULL)
,(703,'security.header.editUserApplication',NULL)
,(704,'i18n.header.editDefaultLocale',NULL)
,(705,'i18n.header.editUserLanguage',NULL)
,(714,'i18n.menu.locales',NULL)
,(716,'commons.menu.departments',NULL)
;
INSERT INTO I18N_KEY (ID,NAME,DESCRIPTION) VALUES 
(717,'commons.menu.countries',NULL)
,(726,'commons.caption.arabic',NULL)
,(728,'i18n.header.editLocale',NULL)
,(729,'i18n.caption.clonedLocale',NULL)
,(730,'i18n.caption.code',NULL)
,(732,'i18n.header.locale',NULL)
,(742,'i18n.header.editMessage',NULL)
,(743,'i18n.caption.message',NULL)
,(744,'security.header.editSecurity',NULL)
,(745,'security.caption.permission',NULL)
;
INSERT INTO I18N_KEY (ID,NAME,DESCRIPTION) VALUES 
(6,'administration.caption.applicationName',NULL)
,(7,'stores.caption.applicationName',NULL)
,(8,'stores.caption.stores',NULL)
,(9,'stores.menu.stores',NULL)
,(10,'commons.menu.leftImage',NULL)
,(11,'commons.menu.rightImage',NULL)
,(21,'stores.menu.branches',NULL)
,(2188,'commons.caption.previousNotes',NULL)
,(2248,'commons.button.confirmDeleteRow',NULL)
,(1075,'commons.error.noResultsFound',NULL)
;
INSERT INTO I18N_KEY (ID,NAME,DESCRIPTION) VALUES 
(1116,'commons.caption.comments',NULL)
,(1134,'commons.caption.days',NULL)
,(1136,'commons.caption.sunday',NULL)
,(1137,'commons.caption.monday',NULL)
,(1138,'commons.caption.tuesday',NULL)
,(1139,'commons.caption.wednesday',NULL)
,(1140,'commons.caption.thursday',NULL)
,(1141,'commons.caption.friday',NULL)
,(1142,'commons.caption.saturday',NULL)
,(1159,'commons.caption.matchMode',NULL)
;
INSERT INTO I18N_KEY (ID,NAME,DESCRIPTION) VALUES 
(1160,'commons.header.searchPage',NULL)
,(1161,'commons.caption.start',NULL)
,(1162,'commons.caption.end',NULL)
,(1163,'commons.caption.anywhere',NULL)
,(179,'stores.errors.repeatedCode',NULL)
,(180,'stores.caption.isFromDest',NULL)
,(181,'stores.caption.isToDest',NULL)
,(1164,'commons.caption.exact',NULL)
,(1207,'commons.caption.canBeClosed',NULL)
,(1259,'commons.button.addEdit',NULL)
;
INSERT INTO I18N_KEY (ID,NAME,DESCRIPTION) VALUES 
(1268,'commons.button.finish',NULL)
,(1293,'commons.caption.employee',NULL)
,(1308,'commons.caption.arDesc',NULL)
,(1309,'commons.caption.enDesc',NULL)
,(1310,'commons.caption.bankBranchName',NULL)
,(1311,'commons.caption.arAddress',NULL)
,(1312,'commons.caption.enAddress',NULL)
,(1323,'commons.caption.councilBranch',NULL)
,(1328,'commons.caption.enDescription',NULL)
,(1341,'commons.caption.other',NULL)
;
INSERT INTO I18N_KEY (ID,NAME,DESCRIPTION) VALUES 
(1414,'commons.caption.code',NULL)
,(1436,'commons.caption.mixed',NULL)
,(1440,'common.menu.dbUpdate',NULL)
,(1180,'stores.caption. theseTypesOfItemsServices',NULL)
,(1181,'store.caption.hasLength',NULL)
,(1182,'store.caption.hasWidth',NULL)
,(1183,'store.caption.hasHieght',NULL)
,(1184,'stores.caption.defaultQuantityForSerial',NULL)
,(1185,'stores.caption. consumerPrice',NULL)
,(1186,'stores.caption. wholesalePrice',NULL)
;
INSERT INTO I18N_KEY (ID,NAME,DESCRIPTION) VALUES 
(1187,'stores.caption.branchPrice',NULL)
,(1188,'stores.caption. retailPrice',NULL)
,(1189,'stores.caption.colors',NULL)
,(1190,'stores.caption.equationAtItemLevel',NULL)
,(1191,'stores.caption. automaticDefOfRelationsOfUnits',NULL)
,(1192,'stores.caption.automaticDefOfItemCodeFromObs',NULL)
,(1193,'stores.caption.dimensionsRelationWithUnitsRelations',NULL)
,(1194,'stores.caption. expiryDate',NULL)
,(1195,'stores.caption.dateOfProduction',NULL)
,(1196,'stores.caption.serialNo',NULL)
;
INSERT INTO I18N_KEY (ID,NAME,DESCRIPTION) VALUES 
(1197,'stores.caption.controlNo',NULL)
,(1198,'stores.caption.seriesNo',NULL)
,(1199,'stores.caption.lotNo',NULL)
,(11100,'stores.caption.place',NULL)
,(11101,'stores.caption. usePartOfCodeAsLength',NULL)
,(11102,'stores.caption. usePartOfCodeAsEquation',NULL)
,(1222,'stores.errors.totalLengthMustBeLessThan20',NULL)
,(135,'typeMismatch.java.util.Date',NULL)
,(1205,'stores.caption.arabic',NULL)
,(1206,'stores.caption.arabicAndEnglish',NULL)
;
INSERT INTO I18N_KEY (ID,NAME,DESCRIPTION) VALUES 
(1208,'stores.caption.arabicAndEnglishAndOthers',NULL)
,(1209,'stores.caption.averagePurchasePrice',NULL)
,(1210,'stores.caption.latestPurchasePrice',NULL)
,(1211,'stores.caption.comeFirstSpentFirst',NULL)
,(1212,'stores.caption.comeFinallySpentFirst',NULL)
,(1213,'stores.caption.startDurationPurchasePrice',NULL)
,(1214,'stores.caption.standardAverage',NULL)
,(1215,'stores.caption. usePartOfCodeAsWidth',NULL)
,(1216,'stores.caption. usePartOfCodeAsHeight',NULL)
,(64,'stores.menu.agents',NULL)
;
INSERT INTO I18N_KEY (ID,NAME,DESCRIPTION) VALUES 
(65,'stores.caption.editAgent',NULL)
,(66,'commons.caption.arabicName',NULL)
,(67,'commons.caption.englishName',NULL)
,(68,'commons.caption.entryDate',NULL)
,(133,'stores.menu.cofigureItems',NULL)
,(134,'stores.menu.itemData',NULL)
,(136,'commons.caption.salesTaxPercent',NULL)
,(185,'stores.caption.editStoreTrnsDef',NULL)
,(186,'stores.caption.transCode',NULL)
,(187,'stores.caption.transType',NULL)
;
INSERT INTO I18N_KEY (ID,NAME,DESCRIPTION) VALUES 
(188,'stores.caption.transNature',NULL)
,(190,'stores.caption.quantityEffect',NULL)
,(191,'stores.caption.payEffect',NULL)
,(192,'stores.caption.fromDestination',NULL)
,(193,'stores.caption.toDestination',NULL)
,(194,'stores.caption.canEditFrom',NULL)
,(200,'stores.caption.canEditTo',NULL)
,(201,'stores.caption.balanceItemStore',NULL)
,(203,'stores.caption.store',NULL)
,(204,'stores.caption.totalBalanceOfFirstPeriod',NULL)
;
INSERT INTO I18N_KEY (ID,NAME,DESCRIPTION) VALUES 
(205,'stores.caption.totalCurrentBalance',NULL)
,(206,'stores.caption.canNotEdit',NULL)
,(207,'stores.caption.conversionFactor',NULL)
,(208,'stores.caption.addFirstBalanceStore',NULL)
,(209,'stores.caption.addFirstBalance',NULL)
,(210,'stores.caption.currentBalance',NULL)
,(216,'stores.caption.noSaveStoreForItem',NULL)
,(221,'typeMismatch.java.lang.Long',NULL)
,(3744,'commons.caption.branch',NULL)
,(225,'commons.caption.multiItemGroups',NULL)
;
INSERT INTO I18N_KEY (ID,NAME,DESCRIPTION) VALUES 
(222,'stores.caption.multiItemGroups',NULL)
,(224,'commons.caption.applications',NULL)
,(240,'commons.button.details',NULL)
,(243,'stores.caption.editStoreTransaction',NULL)
,(301,'commons.caption.mainDocuments',NULL)
,(303,'commons.caption.transactionItems',NULL)
,(307,'stores.caption.itemDataCode',NULL)
,(312,'stores.caption.unitPrice',NULL)
,(313,'stores.caption.totalPrice',NULL)
,(314,'stores.caption.Quantity',NULL)
;
INSERT INTO I18N_KEY (ID,NAME,DESCRIPTION) VALUES 
(338,'stores.errors.repeatedItems',NULL)
,(339,'stores.errors.requiredItemFields',NULL)
,(340,'stores.menu.storeSelectTransaction',NULL)
,(571,'gl.header.addCurrencyHistory',NULL)
,(530,'assets.header.addDepreciation',NULL)
,(531,'assets.caption.applicationName',NULL)
,(532,'assets.caption.depCode',NULL)
,(533,'assets.caption.depName',NULL)
,(534,'assets.caption.depMethod',NULL)
,(535,'assets.caption.constant',NULL)
;
INSERT INTO I18N_KEY (ID,NAME,DESCRIPTION) VALUES 
(536,'assets.caption.decreasing',NULL)
,(537,'assets.caption.increasing',NULL)
,(538,'assets.caption.depNotes',NULL)
,(539,'assets.caption.depreciationType',NULL)
,(540,'assets.header.viewDepreciation',NULL)
,(541,'assets.header.viewDepreciationType',NULL)
,(542,'assets.header.addDepreciationType',NULL)
,(543,'assets.menu.depreciationType',NULL)
,(544,'assets.menu.depreciation',NULL)
,(545,'assets.menu.assetsGroup',NULL)
;
INSERT INTO I18N_KEY (ID,NAME,DESCRIPTION) VALUES 
(546,'assets.menu.assets',NULL)
,(547,'assets.caption.depValue',NULL)
,(548,'assets.caption.value',NULL)
,(549,'assets.caption.ratio',NULL)
,(550,'assets.header.viewAssetGroup',NULL)
,(551,'assets.caption.groupCode',NULL)
,(552,'assets.caption.groupName',NULL)
,(553,'assets.caption.depreciationAccount',NULL)
,(556,'assets.header.addAssetsGroup',NULL)
,(557,'assets.button.viewSpecifications',NULL)
;
INSERT INTO I18N_KEY (ID,NAME,DESCRIPTION) VALUES 
(558,'assets.header.viewAsset',NULL)
,(559,'assets.caption.assetCode',NULL)
,(560,'assets.caption.assetName',NULL)
,(561,'assets.caption.assetGroup',NULL)
,(562,'assets.caption.assetLocation',NULL)
,(563,'assets.caption.totalDepreciation',NULL)
,(564,'assets.header.addAssets',NULL)
,(565,'assets.caption.scrapValue',NULL)
,(567,'gl.caption.transactionDocumentSerial',NULL)
,(568,'assets.caption.lastDepreciationDate',NULL)
;
INSERT INTO I18N_KEY (ID,NAME,DESCRIPTION) VALUES 
(569,'assets.caption.lastDepreciationValue',NULL)
,(570,'assets.menu.assetSettings',NULL)
,(554,'assets.caption.groupedDepreciationAccount',NULL)
,(555,'assets.caption.specifiedDepreciationAccount',NULL)
,(566,'assets.caption.storesAddTransactionCode',NULL)
,(295,'stores.caption.dependOn',NULL)
,(228,'stores.caption.addStoreTransaction',NULL)
,(229,'stores.caption.storeTransactionByType',NULL)
,(593,'gl.caption.journalTypeMandatory',NULL)
,(182,'stores.menu.storeTrnsDefs',NULL)
;
INSERT INTO I18N_KEY (ID,NAME,DESCRIPTION) VALUES 
(183,'stores.header.storeTrnsDefs',NULL)
,(184,'stores.menu.storeTransactions',NULL)
,(1808,'dbUpdate.header.updateDB',NULL)
,(2826,'dbUpdate.header.updateDBByScript',NULL)
,(2819,'dbUpdate.caption.oldIndex',NULL)
,(2820,'dbUpdate.caption.lastDesiredIndex',NULL)
,(2821,'dbUpdate.caption.currentIndex',NULL)
,(2822,'dbUpdate.caption.noErrors',NULL)
,(2823,'dbUpdate.caption.errorInBlockNo',NULL)
,(2824,'dbUpdate.caption.scriptStopedAtBlockNo',NULL)
;
INSERT INTO I18N_KEY (ID,NAME,DESCRIPTION) VALUES 
(2825,'dbUpdate.caption.inCaseOfAnyErrorsPleaseSaveThisPage',NULL)
,(2827,'dbUpdate.header.updateDBByCode',NULL)
,(2828,'dbUpdate.caption.migrationDescription',NULL)
,(2829,'dbUpdate.caption.migrationComment',NULL)
,(2750,'dbUpdate.header.newQueryForm',NULL)
,(2751,'dbUpdate.caption.query',NULL)
,(217,'commons.caption.company',NULL)
,(219,'stores.errors.repeatedUnit',NULL)
,(220,'stores.errors.putUnit',NULL)
,(3717,'gl.button.addDetailedBudget',NULL)
;
INSERT INTO I18N_KEY (ID,NAME,DESCRIPTION) VALUES 
(3719,'gl.button.addEstimatedBalance',NULL)
,(923,'gl.button.addRootAccount',NULL)
,(924,'gl.button.addRootAnalysis',NULL)
,(3705,'gl.button.close',NULL)
,(2682,'gl.button.generate',NULL)
,(2674,'gl.button.generateCancelTransaction',NULL)
,(1479,'gl.button.lock',NULL)
,(919,'gl.button.open',NULL)
,(920,'gl.button.post',NULL)
,(921,'gl.button.refuse',NULL)
;
INSERT INTO I18N_KEY (ID,NAME,DESCRIPTION) VALUES 
(3739,'gl.button.repostYearTransactions',NULL)
,(922,'gl.button.review',NULL)
,(2665,'gl.button.saveAsDraft',NULL)
,(3570,'gl.button.suspend',NULL)
,(3704,'gl.button.TempClose',NULL)
,(1480,'gl.button.unlock',NULL)
,(1549,'gl.button.viewTransactionDetails',NULL)
,(645,'gl.caption.account',NULL)
,(2679,'gl.caption.accountLevelNo',NULL)
,(3728,'gl.caption.accountName',NULL)
;
INSERT INTO I18N_KEY (ID,NAME,DESCRIPTION) VALUES 
(3727,'gl.caption.accountNo',NULL)
,(1481,'gl.caption.accountStatus',NULL)
,(2664,'gl.caption.accountType',NULL)
,(1033,'gl.caption.active',NULL)
,(646,'gl.caption.add',NULL)
,(1552,'gl.caption.all',NULL)
,(647,'gl.caption.amount',NULL)
,(2208,'gl.caption.amountBefore',NULL)
,(1295,'gl.caption.analysisCodeStructure',NULL)
,(1373,'gl.caption.analyticalNo',NULL)
;
INSERT INTO I18N_KEY (ID,NAME,DESCRIPTION) VALUES 
(1880,'gl.caption.analyze',NULL)
,(2219,'gl.caption.approved',NULL)
,(1519,'gl.caption.arDesc',NULL)
,(648,'gl.caption.assets',NULL)
,(2224,'gl.caption.backToSearchResults',NULL)
,(2231,'gl.caption.balance',NULL)
,(649,'gl.caption.balanceStatus',NULL)
,(650,'gl.caption.budgetDetails',NULL)
,(2686,'gl.caption.calculating',NULL)
,(1300,'gl.caption.canBeAnalyzed',NULL)
;
INSERT INTO I18N_KEY (ID,NAME,DESCRIPTION) VALUES 
(2672,'gl.caption.cancelTransactionArDesc',NULL)
,(2673,'gl.caption.cancelTransactionForSerial',NULL)
,(2678,'gl.caption.cancelTransactionSerial',NULL)
,(651,'gl.caption.changeRate',NULL)
,(3751,'gl.caption.closed',NULL)
,(652,'gl.caption.closingDate',NULL)
,(3708,'gl.caption.closureAccount',NULL)
,(653,'gl.caption.code',NULL)
,(3912,'gl.caption.comparison',NULL)
,(3752,'gl.caption.costCenterCode',NULL)
;
INSERT INTO I18N_KEY (ID,NAME,DESCRIPTION) VALUES 
(3753,'gl.caption.costCenterName',NULL)
,(3750,'gl.caption.costCenters',NULL)
,(654,'gl.caption.credit',NULL)
,(655,'gl.caption.currency',NULL)
,(712,'gl.caption.currentBalance',NULL)
,(3917,'gl.caption.currentPartials',NULL)
,(3916,'gl.caption.currentTotal',NULL)
,(656,'gl.caption.debit',NULL)
,(3722,'gl.caption.delta',NULL)
,(3723,'gl.caption.deltaRatio',NULL)
;
INSERT INTO I18N_KEY (ID,NAME,DESCRIPTION) VALUES 
(2220,'gl.caption.disapproved',NULL)
,(3730,'gl.caption.documentDate',NULL)
,(2667,'gl.caption.documentNo',NULL)
,(657,'gl.caption.documentType',NULL)
,(2666,'gl.caption.draftTransaction',NULL)
,(2681,'gl.caption.durationTransactionsNetValue',NULL)
,(658,'gl.caption.endDate',NULL)
,(1520,'gl.caption.enDesc',NULL)
,(2685,'gl.caption.equationValue',NULL)
,(1368,'gl.caption.estershady',NULL)
;
INSERT INTO I18N_KEY (ID,NAME,DESCRIPTION) VALUES 
(3721,'gl.caption.estimatedBalance',NULL)
,(659,'gl.caption.expenses',NULL)
,(660,'gl.caption.false',NULL)
,(1294,'gl.caption.financialCodeStructure',NULL)
,(661,'gl.caption.financialPeriod',NULL)
,(3699,'gl.caption.financialYear',NULL)
,(2688,'gl.caption.formula',NULL)
,(1374,'gl.caption.frequency',NULL)
,(3737,'gl.caption.fromAccount',NULL)
,(662,'gl.caption.fromAnotherBudget',NULL)
;
INSERT INTO I18N_KEY (ID,NAME,DESCRIPTION) VALUES 
(3732,'gl.caption.fromInterval',NULL)
,(1524,'gl.caption.fromSerial',NULL)
,(2676,'gl.caption.generatingCancelTransaction',NULL)
,(1034,'gl.caption.inactive',NULL)
,(663,'gl.caption.income',NULL)
,(2217,'gl.caption.integratingApplication',NULL)
,(3714,'gl.caption.interval',NULL)
,(1306,'gl.caption.isCredit',NULL)
,(711,'gl.caption.isLast',NULL)
,(664,'gl.caption.isLastAccount',NULL)
;
INSERT INTO I18N_KEY (ID,NAME,DESCRIPTION) VALUES 
(1298,'gl.caption.isLocked',NULL)
,(1155,'gl.caption.journalAnalysis',NULL)
,(1303,'gl.caption.lastLevel',NULL)
,(665,'gl.caption.lastTransactionDate',NULL)
,(1302,'gl.caption.level',NULL)
,(666,'gl.caption.liabilities',NULL)
,(1299,'gl.caption.lock',NULL)
,(1304,'gl.caption.locked',NULL)
,(1297,'gl.caption.longCode',NULL)
,(667,'gl.caption.nature',NULL)
;
INSERT INTO I18N_KEY (ID,NAME,DESCRIPTION) VALUES 
(1307,'gl.caption.noOfLevels',NULL)
,(668,'gl.caption.notes',NULL)
,(2218,'gl.caption.notRevised',NULL)
,(669,'gl.caption.openingBalance',NULL)
,(670,'gl.caption.openingBalanceDate',NULL)
,(671,'gl.caption.openingDate',NULL)
,(1550,'gl.header.transactionDetails',NULL)
,(957,'gl.caption.openingTransaction',NULL)
,(1028,'gl.caption.openned',NULL)
,(672,'gl.caption.others',NULL)
;
INSERT INTO I18N_KEY (ID,NAME,DESCRIPTION) VALUES 
(673,'gl.caption.parentCategory',NULL)
,(1030,'gl.caption.posted',NULL)
,(1551,'gl.caption.postingStatus',NULL)
,(2225,'gl.caption.postingTransactionSettings',NULL)
,(3915,'gl.caption.prevYear',NULL)
,(3758,'gl.caption.privateAccount',NULL)
,(674,'gl.caption.ratio',NULL)
,(2348,'gl.caption.referenceDate',NULL)
,(2347,'gl.caption.referenceNo',NULL)
,(2346,'gl.caption.referenceType',NULL)
;
INSERT INTO I18N_KEY (ID,NAME,DESCRIPTION) VALUES 
(675,'gl.caption.refusalReason',NULL)
,(2221,'gl.caption.refusalReasons',NULL)
,(1029,'gl.caption.refused',NULL)
,(1369,'gl.caption.rekabi',NULL)
,(676,'gl.caption.remaining',NULL)
,(677,'gl.caption.remove',NULL)
,(3726,'gl.caption.repeatableTransaction',NULL)
,(1301,'gl.caption.reportType',NULL)
,(1031,'gl.caption.reveiwed',NULL)
,(2215,'gl.caption.revise',NULL)
;
INSERT INTO I18N_KEY (ID,NAME,DESCRIPTION) VALUES 
(2227,'gl.caption.reviseBeforePost',NULL)
,(2228,'gl.caption.revisionStatus',NULL)
,(678,'gl.caption.serial',NULL)
,(2226,'gl.caption.settings',NULL)
,(1296,'gl.caption.shortCode',NULL)
,(679,'gl.caption.startDate',NULL)
,(680,'gl.caption.status',NULL)
,(681,'gl.caption.supportingDocuments',NULL)
,(3574,'gl.caption.suspended',NULL)
,(3573,'gl.caption.suspendTransaction',NULL)
;
INSERT INTO I18N_KEY (ID,NAME,DESCRIPTION) VALUES 
(3572,'gl.caption.suspensionNotes',NULL)
,(682,'gl.caption.symbol',NULL)
,(713,'gl.caption.theOtherBudget',NULL)
,(3738,'gl.caption.toAccount',NULL)
,(1881,'gl.caption.toCostCenters',NULL)
,(3733,'gl.caption.toInterval',NULL)
,(1525,'gl.caption.toSerial',NULL)
,(3720,'gl.caption.total',NULL)
,(2230,'gl.caption.totalAmount',NULL)
,(2680,'gl.caption.totalAmountBefore',NULL)
;
INSERT INTO I18N_KEY (ID,NAME,DESCRIPTION) VALUES 
(683,'gl.caption.totalValue',NULL)
,(3729,'gl.caption.transactionAnalysis',NULL)
,(2222,'gl.caption.transactionApproved',NULL)
,(2675,'gl.caption.transactionCancelled',NULL)
,(2677,'gl.caption.transactionCancelledBefore',NULL)
,(684,'gl.caption.transactionDetails',NULL)
,(2223,'gl.caption.transactionDisapproved',NULL)
,(3745,'gl.caption.transactions',NULL)
,(1522,'gl.caption.transactionSerial',NULL)
,(685,'gl.caption.transactionStatus',NULL)
;
INSERT INTO I18N_KEY (ID,NAME,DESCRIPTION) VALUES 
(2229,'gl.caption.trialBalance',NULL)
,(686,'gl.caption.true',NULL)
,(687,'gl.caption.type',NULL)
,(1367,'gl.caption.typeOfBudget',NULL)
,(1305,'gl.caption.unlocked',NULL)
,(2216,'gl.caption.unposted',NULL)
,(688,'gl.caption.used',NULL)
,(3754,'gl.errors.accountDataHasBeenEnteredBefore',NULL)
,(1852,'gl.errors.accountIsClosed',NULL)
,(1842,'gl.errors.accountMustBeAnalyzed',NULL)
;
INSERT INTO I18N_KEY (ID,NAME,DESCRIPTION) VALUES 
(1862,'gl.errors.accountNotActive',NULL)
,(1851,'gl.errors.accountNotFound',NULL)
,(1843,'gl.errors.accountShouldNotBeAnalyzed',NULL)
,(1523,'gl.errors.allDetailedTransactionDataShouldBeFilled',NULL)
,(3710,'gl.errors.alreadyHaveAClosureAccount',NULL)
,(1895,'gl.errors.analysisNotActive',NULL)
,(2670,'gl.errors.cannotCancelTransactionInClosedPeriod',NULL)
,(3567,'gl.errors.cannotCancelTransactionNotFromGL',NULL)
,(2669,'gl.errors.cannotCancelUnpostedTransaction',NULL)
,(1363,'gl.errors.canNotDeleteAccount',NULL)
;
INSERT INTO I18N_KEY (ID,NAME,DESCRIPTION) VALUES 
(1562,'gl.errors.cannotUseLockedAccounts',NULL)
,(3711,'gl.errors.cantModifyClosureTransaction',NULL)
,(3755,'gl.errors.cantReviseDraft',NULL)
,(1009,'gl.errors.checkTotalValue',NULL)
,(1364,'gl.errors.codeExceeded',NULL)
,(1478,'gl.errors.codeIsDuplicates',NULL)
,(1477,'gl.errors.codeLength',NULL)
,(1482,'gl.errors.codeShoulBeaNumber',NULL)
,(1548,'gl.errors.dateShouldBeWithinFinancialPeriod',NULL)
,(1362,'gl.errors.duplicateCode',NULL)
;
INSERT INTO I18N_KEY (ID,NAME,DESCRIPTION) VALUES 
(2232,'gl.errors.duplicateOpenTransactionForAccount',NULL)
,(1845,'gl.errors.errorInAnalysisCode',NULL)
,(218,'stores.caption.editBasicGroup',NULL)
,(2214,'gl.errors.errorInDetailAccountCode',NULL)
,(2663,'gl.errors.errorInFormula',NULL)
,(3568,'gl.errors.externalTransactionCantBeEdited',NULL)
,(3569,'gl.errors.externalTransactionCantBeRejected',NULL)
,(3987,'gl.errors.financialYearClosed',NULL)
,(3713,'gl.errors.financialYearsOverlap',NULL)
,(3756,'gl.errors.fromIntervalMustBeLessThanToInterval',NULL)
;
INSERT INTO I18N_KEY (ID,NAME,DESCRIPTION) VALUES 
(3740,'gl.errors.incorrectFinancialYear',NULL)
,(3706,'gl.errors.noClosureAccountDefined',NULL)
,(3909,'gl.errors.noNewYearDefined',NULL)
,(2671,'gl.errors.noTransactionForThisSerial',NULL)
,(2249,'gl.errors.openingTransactionAlreadyExist',NULL)
,(2270,'gl.errors.overlappedPeriod',NULL)
,(3701,'gl.errors.overlappedYear',NULL)
,(3709,'gl.errors.resultAccountCantBeClosure',NULL)
,(1841,'gl.errors.sumOfAnalysisShouldBeEqualToDetailAmount',NULL)
,(1474,'gl.errors.sumOfDebitShouldBeEqualSumofCredit',NULL)
;
INSERT INTO I18N_KEY (ID,NAME,DESCRIPTION) VALUES 
(3571,'gl.errors.transactionCantBeSuspended',NULL)
,(1561,'gl.errors.transactionShouldHaveDetails',NULL)
,(3707,'gl.errors.yearAlreadyClosed',NULL)
,(3715,'gl.errors.yearHasGaps',NULL)
,(3748,'gl.header.accountAnalysis',NULL)
,(1513,'gl.header.accountsStatusReport',NULL)
,(1514,'gl.header.accountTransactions',NULL)
,(1023,'gl.header.active',NULL)
,(860,'gl.header.addAccount',NULL)
,(862,'gl.header.addAnalysis',NULL)
;
INSERT INTO I18N_KEY (ID,NAME,DESCRIPTION) VALUES 
(866,'gl.header.addBudget',NULL)
,(854,'gl.header.addCurrency',NULL)
,(3716,'gl.header.addDetailedBudget',NULL)
,(858,'gl.header.addDocument',NULL)
,(2687,'gl.header.addEditEquation',NULL)
,(856,'gl.header.addFinancialPeriod',NULL)
,(3703,'gl.header.addFinancialYear',NULL)
,(1157,'gl.header.addJournalAnalysis',NULL)
,(1564,'gl.header.addOpeningTransaction',NULL)
,(1051,'gl.header.addOpenningTransaction',NULL)
;
INSERT INTO I18N_KEY (ID,NAME,DESCRIPTION) VALUES 
(1371,'gl.header.addRecurringTransaction',NULL)
,(864,'gl.header.addTransaction',NULL)
,(1517,'gl.header.analysisAccountsStatusReport',NULL)
,(1516,'gl.header.analysisAccountTransactions',NULL)
,(3910,'gl.header.budgetComparison',NULL)
,(3712,'gl.header.compareAnnualBalance',NULL)
,(3736,'gl.header.costCentersGeneralLedger',NULL)
,(3743,'gl.header.costCentersTrialBudget',NULL)
,(2684,'gl.header.equations',NULL)
,(3735,'gl.header.generalLedger',NULL)
;
INSERT INTO I18N_KEY (ID,NAME,DESCRIPTION) VALUES 
(1024,'gl.header.inactive',NULL)
,(3724,'gl.header.journals',NULL)
,(1376,'gl.header.postingTransaction',NULL)
,(2683,'gl.header.repeatableTransactionTemplates',NULL)
,(2247,'gl.header.reviseTransaction',NULL)
,(1375,'gl.header.searchRecurring',NULL)
,(2668,'gl.header.searchToCancelTransaction',NULL)
,(1365,'gl.header.searchTransaction',NULL)
,(958,'gl.header.systemDelete',NULL)
,(1521,'gl.header.transactionAddedSuccessfully',NULL)
;
INSERT INTO I18N_KEY (ID,NAME,DESCRIPTION) VALUES 
(597,'gl.header.unbalancedTransactions',NULL)
,(598,'gl.menu.unbalancedTransactions',NULL)
,(599,'gl.header.totalTransactions',NULL)
,(600,'gl.menu.TotalTransactions',NULL)
,(601,'assets.header.assetsAddition',NULL)
,(602,'assets.caption.additionCode',NULL)
,(603,'assets.caption.documentalValue',NULL)
,(604,'assets.caption.paymentAccount',NULL)
,(605,'assets.caption.additionValue',NULL)
,(606,'assets.caption.additionDescription',NULL)
;
INSERT INTO I18N_KEY (ID,NAME,DESCRIPTION) VALUES 
(607,'assets.caption.additionDate',NULL)
,(608,'assets.menu.additionToAsset',NULL)
,(609,'assets.menu.assetSellout',NULL)
,(610,'assets.menu.assetDepletion',NULL)
,(611,'assets.menu.assetDepreciation',NULL)
,(612,'assets.menu.viewspecific',NULL)
,(613,'assets.menu.assetChangeLocation',NULL)
,(614,'assets.menu.transactions',NULL)
,(615,'assets.errors.addingToNonDepreciatedAssetForbidden',NULL)
,(616,'assets.caption.selloutCode',NULL)
;
INSERT INTO I18N_KEY (ID,NAME,DESCRIPTION) VALUES 
(617,'asset.caption.collectionAccount',NULL)
,(618,'assets.caption.sellingValue',NULL)
,(619,'assets.caption.profitAccount',NULL)
,(620,'assets.caption.selloutDate',NULL)
,(621,'assets.errors.sellingToNonDepreciatedAssetForbidden',NULL)
,(622,'assets.errors.assetIsAlreadySold',NULL)
,(623,'assets.header.assetsDepletionForm',NULL)
,(624,'assets.caption.depletionCode',NULL)
,(625,'assets.caption.depletionValue',NULL)
,(626,'assets.caption.depletionAccount',NULL)
;
INSERT INTO I18N_KEY (ID,NAME,DESCRIPTION) VALUES 
(627,'assets.errors.documentalValueIsLessThanScrapValue',NULL)
,(628,'assets.errors.fromAndToLocationAreTheSame',NULL)
,(629,'assets.header.assetsChangeLocationForm',NULL)
,(630,'assets.caption.changeLocationCode',NULL)
,(631,'assets.caption.fromLocation',NULL)
,(632,'assets.caption.toLocation',NULL)
,(633,'assets.caption.fromCostCenter',NULL)
,(634,'assets.caption.toCostCenter',NULL)
,(635,'assets.header.assetsDepreciationForm',NULL)
,(636,'assets.caption.depreciationCode',NULL)
;
INSERT INTO I18N_KEY (ID,NAME,DESCRIPTION) VALUES 
(637,'assets.caption.fromGroup',NULL)
,(638,'assets.caption.toGroup',NULL)
,(639,'assets.caption.fromAsset',NULL)
,(640,'assets.caption.toAsset',NULL)
,(641,'assets.caption.toDate',NULL)
,(642,'assets.caption.purchasingDate',NULL)
,(643,'assets.errors.depreciationValueExceededScrap',NULL)
,(189,'stores.caption.priceEffect',NULL)
,(1511,'commons.caption.addEdit',NULL)
,(1512,'commons.caption.browse',NULL)
;
INSERT INTO I18N_KEY (ID,NAME,DESCRIPTION) VALUES 
(1531,'commons.errors.requiredFields.command',NULL)
,(1563,'commons.caption.canViewDepartmentMessages',NULL)
,(1568,'common.menu.companyView',NULL)
,(1569,'commons.caption.companyView',NULL)
,(1570,'commons.button.branches',NULL)
,(1571,'commons.caption.companyForm',NULL)
,(1683,'commons.caption.all',NULL)
,(1691,'commons.button.accept',NULL)
,(1692,'commons.button.refuse',NULL)
,(1693,'commons.caption.isManager',NULL)
;
INSERT INTO I18N_KEY (ID,NAME,DESCRIPTION) VALUES 
(1694,'commons.caption.isDepartmentManager',NULL)
,(1747,'commons.header.notes',NULL)
,(1748,'commons.caption.notes',NULL)
,(1825,'commons.caption.time',NULL)
,(12,'stores.caption.editStore',NULL)
,(13,'stores.caption.storeType',NULL)
,(14,'stores.caption.uncalculate',NULL)
,(17,'stores.caption.address',NULL)
,(15,'stores.header.branches',NULL)
,(16,'stores.caption.editBranch',NULL)
;
INSERT INTO I18N_KEY (ID,NAME,DESCRIPTION) VALUES 
(22,'stores.caption.basicCenter',NULL)
,(26,'stores.caption.likeBasicCenter',NULL)
,(29,'stores.caption.addItems',NULL)
,(30,'stores.caption.receiveDocuments',NULL)
,(31,'stores.caption.detailsOfInvoice',NULL)
,(32,'stores.caption.lineOne',NULL)
,(33,'stores.caption.lineTwo',NULL)
,(34,'stores.caption.lineThree',NULL)
,(35,'stores.caption.lineFour',NULL)
,(36,'stores.caption.groupTypes',NULL)
;
INSERT INTO I18N_KEY (ID,NAME,DESCRIPTION) VALUES 
(37,'stores.menu.groupTypes',NULL)
,(38,'stores.header.editGroupType',NULL)
,(39,'stores.caption.mainTable',NULL)
,(41,'sales.caption.applicationName',NULL)
,(42,'gl.caption.applicationName',NULL)
,(43,'purchase.caption.applicationName',NULL)
,(44,'banks.caption.applicationName',NULL)
,(45,'stores.header.editGroupForm',NULL)
,(46,'stores.caption.codeForm',NULL)
,(47,'stores.caption.codeType',NULL)
;
INSERT INTO I18N_KEY (ID,NAME,DESCRIPTION) VALUES 
(83,'stores.caption.Description',NULL)
,(84,'commons.caption.Code',NULL)
,(85,'commons.caption.Groups',NULL)
,(86,'commons.caption.SubGroups',NULL)
,(88,'commons.caption.DetailsGroups',NULL)
,(89,'stores.menu.BasicGroup',NULL)
,(1883,'commons.header.poBoxes',NULL)
,(1884,'commons.header.tels',NULL)
,(1885,'commons.header.faxes',NULL)
,(1886,'commons.button.addPoBox',NULL)
;
INSERT INTO I18N_KEY (ID,NAME,DESCRIPTION) VALUES 
(1887,'commons.button.addTel',NULL)
,(1888,'commons.button.addFax',NULL)
,(1952,'commons.errors.duplicateCode',NULL)
,(1953,'commons.caption.isEmployee',NULL)
,(1965,'commons.errors.duplicateAttendanceCode',NULL)
,(1966,'commons.caption.attendanceCode',NULL)
,(2019,'commons.caption.isActive',NULL)
,(2106,'commons.button.yes',NULL)
,(2140,'security.caption.defaultPage',NULL)
,(2141,'commons.caption.englishDescription',NULL)
;
INSERT INTO I18N_KEY (ID,NAME,DESCRIPTION) VALUES 
(2957,'commons.caption.regionCode',NULL)
,(3383,'commons.caption.total',NULL)
,(3425,'commons.button.print',NULL)
,(3039,'commons.caption.regions',NULL)
,(2341,'commons.errors.invalidNumber',NULL)
,(2439,'commons.errors.youAreNotAllowedToDoThis',NULL)
,(2440,'commons.caption.print',NULL)
,(2562,'commons.caption.manager',NULL)
,(2563,'commons.caption.managerName',NULL)
,(2635,'security.caption.privileges',NULL)
;
INSERT INTO I18N_KEY (ID,NAME,DESCRIPTION) VALUES 
(2692,'commons.caption.printEmployee',NULL)
,(2693,'commons.caption.printDate',NULL)
,(2695,'commons.caption.confirmationMessage',NULL)
,(2696,'commons.button.confirmed',NULL)
,(2697,'commons.caption.region',NULL)
,(2698,'commons.header.editRegion',NULL)
,(2699,'commons.menu.regions',NULL)
,(2700,'commons.header.regions',NULL)
,(2708,'commons.caption.january',NULL)
,(2709,'commons.caption.february',NULL)
;
INSERT INTO I18N_KEY (ID,NAME,DESCRIPTION) VALUES 
(2710,'commons.caption.march',NULL)
,(2711,'commons.caption.april',NULL)
,(2712,'commons.caption.may',NULL)
,(2713,'commons.caption.june',NULL)
,(2714,'commons.caption.july',NULL)
,(2715,'commons.caption.august',NULL)
,(2716,'commons.caption.septemper',NULL)
,(2717,'commons.caption.october',NULL)
,(2718,'commons.caption.november',NULL)
,(2719,'commons.caption.december',NULL)
;
INSERT INTO I18N_KEY (ID,NAME,DESCRIPTION) VALUES 
(2748,'commonss.caption.branchView',NULL)
,(2760,'commons.caption.maleNationality',NULL)
,(2761,'commons.caption.femaleNationality',NULL)
,(2764,'commons.errors.newAccreditationPriceDoesNotEqualOldAccreditationPrice',NULL)
,(2787,'commons.button.saveAndPrint',NULL)
,(3439,'commons.button.confirmDelete',NULL)
,(3448,'commons.errors.concurrentLoginException',NULL)
,(3449,'commons.errors.userCannotLoginFromAnotherComputer',NULL)
,(3474,'commons.caption.pleaseEnterEmail',NULL)
,(3475,'commons.caption.forgetPassword',NULL)
;
INSERT INTO I18N_KEY (ID,NAME,DESCRIPTION) VALUES 
(3488,'security.caption.pageNotFound',NULL)
,(3489,'security.caption.permissionDenied',NULL)
,(3490,'security.caption.forMoreInfoContactAdmin',NULL)
,(3590,'commons.errors.invalidTelNumber',NULL)
,(3591,'commons.caption.suspended',NULL)
,(3592,'commons.caption.deleteSuspended',NULL)
,(3659,'commons.errors.cityHasNoRegion',NULL)
,(3668,'commons.errors.applicantInvacationNow',NULL)
,(3669,'commons.errors.applicantAbsenceNow',NULL)
,(3671,'commons.caption.isScholarship',NULL)
;
INSERT INTO I18N_KEY (ID,NAME,DESCRIPTION) VALUES 
(3697,'commons.caption.branchForm',NULL)
,(90,'stores.menu.vendors',NULL)
,(91,'stores.caption.editVendor',NULL)
,(69,'stores.header.agents',NULL)
,(70,'commons.caption.arabicAddress',NULL)
,(71,'commons.caption.englishAddress',NULL)
,(123,'stores.menu.salesRep',NULL)
,(124,'stores.caption.editSalesRep',NULL)
,(125,'commons.caption.contractType',NULL)
,(126,'commons.caption.blackList',NULL)
;
INSERT INTO I18N_KEY (ID,NAME,DESCRIPTION) VALUES 
(128,'commons.caption.mixRate',NULL)
,(129,'stores.caption.maxNumber',NULL)
,(130,'stores.caption.typeSymbol',NULL)
,(131,'stores.menu.persons',NULL)
,(132,'stores.caption.editPersons',NULL)
,(1165,'stores.menu.contractors',NULL)
,(1166,'stores.caption.contractors',NULL)
,(1167,'stores.caption.addOrEditContractor',NULL)
,(1168,'stores.caption.addOrEditCustomer',NULL)
,(1169,'store.caption.customerType',NULL)
;
INSERT INTO I18N_KEY (ID,NAME,DESCRIPTION) VALUES 
(1177,'stores.caption.additionalSpecifications',NULL)
,(1178,'stores.caption.subsetOfItems',NULL)
,(1179,'store.caption.thereIsPartOfOperationalNo',NULL)
,(594,'gl.caption.cancelPostingTransactionActivated',NULL)
,(595,'gl.button.cancelPostingTransaction',NULL)
,(375,'hr.caption.applicationName',NULL)
,(376,'hr.header.titlesView',NULL)
,(377,'hr.error.codeMustBeEqual8',NULL)
,(378,'hr.header.addTitle',NULL)
,(379,'hr.caption.jobSpecifications',NULL)
;
INSERT INTO I18N_KEY (ID,NAME,DESCRIPTION) VALUES 
(380,'hr.menu.basicData',NULL)
,(381,'hr.menu.titlesView',NULL)
,(596,'gl.button.cancelRevision',NULL)
,(18,'commons.caption.city',NULL)
,(19,'commons.caption.country',NULL)
,(20,'commons.caption.date',NULL)
,(23,'commons.caption.female',NULL)
,(24,'commons.caption.from',NULL)
,(25,'commons.caption.gender',NULL)
,(27,'commons.caption.language',NULL)
;
INSERT INTO I18N_KEY (ID,NAME,DESCRIPTION) VALUES 
(28,'commons.caption.male',NULL)
,(40,'commons.caption.to',NULL)
,(52,'commons.menu.systemAdministration',NULL)
,(74,'commons.button.add',NULL)
,(75,'commons.button.cancel',NULL)
,(76,'commons.button.edit',NULL)
,(77,'commons.button.save',NULL)
,(79,'commons.caption.requiredInformation',NULL)
,(80,'commons.caption.username',NULL)
,(81,'commons.caption.description',NULL)
;
INSERT INTO I18N_KEY (ID,NAME,DESCRIPTION) VALUES 
(82,'commons.menu.logout',NULL)
,(87,'commons.caption.english',NULL)
,(102,'commons.caption.fullName',NULL)
,(103,'commons.caption.birthDate',NULL)
,(105,'commons.caption.birthPlace',NULL)
,(106,'commons.caption.nationality',NULL)
,(107,'commons.caption.cityOfCurrentResidence',NULL)
,(108,'commons.caption.idNumber',NULL)
,(109,'commons.caption.residenceNumber',NULL)
,(110,'commons.caption.passportNumber',NULL)
;
INSERT INTO I18N_KEY (ID,NAME,DESCRIPTION) VALUES 
(111,'commons.caption.address',NULL)
,(112,'commons.caption.poBox',NULL)
,(113,'commons.caption.postalCode',NULL)
,(114,'commons.caption.tel',NULL)
,(115,'commons.caption.ext',NULL)
,(116,'commons.caption.fax',NULL)
,(117,'commons.caption.cellular',NULL)
,(118,'commons.caption.email',NULL)
,(119,'commons.caption.males',NULL)
,(120,'commons.caption.females',NULL)
;
INSERT INTO I18N_KEY (ID,NAME,DESCRIPTION) VALUES 
(122,'commons.button.next',NULL)
,(127,'commons.button.back',NULL)
,(148,'commons.caption.no',NULL)
,(149,'commons.caption.yes',NULL)
,(158,'commons.button.submit',NULL)
,(169,'commons.caption.fromDate',NULL)
,(170,'commons.caption.toDate',NULL)
,(174,'commons.button.viewDetails',NULL)
,(796,'commons.caption.clientEnglish',NULL)
,(801,'commons.caption.nameArabic',NULL)
;
INSERT INTO I18N_KEY (ID,NAME,DESCRIPTION) VALUES 
(802,'commons.caption.nameEnglish',NULL)
,(867,'commons.errors.duplicateUser',NULL)
,(868,'commons.errors.duplicateLocale',NULL)
,(869,'commons.errors.invalidEmailFormat',NULL)
,(871,'security.caption.roles',NULL)
,(874,'security.header.changeUserPassword',NULL)
,(875,'security.caption.oldPassword',NULL)
,(876,'security.caption.newPassword',NULL)
,(877,'security.caption.confirmPassword',NULL)
,(878,'security.errors.invalidOldPassword',NULL)
;
INSERT INTO I18N_KEY (ID,NAME,DESCRIPTION) VALUES 
(1068,'portal.caption.displayname',NULL)
,(1069,'portal.caption.defaultValue',NULL)
,(3757,'gl.header.trialBudget',NULL)
,(859,'gl.header.viewAccounts',NULL)
,(861,'gl.header.viewAnalysis',NULL)
,(865,'gl.header.viewBudgets',NULL)
,(853,'gl.header.viewCurrency',NULL)
,(857,'gl.header.viewDocuments',NULL)
,(855,'gl.header.viewFinancialPeriods',NULL)
,(3702,'gl.header.viewFinancialYears',NULL)
;
INSERT INTO I18N_KEY (ID,NAME,DESCRIPTION) VALUES 
(1158,'gl.header.viewJournalAnalysis',NULL)
,(1052,'gl.header.viewOpenningTransaction',NULL)
,(1050,'gl.header.viewOpenningTransactions',NULL)
,(988,'gl.header.viewTransaction',NULL)
,(863,'gl.header.viewTransactions',NULL)
,(3747,'gl.menu.accountAnalysis',NULL)
,(689,'gl.menu.accounts',NULL)
,(1372,'gl.menu.addRecurringTransaction',NULL)
,(1476,'gl.menu.addTransaction',NULL)
,(690,'gl.menu.analysis',NULL)
;
INSERT INTO I18N_KEY (ID,NAME,DESCRIPTION) VALUES 
(1508,'gl.menu.analysisAccountStatusReport',NULL)
,(1510,'gl.menu.analysisAccountTransactionsReport',NULL)
,(1381,'gl.menu.analyticalNo',NULL)
,(691,'gl.menu.basicData',NULL)
,(3911,'gl.menu.budgetComparison',NULL)
,(692,'gl.menu.budgets',NULL)
,(1382,'gl.menu.canBeAnalyzed',NULL)
,(3718,'gl.menu.compareAnnualBalanceReport',NULL)
,(3734,'gl.menu.costCentersTrialBudget',NULL)
,(693,'gl.menu.currencies',NULL)
;
INSERT INTO I18N_KEY (ID,NAME,DESCRIPTION) VALUES 
(694,'gl.menu.documentTypes',NULL)
,(1507,'gl.menu.financialAccountStatusReport',NULL)
,(1509,'gl.menu.financialAccountTransactionsReport',NULL)
,(695,'gl.menu.financialPeriods',NULL)
,(3700,'gl.menu.financialYears',NULL)
,(1383,'gl.menu.frequency',NULL)
,(1156,'gl.menu.journalAnalysis',NULL)
,(3725,'gl.menu.journals',NULL)
,(1380,'gl.menu.journalType',NULL)
,(1518,'gl.menu.openingTransaction',NULL)
;
INSERT INTO I18N_KEY (ID,NAME,DESCRIPTION) VALUES 
(1049,'gl.menu.openningTransactions',NULL)
,(1377,'gl.menu.postingTransaction',NULL)
,(1498,'gl.menu.reports',NULL)
,(1370,'gl.menu.reportType',NULL)
,(1384,'gl.menu.searchRecurring',NULL)
,(1366,'gl.menu.searchTransaction',NULL)
,(696,'gl.menu.transactions',NULL)
,(1378,'gl.menu.transactionStatus',NULL)
,(1379,'gl.menu.transactionType',NULL)
,(3731,'gl.menu.trialBudget',NULL)
;
INSERT INTO I18N_KEY (ID,NAME,DESCRIPTION) VALUES 
(709,'gl.caption.applicationName',NULL)
,(1850,'gl.button.addAnalysis',NULL)
,(2236,'commons.caption.exportToExcel',NULL)
,(3749,'security.caption.canSeePrivateGLAccounts',NULL)
,(226,'stores.caption.showPrice',NULL)
,(227,'stores.menu.selectStoreTransaction',NULL)
,(1795,'typeMismatch.java.lang.NumberFormatException',NULL)
,(1853,'typeMismatch.result.detailedTransaction.amount',NULL)
,(3654,'committees.caption.materTransactionNumber',NULL)
,(1331,'banks.button.approve',NULL)
;
INSERT INTO I18N_KEY (ID,NAME,DESCRIPTION) VALUES 
(1332,'banks.button.disapprove',NULL)
,(230,'stores.caption.hasSaleRep',NULL)
,(231,'stores.caption.hasAnalyze',NULL)
,(232,'stores.caption.hasBatchNo',NULL)
,(233,'stores.caption.hasExportAgent',NULL)
,(234,'stores.caption.hasPaymentConditions',NULL)
,(235,'stores.caption.hasInvoiceNo',NULL)
,(236,'stores.caption.autoInvoiceNo',NULL)
,(237,'stores.caption.hasNotes',NULL)
,(238,'stores.caption.unmodifiedDetails',NULL)
;
INSERT INTO I18N_KEY (ID,NAME,DESCRIPTION) VALUES 
(239,'stores.caption.restricted',NULL)
,(241,'stores.caption.transNumber',NULL)
,(242,'commons.caption.transDate',NULL)
,(244,'stores.error.RepeatedCode',NULL)
,(245,'stores.caption.currencyCode',NULL)
,(246,'stores.caption.salesTax',NULL)
,(247,'stores.caption.rate',NULL)
,(248,'stores.caption.total',NULL)
,(249,'stores.caption.net',NULL)
,(250,'stores.caption.commercialTax',NULL)
;
INSERT INTO I18N_KEY (ID,NAME,DESCRIPTION) VALUES 
(251,'stores.caption.commercialTaxWithDiscount',NULL)
,(252,'stores.caption.stamp',NULL)
,(253,'stores.caption.none',NULL)
,(254,'stores.caption.subtract',NULL)
,(255,'stores.caption.add',NULL)
,(256,'stores.caption.discount',NULL)
,(257,'stores.caption.discountRate',NULL)
,(258,'stores.caption.noRate',NULL)
,(259,'stores.caption.rateFromTotal',NULL)
,(260,'stores.caption.rateFromTotalWithDiscount',NULL)
;
INSERT INTO I18N_KEY (ID,NAME,DESCRIPTION) VALUES 
(261,'stores.caption.discountDependOnCustomer',NULL)
,(262,'stores.caption.salesTaxAtItemLevel',NULL)
,(263,'stores.caption.commercialTaxOnCustomer',NULL)
,(264,'stores.caption.discountCard',NULL)
,(265,'stores.caption.discountRateItemsFromCustomer',NULL)
,(266,'stores.caption.commissions',NULL)
,(268,'stores.caption.addedCommissions',NULL)
,(269,'stores.caption.deductionCommissions',NULL)
,(273,'stores.caption.medicalStamp',NULL)
,(274,'stores.caption.taxDeductionOfCommissions',NULL)
;
INSERT INTO I18N_KEY (ID,NAME,DESCRIPTION) VALUES 
(275,'stores.caption.stampAccountLimit',NULL)
,(276,'stores.caption.sumitionOfSalesStamp',NULL)
,(277,'stores.caption.itemSalesStamp',NULL)
,(281,'stores.caption.rateOnly',NULL)
,(282,'stores.caption.valueOnly',NULL)
,(283,'stores.caption.rateOrValue',NULL)
,(284,'stores.caption.transportCost',NULL)
,(285,'stores.caption.notOnCompany',NULL)
,(286,'stores.caption.onCompany',NULL)
,(288,'commons.caption.documentDate',NULL)
;
INSERT INTO I18N_KEY (ID,NAME,DESCRIPTION) VALUES 
(289,'stores.caption.useCurrency',NULL)
,(290,'stores.caption.editStoreTrnsDefTax',NULL)
,(291,'commons.button.taxesAndDiscounts',NULL)
,(294,'typeMismatch.java.lang.Integer',NULL)
,(573,'assets.menu.basicData',NULL)
,(574,'assets.header.viewLocation',NULL)
,(575,'assets.caption.LocCode',NULL)
,(576,'assets.menu.Location',NULL)
,(577,'assets.caption.locNotes',NULL)
,(578,'assets.header.addLocation',NULL)
;
INSERT INTO I18N_KEY (ID,NAME,DESCRIPTION) VALUES 
(579,'assets.caption.locspecific',NULL)
,(580,'assets.header.addAssetSetting',NULL)
,(581,'assets.caption.financialYear',NULL)
,(582,'assets.caption.financialYearfrom',NULL)
,(583,'assets.caption.financialYearto',NULL)
,(584,'assets.caption.settingDepType',NULL)
,(585,'assets.caption.settingDepAccount',NULL)
,(586,'assets.caption.settingAssetSpecification',NULL)
,(587,'assets.caption.assetgroup',NULL)
,(588,'assets.caption.asset',NULL)
;
INSERT INTO I18N_KEY (ID,NAME,DESCRIPTION) VALUES 
(589,'assets.header.viewspecific',NULL)
,(590,'assets.caption.specificationCode',NULL)
,(591,'assets.caption.assetSpecificDescription',NULL)
,(592,'assets.header.addassetSpecific',NULL)
,(572,'gl.caption.costCenter',NULL)
,(137,'commons.caption.salesTaxValue',NULL)
,(138,'commons.caption.arabicLabel',NULL)
,(139,'commons.caption.englishLabel',NULL)
,(140,'commons.caption.discountRate',NULL)
,(141,'commons.caption.salesTaxPercent',NULL)
;
INSERT INTO I18N_KEY (ID,NAME,DESCRIPTION) VALUES 
(142,'commons.caption.salesTaxValue',NULL)
,(143,'stores.caption.stopDealing',NULL)
,(144,'stores.caption.hasColor',NULL)
,(145,'stores.caption.purchaseprice',NULL)
,(146,'stores.caption.firstDuration',NULL)
,(147,'stores.caption.currently',NULL)
,(150,'stores.caption.average',NULL)
,(151,'stores.caption.itemLimits',NULL)
,(152,'stores.caption.lowLimit',NULL)
,(153,'stores.caption.highLimit',NULL)
;
INSERT INTO I18N_KEY (ID,NAME,DESCRIPTION) VALUES 
(154,'stores.caption.orderLimit',NULL)
,(155,'stores.caption.itemDate',NULL)
,(156,'stores.caption.lastTransactionDate',NULL)
,(157,'stores.caption.outgoingPrice',NULL)
,(159,'stores.caption.consumerPrice',NULL)
,(160,'stores.caption.interPrice',NULL)
,(161,'stores.caption.retailPrice',NULL)
,(162,'stores.caption.editItemData',NULL)
,(1218,'stores.caption.noRelationBetweenDimensionsAndUnits',NULL)
,(1219,'stores.caption.useLength*WidthAsUnitsRelations',NULL)
;
INSERT INTO I18N_KEY (ID,NAME,DESCRIPTION) VALUES 
(1220,'stores.caption.use2(Length*Width)AsUnitsRelations',NULL)
,(1221,'stores.caption.equalUnits',NULL)
,(175,'stores.caption.unitForm',NULL)
,(176,'stores.caption.unit',NULL)
,(177,'stores.caption.order',NULL)
,(178,'stores.caption.basicUnit',NULL)
,(1170,'stores.header.itemsMainGroupDesc',NULL)
,(1171,'stores.caption.noOfItemsGroup',NULL)
,(1172,'stores.caption.languagesOfItemDesc',NULL)
,(1173,'stores.caption.pricingPolicy',NULL)
;
INSERT INTO I18N_KEY (ID,NAME,DESCRIPTION) VALUES 
(1174,'stores.caption.multiUnits',NULL)
,(1175,'stores.caption.noOfUnits',NULL)
,(1176,'stores.caption.noOfDecimalFraction',NULL)
,(163,'typeMismatch.java.lang.Double',NULL)
,(164,'stores.errors.invalidMaxQuantity',NULL)
,(165,'stores.errors.invalidMinimumQuantity',NULL)
,(166,'stores.errors.invalidReorderQuantity',NULL)
,(171,'stores.menu.basicUnit',NULL)
,(172,'stores.caption.editBasicUnit',NULL)
,(62,'commons.caption.cantSave',NULL)
;
INSERT INTO I18N_KEY (ID,NAME,DESCRIPTION) VALUES 
(63,'stores.caption.group',NULL)
,(92,'stores.caption.contactPerson',NULL)
,(93,'stores.caption.addressVendorAr',NULL)
,(94,'stores.caption.addressVendorEn',NULL)
,(95,'stores.caption.configureDate',NULL)
,(96,'commons.caption.telex',NULL)
,(97,'commons.caption.fax1',NULL)
,(98,'commons.caption.fax2',NULL)
,(99,'commons.caption.tel1',NULL)
,(100,'commons.caption.tel2',NULL)
;
INSERT INTO I18N_KEY (ID,NAME,DESCRIPTION) VALUES 
(101,'commons.caption.tel3',NULL)
,(104,'commons.caption.commericalRegNo',NULL)
,(121,'commons.caption.commericalCard',NULL)
,(1,'commons.language.dir',NULL)
,(2,'commons.language.code',NULL)
,(3,'commons.footer.english',NULL)
,(4,'commons.footer.arabic',NULL)
,(5,'commons.caption.client',NULL)
,(1475,'commons.caption.isDefault',NULL)
,(101290,'requestsApproval.header.loginUsersRequestsView',NULL)
;
INSERT INTO I18N_KEY (ID,NAME,DESCRIPTION) VALUES 
(101291,'requestsApproval.caption.vacationType',NULL)
,(101292,'requestsApproval.header.requestsApprovalForm',NULL)
,(101293,'requestsApproval.requestsApprovalForm.reqInfo',NULL)
,(101294,'requestsApproval.caption.requestType',NULL)
,(101295,'requestsApproval.requestsApprovalForm.reqPeriod',NULL)
,(101296,'requestsApproval.requestsApprovalForm.reqPeriodInterval',NULL)
,(101297,'requestsApproval.requestsApprovalForm.reqResTitle',NULL)
,(101298,'requestsApproval.requestsApprovalForm.reqStatus',NULL)
,(101299,'requestsApproval.requestsApprovalForm.reqResName',NULL)
,(101300,'requestsApproval.requestsApprovalForm.reqApproval',NULL)
;
INSERT INTO I18N_KEY (ID,NAME,DESCRIPTION) VALUES 
(101301,'requestsApproval.requestsApprovalForm.reqRejected',NULL)
,(101302,'requestsApproval.menu.reports',NULL)
,(101303,'requestsApproval.header.empSpecialVacationsReportsForm',NULL)
,(101304,'requestsApproval.header.empErrandsReportsForm',NULL)
,(101305,'requestsApproval.menu.basicScreens',NULL)
,(101306,'requestsApproval.menu.requestsApprovalPriorities',NULL)
,(101307,'requestsApproval.caption.applicationName',NULL)
,(101309,'requestsApproval.header.empAnnualVacationsReportsForm',NULL)
,(101310,'requestsApproval.errors.invalidEmpCode',NULL)
,(101311,'requestsApproval.errors.nullVacationType',NULL)
;
INSERT INTO I18N_KEY (ID,NAME,DESCRIPTION) VALUES 
(101312,'requestsApproval.errors.nullRequestPeriod',NULL)
,(101313,'requestsApproval.errors.nullLeaveEffect',NULL)
,(101314,'requestsApproval.errors.nullLeaveType',NULL)
,(101315,'requestsApproval.errors.empCodeNotExistance',NULL)
,(101316,'requestsApproval.errors.toTimeShouldBeGreaterThanOrEqualFromTime',NULL)
,(101317,'requestsApproval.errors.invalidEmpCodeOrName',NULL)
,(101318,'requestsApproval.caption.leaveType',NULL)
,(101319,'requestsApproval.caption.special',NULL)
,(101320,'requestsApproval.caption.errand',NULL)
,(101321,'requestsApproval.caption.leaveEffect',NULL)
;
INSERT INTO I18N_KEY (ID,NAME,DESCRIPTION) VALUES 
(101322,'requestsApproval.caption.without',NULL)
,(101323,'requestsApproval.caption.delay',NULL)
,(101324,'requestsApproval.caption.early',NULL)
,(101325,'requestsApproval.caption.requestNumber',NULL)
,(101326,'requestsApproval.header.deleteLoginUsersRequestsForm',NULL)
,(101327,'requestsApproval.errors.requestToBeDeletedIsAlreadyApproved',NULL)
,(101328,'requestsApproval.errors.nullGroup',NULL)
,(101329,'requestsApproval.errors.nullRequests',NULL)
,(101330,'requestsApproval.errors.nullLoginUser',NULL)
,(101331,'requestsApproval.header.empRequestsReportsForm3',NULL)
;
INSERT INTO I18N_KEY (ID,NAME,DESCRIPTION) VALUES 
(101332,'requestsApproval.header.empGroupsView',NULL)
,(101333,'requestsApproval.caption.reponsibles',NULL)
,(101334,'commons.caption.userCode',NULL)
,(101335,'requestsApproval.requestsApprovalForm.Approvaldenied',NULL)
,(101336,'requestsApproval.header.changePassword',NULL)
,(101337,'requestsApproval.loginUsersRequests.saveSuccess',NULL)
,(101338,'requestsApproval.changeProfileForm.wrongpass',NULL)
,(101339,'requestsApproval.changeProfileForm.currentPassword',NULL)
,(101340,'requestsApproval.changeProfileForm.newPassword',NULL)
,(101341,'commons.button.getVacCredit',NULL)
;
INSERT INTO I18N_KEY (ID,NAME,DESCRIPTION) VALUES 
(101342,'requestsApproval.caption.codeTo',NULL)
,(101343,'requestsApproval.caption.codeFrom',NULL)
,(101344,'requestsApproval.menu.allReports',NULL)
,(101345,'requestsApproval.button.cancelApproval',NULL)
,(101346,'requestsApproval.button.requestStatus',NULL)
,(101347,'requestsApproval.caption.vacPeriod',NULL)
,(101348,'requestsApproval.caption.deleteSuccess',NULL)
,(101349,'requestsApproval.caption.date',NULL)
,(101350,'requestsApproval.header.timeAttendanceReport',NULL)
,(101351,'requestsApproval.caption.in',NULL)
;
INSERT INTO I18N_KEY (ID,NAME,DESCRIPTION) VALUES 
(101352,'requestsApproval.caption.out',NULL)
,(101353,'requestsApproval.caption.totalBalance',NULL)
,(101354,'requestsApproval.header.annualVacationBalance',NULL)
,(101355,'commons.caption.inDate',NULL)
,(101356,'requestsApproval.header.annualVacLimitSetting',NULL)
,(101357,'requestsApproval.menu.settings',NULL)
,(101358,'requestsApproval.caption.vacLimit',NULL)
,(101359,'requestsApproval.errors.vacLimitMoreDays',NULL)
,(101360,'requestsApproval.errors.vacLimitOneDay',NULL)
,(101361,'requestsApproval.errors.nullNotes',NULL)
;
INSERT INTO I18N_KEY (ID,NAME,DESCRIPTION) VALUES 
(101362,'requestsApproval.header.annualVacationBalance2',NULL)
,(101363,'commons.menu.help',NULL)
,(101364,'requestsApproval.header.CompanyRules',NULL)
,(101365,'requestsApproval.errors.vacLimit',NULL)
,(101366,'requestsApproval.errors.day',NULL)
,(101367,'requestsApproval.errors.vacLimitProblem',NULL)
,(101368,'requestsApproval.caption.quarDay',NULL)
,(101369,'requestsApproval.caption.halfDay',NULL)
,(101370,'requestsApproval.caption.leaveTime',NULL)
,(101371,'requestsApproval.caption.leaveTimeStart',NULL)
;
INSERT INTO I18N_KEY (ID,NAME,DESCRIPTION) VALUES 
(101372,'requestsApproval.caption.leaveTimeEnd',NULL)
,(101373,'requestsApproval.errors.quarDay',NULL)
,(101374,'requestsApproval.errors.halfDay',NULL)
,(101375,'requestsApproval.errors.notQuarNorHalf',NULL)
,(101376,'requestsApproval.header.AttendanceRequest',NULL)
,(101377,'requestsApproval.caption.requestReason',NULL)
,(101378,'requestsApproval.header.attendanceRequestsReports',NULL)
,(101379,'requestsApproval.caption.reqPeriod',NULL)
,(101380,'requestsApproval.header.attendanceRequestsApprovalForm',NULL)
,(101381,'requestsApproval.errors.nullRequestDatesPeriod',NULL)
;
INSERT INTO I18N_KEY (ID,NAME,DESCRIPTION) VALUES 
(101382,'requestsApproval.errors.doneBefore',NULL)
,(101383,'requestsApproval.caption.netTotalTime',NULL)
,(101384,'requestsApproval.caption.netTime',NULL)
,(101385,'requestsApproval.caption.normal',NULL)
,(10130,'hr.caption.implementBeginDate',NULL)
,(10131,'hr.caption.discountDays',NULL)
,(1032,'stores.caption.hasMultiDep',NULL)
,(1035,'stores.menu.reportUrlConnection',NULL)
,(1036,'stores.caption.editUrlReport',NULL)
,(1037,'stores.caption.urlReport',NULL)
;
INSERT INTO I18N_KEY (ID,NAME,DESCRIPTION) VALUES 
(1038,'stores.caption.urlLogoReport',NULL)
,(1224,'stores.caption.decimalNumberDistQty',NULL)
,(1225,'stores.caption.contracts',NULL)
,(1226,'stores.caption.transactions',NULL)
,(1227,'stores.caption.editBeginPeriods',NULL)
,(1228,'stores.caption.periods',NULL)
,(1229,'stores.errors.palettesTypeIsWrong',NULL)
,(1230,'stores.caption.expectedPalette',NULL)
,(1231,'stores.caption.maxPaletteSize',NULL)
,(1232,'stores.caption.usedSize',NULL)
;
INSERT INTO I18N_KEY (ID,NAME,DESCRIPTION) VALUES 
(1233,'stores.caption.emptySize',NULL)
,(1234,'stores.caption.balanceItemByRoom',NULL)
,(1235,'stores.caption.viewInvoice',NULL)
,(1236,'stores.errors.fromDateForRoomGreaterThanContractDate',NULL)
,(1237,'stores.errors.transactionDateGreaterThanLastInvoiveDate',NULL)
,(1238,'stores.error.invlideWeightByTransWithMonthAccount',NULL)
,(1239,'stores.caption.totalBeginBalance',NULL)
,(1240,'stores.caption.totalAddBalance',NULL)
,(1241,'commons.caption.totalSubBalance',NULL)
,(1242,'stores.caption.printDetail',NULL)
;
INSERT INTO I18N_KEY (ID,NAME,DESCRIPTION) VALUES 
(1243,'stores.menu.detailedCardItemBalanceReport',NULL)
,(1244,'stores.caption.Balances',NULL)
,(1245,'stores.caption.fromItem',NULL)
,(1246,'stores.caption.toItem',NULL)
,(1247,'commons.caption.zero',NULL)
,(1248,'commons.caption.nonZero',NULL)
,(1249,'stores.caption.totalBalanceForAddSub',NULL)
,(1250,'stores.caption.roomPaletteBalancesReport',NULL)
,(1251,'stores.caption.ViewDetailedCardItemBalance',NULL)
,(1252,'stores.caption.uploadingDetails',NULL)
;
INSERT INTO I18N_KEY (ID,NAME,DESCRIPTION) VALUES 
(1253,'stores.caption.extraQuantity',NULL)
,(1256,'stores.caption.updateShippingDoc',NULL)
,(1257,'stores.caption.delShippingDoc',NULL)
,(1258,'stores.caption.migrateExtItemData',NULL)
,(1254,'stores.menu.internalDocumentsCreation',NULL)
,(1260,'stores.caption.transDepByExtTransDep',NULL)
,(1261,'stores.caption.printSpec',NULL)
,(1262,'stores.caption.firstSignature',NULL)
,(1263,'stores.caption.secondSignature',NULL)
,(1264,'stores.caption.thirdSignature',NULL)
;
INSERT INTO I18N_KEY (ID,NAME,DESCRIPTION) VALUES 
(1265,'stores.errors.invalidTransactionDateByContract',NULL)
,(1266,'commons.caption.totalRoomValue',NULL)
,(1267,'commons.caption.totalItemValue',NULL)
,(1269,'stores.button.editMultiPaletteNumber',NULL)
,(1270,'stores.caption.quantityLessThanOrEqual',NULL)
,(1271,'stores.caption.numberLessThanOrEqual',NULL)
,(1272,'stores.menu.reportLoserItem',NULL)
,(1273,'stores.caption.viewShippingData',NULL)
,(1274,'stores.caption.lostStorage',NULL)
,(1275,'stores.caption.roomArea',NULL)
;
INSERT INTO I18N_KEY (ID,NAME,DESCRIPTION) VALUES 
(1276,'stores.caption.usedArea',NULL)
,(1277,'stores.caption.emptyArea',NULL)
,(1278,'stores.caption.currentRoomBalance',NULL)
,(1279,'stores.caption.currentContractBalance',NULL)
,(1280,'stores.caption.fromRoom',NULL)
,(1281,'stores.caption.toRoom',NULL)
,(1282,'stores.caption.roomAreaStatusReport',NULL)
,(1283,'stores.caption.lostItemByAddTrans',NULL)
,(1284,'stores.caption.lostItemByAllTrans',NULL)
,(1285,'stores.caption.uploadingPrice',NULL)
;
INSERT INTO I18N_KEY (ID,NAME,DESCRIPTION) VALUES 
(1286,'stores.caption.screeningPrice',NULL)
,(1287,'stores.caption.transAccountForContractor',NULL)
,(1288,'stores.caption.contractorItem',NULL)
,(1289,'stores.errors.requiredContractorType',NULL)
,(1290,'stores.caption.priceUploadingItem',NULL)
,(1291,'stores.caption.priceScreeingItem',NULL)
,(1313,'stores.caption.viewContractorAccountSummation',NULL)
,(1314,'stores.caption.contractorAccountReport',NULL)
,(1315,'stores.caption.uploadingCost',NULL)
,(1316,'stores.caption.screeningCost',NULL)
;
INSERT INTO I18N_KEY (ID,NAME,DESCRIPTION) VALUES 
(1317,'stores.caption.contractorCode',NULL)
,(1318,'stores.caption.contractorName',NULL)
,(1319,'stores.caption.quantityByTon',NULL)
,(1320,'stores.caption.uploadingOnly',NULL)
,(1321,'stores.caption.screeningOnly',NULL)
,(1322,'stores.caption.contractorAccount',NULL)
,(1324,'stores.menu.detailedContractorAccountReport',NULL)
,(1325,'stores.caption.transactionNo',NULL)
,(1326,'stores.caption.paymentTransaction',NULL)
,(1327,'stores.caption.paidAmount',NULL)
;
INSERT INTO I18N_KEY (ID,NAME,DESCRIPTION) VALUES 
(1329,'stores.caption.viewDetailedContractorAccountSummation',NULL)
,(1330,'stores.caption.withPalettes',NULL)
,(1292,'stores.caption.unitScreenPrice',NULL)
,(1333,'stores.caption.printShippingData',NULL)
,(1334,'stores.caption.byPalette',NULL)
,(1335,'stores.caption.countryOfOrigin',NULL)
,(1336,'stores.caption.containerNumber',NULL)
,(1337,'stores.caption.farmerNumber',NULL)
,(1338,'stores.caption.exportData',NULL)
,(1339,'stores.caption.printWithoutSpecs',NULL)
;
INSERT INTO I18N_KEY (ID,NAME,DESCRIPTION) VALUES 
(1340,'stores.caption.unitUploadOrScreenPrice',NULL)
,(1342,'stores.menu.totalRoomAccountBalance',NULL)
,(1343,'stores.caption.totalRoomPaletteBalancesReport',NULL)
,(1344,'stores.caption.printTransDep',NULL)
,(1345,'stores.caption.printContractDep',NULL)
,(1346,'stores.caption.extDestDepFrom',NULL)
,(1347,'stores.caption.extDestDepTo',NULL)
,(1348,'stores.caption.printInternalDep',NULL)
,(1349,'stores.caption.printExternalDep',NULL)
,(1350,'stores.caption.migrateExtCustomer',NULL)
;
INSERT INTO I18N_KEY (ID,NAME,DESCRIPTION) VALUES 
(1351,'stores.caption.migrateExtCostCenter',NULL)
,(1352,'stores.caption.totalCapacityPrice',NULL)
,(1353,'stores.error.invalidUpdateTransByInvoice',NULL)
,(1354,'stores.error.invalidDeleteTransByInvoice',NULL)
,(1355,'security.caption.reportPathNotFound',NULL)
,(1356,'stores.caption.reportFileName',NULL)
,(1357,'stores.caption.addScreenTrans',NULL)
,(1358,'stores.caption.costingByAddScreeningTrans',NULL)
,(1359,'stores.caption.duplicatePalette',NULL)
,(1360,'commons.errors.paletteIsDuplicated',NULL)
;
INSERT INTO I18N_KEY (ID,NAME,DESCRIPTION) VALUES 
(1361,'stores.caption.maxPaletteNumber',NULL)
,(1389,'commons.button.addDepRooms',NULL)
,(1390,'stores.caption.emptyPalettes',NULL)
,(1391,'commons.button.replace',NULL)
,(1392,'stores.caption.accordingAddTransactions',NULL)
,(1393,'stores.error.invlideAddWeightByTransWithMonthAccount',NULL)
,(1394,'stores.caption.addReplaceRoom',NULL)
,(1395,'commons.button.balancePaletteByRoom',NULL)
,(1396,'stores.caption.AnotherData',NULL)
,(1397,'stores.caption.addInfoBalancePaletteByRoom',NULL)
;
INSERT INTO I18N_KEY (ID,NAME,DESCRIPTION) VALUES 
(1398,'stores.errors.invalidDeleteByDependencyTransaction',NULL)
,(1399,'stores.caption.branchCode',NULL)
,(1400,'stores.caption.transName',NULL)
,(1401,'stores.caption.viewTransDep',NULL)
,(1402,'security.caption.canEditBranchInRunTime',NULL)
,(1403,'stores.caption.editBranchByUser',NULL)
,(1404,'stores.caption.switchTo',NULL)
,(1405,'stores.menu.closeContractsByInvoice',NULL)
,(1406,'stores.caption.closedContract',NULL)
,(1407,'stores.button.closeContract',NULL)
;
INSERT INTO I18N_KEY (ID,NAME,DESCRIPTION) VALUES 
(1408,'stores.caption.contractWithoutItem',NULL)
,(1409,'stores.errors.fromDateForRoomGreaterThanToDateForRoom',NULL)
,(1410,'stores.caption.searchByTransNo',NULL)
,(1411,'stores.error.extTransDepQty',NULL)
,(1412,'stores.errors.duplicateItemFormInTransaction',NULL)
,(1413,'stores.errors.emptyLinkedByExtItem',NULL)
,(1415,'stores.errors.emptySpecsItem',NULL)
,(1416,'stores.caption.extGroupItem',NULL)
,(1417,'stores.errors.repeatedCodeLinkedByExtItemFom',NULL)
,(1418,'stores.caption.migrateExtAgent',NULL)
;
INSERT INTO I18N_KEY (ID,NAME,DESCRIPTION) VALUES 
(1419,'stores.errors.notAvalidDateByLastInvoice',NULL)
,(1420,'stores.caption.migrateExtVendor',NULL)
,(1421,'stores.caption.canEditBranchInTransDep',NULL)
,(1422,'stores.caption.doNotDepInternalContract',NULL)
,(1423,'stores.caption.depInternalContract',NULL)
,(1424,'stores.caption.onlyContract',NULL)
,(1425,'stores.caption.typeDepContract',NULL)
,(1426,'stores.caption.depOnTotalQty',NULL)
,(1427,'stores.errors.invalidTotalDepQty',NULL)
,(1428,'stores.caption.validTotalDepQty',NULL)
;
INSERT INTO I18N_KEY (ID,NAME,DESCRIPTION) VALUES 
(1429,'stores.caption.withoutDependency',NULL)
,(1430,'stores.caption.transWithoutDependencies',NULL)
,(1431,'stores.caption.depQuantityByTrans',NULL)
,(50563,NULL,NULL)
,(101203,'hr.menu.spAnualRaiseView',NULL)
,(101204,'hr.menu.empInstExperYearsForm',NULL)
,(101226,'hr.caption.isPermenant',NULL)
,(1070,'portal.caption.order',NULL)
,(1071,'portal.caption.query',NULL)
,(1072,'portal.caption.hide',NULL)
;
INSERT INTO I18N_KEY (ID,NAME,DESCRIPTION) VALUES 
(1073,'portal.caption.bindfield',NULL)
,(1074,'portal.caption.browseReport',NULL)
,(1386,'portal.caption.reportEnglishName',NULL)
,(1387,'portal.caption.reportArabicName',NULL)
,(1388,'portal.caption.oldFileName',NULL)
,(11104,'gl.caption.accountBranchError',NULL)
,(833,'stores.errors.invalidTransactionContractDate',NULL)
,(834,'stores.errors.invalidItemStoreBalance',NULL)
,(835,'stores.errors.invalidItemPaletteBalance',NULL)
,(836,'stores.errors.cannotDeleteForDependency',NULL)
;
INSERT INTO I18N_KEY (ID,NAME,DESCRIPTION) VALUES 
(896,'attendance.caption.patrolVacations',NULL)
,(897,'attendance.caption.vacation',NULL)
,(898,'attendance.menu.patrolVacations',NULL)
,(899,'attendance.errors.NoSelectedEmployee',NULL)
,(900,'attendance.caption.patrolEmpVacation',NULL)
,(901,'attendance.caption.due',NULL)
,(902,'attendance.caption.transferring',NULL)
,(903,'attendance.caption.credit',NULL)
,(904,'attendance.caption.year',NULL)
,(905,'attendance.caption.specialVacations',NULL)
;
INSERT INTO I18N_KEY (ID,NAME,DESCRIPTION) VALUES 
(906,'attendance.menu.specialVacations',NULL)
,(907,'attendance.caption.speciallEmpVacation',NULL)
,(908,'attendance.caption.employeeAttendGroups',NULL)
,(909,'attendance.menu.employeeAttendGroups',NULL)
,(910,'attendance.caption.empAttendGroups',NULL)
,(911,'commons.caption.noDeleteExist',NULL)
,(912,'attendance.caption.applyPlanToAttendGroup',NULL)
,(913,'attendance.caption.plan',NULL)
,(914,'attendance.caption.repeating',NULL)
,(915,'attendance.menu.applyPlanToAttendGroup',NULL)
;
INSERT INTO I18N_KEY (ID,NAME,DESCRIPTION) VALUES 
(916,'attendance.caption.addApplyingPlan',NULL)
,(917,'commons.errors.dateBeforeCurrent',NULL)
,(918,'attendance.errors.interfereWithAnotherIntervalDate',NULL)
,(850,'stores.caption.lehaaCode',NULL)
,(851,'stores.menu.dbConnection',NULL)
,(852,'stores.header.dbConnection',NULL)
,(925,'stores.caption.hostName',NULL)
,(926,'stores.caption.serviceName',NULL)
,(927,'stores.header.editDBConnection',NULL)
,(928,'stores.caption.isActive',NULL)
;
INSERT INTO I18N_KEY (ID,NAME,DESCRIPTION) VALUES 
(394,'stores.error.cannotDeleteForDependency',NULL)
,(1053,'gl.header.detailedTransactions',NULL)
,(1054,'gl.menu.detailedTransactions',NULL)
,(1055,'gl.caption.localDebit',NULL)
,(1056,'gl.caption.localCredit',NULL)
,(1057,'gl.caption.orderBy',NULL)
,(1810,'attendance.caption.empAttendanceCard',NULL)
,(1811,'attendance.caption.employeeCode',NULL)
,(1812,'attendance.caption.attendanceCard',NULL)
,(1813,'attendance.menu.empAttendanceCard',NULL)
;
INSERT INTO I18N_KEY (ID,NAME,DESCRIPTION) VALUES 
(1814,'attendance.caption.empAttendanceGroup',NULL)
,(1815,'attendance.caption.attendGroup',NULL)
,(1816,'attendance.menu.empAttendanceGroup',NULL)
,(1817,'attendance.caption.vacationTypes',NULL)
,(469,'stores.caption.editStoreTrnsDefSpec',NULL)
,(470,'stores.menu.paletteNumber',NULL)
,(471,'stores.header.paletteNumber',NULL)
,(472,'stores.caption.paletteType',NULL)
,(473,'stores.caption.pallete',NULL)
,(474,'stores.caption.box',NULL)
;
INSERT INTO I18N_KEY (ID,NAME,DESCRIPTION) VALUES 
(475,'stores.caption.jumbo',NULL)
,(476,'stores.caption.editPaletteNumber',NULL)
,(477,'stores.caption.storeTypeList',NULL)
,(478,'stores.caption.productionStore',NULL)
,(479,'stores.caption.subStore',NULL)
,(480,'stores.caption.refrigerator',NULL)
,(481,'stores.caption.paletteCapacity',NULL)
,(482,'stores.caption.boxCapacity',NULL)
,(483,'stores.caption.jumboCapacity',NULL)
,(484,'stores.errors.requiredStoresList',NULL)
;
INSERT INTO I18N_KEY (ID,NAME,DESCRIPTION) VALUES 
(485,'stores.errors.requiredAtleastOneValue',NULL)
,(486,'stores.caption.editRoomMeasures',NULL)
,(487,'stores.caption.storeName',NULL)
,(488,'stores.caption.temperature',NULL)
,(489,'stores.caption.humidity',NULL)
,(490,'stores.caption.gas',NULL)
,(491,'stores.button.addRoomMeasures',NULL)
,(492,'stores.menu.roomMeasures',NULL)
,(493,'stores.header.roomMeasures',NULL)
,(494,'stores.caption.hasAnotherUnit',NULL)
;
INSERT INTO I18N_KEY (ID,NAME,DESCRIPTION) VALUES 
(495,'stores.caption.from',NULL)
,(496,'stores.caption.to',NULL)
,(497,'stores.caption.loadingCost',NULL)
,(498,'stores.caption.freeDays',NULL)
,(499,'stores.caption.transactionKind',NULL)
,(500,'stores.caption.byRoom',NULL)
,(501,'stores.caption.byWeight',NULL)
,(502,'stores.caption.startCalculationFrom',NULL)
,(503,'stores.caption.startOfContract',NULL)
,(504,'stores.caption.firstAddTransactionDate',NULL)
;
INSERT INTO I18N_KEY (ID,NAME,DESCRIPTION) VALUES 
(505,'stores.caption.monthPartRule',NULL)
,(506,'stores.caption.halfOfMonth',NULL)
,(507,'stores.caption.wholeMonth',NULL)
,(508,'stores.caption.percentOfMonth',NULL)
,(509,'stores.caption.number',NULL)
,(510,'stores.caption.destination',NULL)
,(511,'stores.caption.costCenter',NULL)
,(512,'stores.caption.paletteCode',NULL)
,(513,'stores.menu.costCenter',NULL)
,(514,'stores.header.costCenter',NULL)
;
INSERT INTO I18N_KEY (ID,NAME,DESCRIPTION) VALUES 
(515,'stores.caption.editCostCenter',NULL)
,(516,'stores.caption.detailHasDestination',NULL)
,(517,'stores.caption.hasDetailCostCenter',NULL)
,(518,'stores.caption.hasItemDetail',NULL)
,(519,'stores.caption.isContract',NULL)
,(520,'stores.caption.itemDetailHasDestination',NULL)
,(521,'stores.caption.balance',NULL)
,(715,'hr.header.specialtyDivisionTree',NULL)
,(718,'hr.button.copyLeafs',NULL)
,(719,'hr.header.specialtyDivisionCodes',NULL)
;
INSERT INTO I18N_KEY (ID,NAME,DESCRIPTION) VALUES 
(720,'hr.button.addRoot',NULL)
,(881,'attendance.caption.manualAttendanceSheet',NULL)
,(1700,'attendance.caption.vacationCode',NULL)
,(1701,'attendance.caption.vacationType',NULL)
,(1702,'attendance.caption.journalVacation',NULL)
,(1703,'attendance.caption.specialVacation',NULL)
,(1704,'attendance.caption.allowTransfer',NULL)
,(1705,'attendance.caption.transferTo',NULL)
,(1706,'attendance.caption.workingMonthesPreVacation',NULL)
,(1707,'attendance.caption.payed',NULL)
;
INSERT INTO I18N_KEY (ID,NAME,DESCRIPTION) VALUES 
(1708,'attendance.caption.officialVacations',NULL)
,(1709,'attendance.caption.vacationTypeForm',NULL)
,(1710,'attendance.header.officialVacationForm',NULL)
,(1711,'attendance.caption.vacationDate',NULL)
,(1712,'attendance.caption.weeklyVacationForm',NULL)
,(1713,'attendance.caption.saturday',NULL)
,(1714,'attendance.caption.sunday',NULL)
,(1715,'attendance.caption.monday',NULL)
,(1716,'attendance.caption.tuesday',NULL)
,(1717,'attendance.caption.wednesday',NULL)
;
INSERT INTO I18N_KEY (ID,NAME,DESCRIPTION) VALUES 
(1718,'attendance.caption.thursday',NULL)
,(1719,'attendance.caption.friday',NULL)
,(1720,'attendance.menu.basicData',NULL)
,(1721,'attendance.menu.vacationType',NULL)
,(1722,'attendance.menu.officialVacation',NULL)
,(1723,'attendance.menu.weeklyVacation',NULL)
,(1724,'attendance.menu.regionCodes',NULL)
,(1725,'attendance.menu.publicAdministrationCodes',NULL)
,(1726,'attendance.menu.administrationCodes',NULL)
,(1727,'attendance.menu.clockCodes',NULL)
;
INSERT INTO I18N_KEY (ID,NAME,DESCRIPTION) VALUES 
(1728,'attendance.menu.postsCodes',NULL)
,(1729,'attendance.menu.workPeriodsCodes',NULL)
,(1730,'attendance.menu.violationComingDelay',NULL)
,(1731,'attendance.menu.violationGoingEarly',NULL)
,(1732,'attendance.caption.regionCodes',NULL)
,(1733,'attendance.caption.regionCode',NULL)
,(1734,'attendance.caption.regionForm',NULL)
,(1735,'attendance.caption.publicAdministrationCodes',NULL)
,(1736,'attendance.caption.publicAdministrationForm',NULL)
,(1737,'attendance.caption.publicAdministrationCode',NULL)
;
INSERT INTO I18N_KEY (ID,NAME,DESCRIPTION) VALUES 
(1738,'attendance.caption.administrationCodes',NULL)
,(1739,'attendance.caption.administrationForm',NULL)
,(1740,'attendance.caption.administrationCode',NULL)
,(1741,'attendance.caption.postsCodes',NULL)
,(1742,'attendance.caption.postForm',NULL)
,(1743,'attendance.caption.postCode',NULL)
,(1744,'attendance.caption.postConditions',NULL)
,(1745,'attendance.caption.clockCodes',NULL)
,(1746,'attendance.caption.clockCodesForm',NULL)
,(1749,'attendance.caption.clockCode',NULL)
;
INSERT INTO I18N_KEY (ID,NAME,DESCRIPTION) VALUES 
(1750,'attendance.caption.iOPeriod',NULL)
,(1751,'attendance.caption.lastDate',NULL)
,(1752,'attendance.caption.lasttime',NULL)
,(1753,'attendance.caption.oneDay',NULL)
,(1754,'attendance.caption.continually',NULL)
,(1755,'attendance.caption.workPeriodsCodes',NULL)
,(1756,'attendance.caption.workPeriodsForm',NULL)
,(1757,'attendance.caption.workPeriodCode',NULL)
,(1758,'attendance.caption.workingGroups',NULL)
,(1759,'attendance.button.groupPlans',NULL)
;
INSERT INTO I18N_KEY (ID,NAME,DESCRIPTION) VALUES 
(1760,'attendance.caption.workingGroupsForm',NULL)
,(1761,'attendance.caption.workGroupCode',NULL)
,(1762,'attendance.caption.palnDaysNum',NULL)
,(1763,'attendance.caption.numOfPeriodsPerDay',NULL)
,(1764,'attendance.caption.relatedToWeek',NULL)
,(1765,'attendance.menu.workingGroups',NULL)
,(1766,'attendance.caption.groupPlans',NULL)
,(1767,'attendance.caption.groupPlansForm',NULL)
,(1768,'attendance.caption.groupPlanCode',NULL)
,(1769,'attendance.caption.workPeriod',NULL)
;
INSERT INTO I18N_KEY (ID,NAME,DESCRIPTION) VALUES 
(1770,'attendance.caption.rank',NULL)
,(1771,'attendance.caption.violationComingDelay',NULL)
,(1772,'attendance.caption.violationDelayForm',NULL)
,(1773,'attendance.caption.violation',NULL)
,(1774,'attendance.caption.violationGoingEarly',NULL)
,(1775,'attendance.caption.applicationName',NULL)
,(882,'attendance.menu.manualAttendanceSheet',NULL)
,(883,'attendance.caption.readExcelSheet',NULL)
,(884,'attendance.caption.readingData',NULL)
,(885,'attendance.menu.exportAttendanceSheet',NULL)
;
INSERT INTO I18N_KEY (ID,NAME,DESCRIPTION) VALUES 
(936,'stores.errors.roomMeasuresRequired',NULL)
,(937,'stores.caption.allTheTime',NULL)
,(938,'stores.caption.accordingTransactions',NULL)
,(939,'stores.caption.cubicMetersPrice',NULL)
,(940,'stores.caption.contractsType',NULL)
,(941,'stores.caption.tonPrice',NULL)
,(942,'stores.caption.hasItemDetailCostCenter',NULL)
,(943,'stores.caption.period',NULL)
,(944,'stores.caption.rent',NULL)
,(945,'stores.caption.uploading',NULL)
;
INSERT INTO I18N_KEY (ID,NAME,DESCRIPTION) VALUES 
(946,'stores.caption.other',NULL)
,(947,'stores.caption.periodFrom',NULL)
,(948,'stores.caption.periodTo',NULL)
,(949,'stores.button.createInvoices',NULL)
,(950,'stores.button.showInvoices',NULL)
,(951,'stores.caption.lehaaLostCode',NULL)
,(952,'stores.menu.viewInvoices',NULL)
,(953,'stores.caption.viewInvoices',NULL)
,(954,'stores.header.editInvoice',NULL)
,(955,'stores.button.reservationRoomReport',NULL)
;
INSERT INTO I18N_KEY (ID,NAME,DESCRIPTION) VALUES 
(956,'stores.caption.contractReportRooms',NULL)
,(959,'stores.caption.roomStatus',NULL)
,(960,'stores.caption.usedCapacity',NULL)
,(961,'stores.caption.contractRoom',NULL)
,(962,'stores.caption.reservationRoom',NULL)
,(963,'stores.caption.emptyRoom',NULL)
,(964,'stores.errors.cannotDeleteLaterInvoiceExist',NULL)
,(965,'stores.caption.openingBalanceTransType',NULL)
,(966,'stores.errors.invalidQuantityItemStoreBalance',NULL)
,(5000,'attendance.caption.finalizeLateEmployees',NULL)
;
INSERT INTO I18N_KEY (ID,NAME,DESCRIPTION) VALUES 
(5001,'attendance.caption.delayPeriod',NULL)
,(5002,'attendance.caption.finalizeEarlyEmployees',NULL)
,(5003,'attendance.caption.earlyPeriod',NULL)
,(5004,'attendance.caption.finalizeAbsentEmployees',NULL)
,(5005,'attendance.menu.finalizeLateEmployees',NULL)
,(5006,'attendance.menu.finalizeEarlyEmployees',NULL)
,(5007,'attendance.menu.finalizeAbsentEmployees',NULL)
,(5008,'attendance.menu.finalizeOvertimeEmployees',NULL)
,(5009,'attendance.caption.finalizeOvertimeEmployees',NULL)
,(5010,'attendance.menu.finalization',NULL)
;
INSERT INTO I18N_KEY (ID,NAME,DESCRIPTION) VALUES 
(5011,'attendance.caption.overtimeBefore',NULL)
,(5012,'attendance.caption.overtimeAfter',NULL)
,(967,'stores.errors.invalidDeleteQuantityItemStoreBalance',NULL)
,(968,'stores.errors.invalidChangeQuantityItemStoreBalance',NULL)
,(969,'stores.caption.waitMessageForDelete',NULL)
,(970,'stores.caption.detailOfReservation',NULL)
,(971,'stores.errors.endDateForRoomGreaterThanDate',NULL)
,(972,'stores.errors.endDateForRoomLessThanDate',NULL)
,(973,'commons.button.backToList',NULL)
,(5019,'attendance.caption.apply',NULL)
;
INSERT INTO I18N_KEY (ID,NAME,DESCRIPTION) VALUES 
(5020,'attendance.caption.finalize',NULL)
,(5021,'attendance.caption.empExcuse',NULL)
,(5022,'attendance.caption.excuseDate',NULL)
,(5023,'attendance.caption.excuseType',NULL)
,(5024,'attendance.caption.excuseNature',NULL)
,(5025,'attendance.caption.midOfTheDay',NULL)
,(5026,'attendance.caption.earlyLeave',NULL)
,(5027,'attendance.caption.lateEntrance',NULL)
,(5028,'attendance.caption.excuseDuration',NULL)
,(5029,'attendance.menu.excuses',NULL)
;
INSERT INTO I18N_KEY (ID,NAME,DESCRIPTION) VALUES 
(5030,'attendance.caption.empExcuseView',NULL)
,(974,'security.caption.canSeeAllStore',NULL)
,(5031,'attendance.header.signature',NULL)
,(5032,'attendance.menu.signature',NULL)
,(5033,'attendance.header.hours',NULL)
,(5034,'attendance.menu.hours',NULL)
,(5035,'attendance.menu.overtimeSpecificationsForm',NULL)
,(5036,'attendance.header.overtimeSpecificationForm',NULL)
,(5037,'attendance.caption.applied',NULL)
,(5038,'attendance.caption.everyHour',NULL)
;
INSERT INTO I18N_KEY (ID,NAME,DESCRIPTION) VALUES 
(5039,'attendance.caption.everyDay',NULL)
,(5040,'attendance.caption.calculationMethod',NULL)
,(5041,'attendance.caption.morning',NULL)
,(5042,'attendance.caption.night',NULL)
,(5043,'attendance.caption.vacation2',NULL)
,(5044,'attendance.caption.nightTiming',NULL)
,(5045,'attendance.caption.maxLimit',NULL)
,(5046,'attendance.caption.totalDue',NULL)
,(5047,'attendance.caption.BasicSalary',NULL)
,(5048,'attendance.caption.ratioFromTotalSalary',NULL)
;
INSERT INTO I18N_KEY (ID,NAME,DESCRIPTION) VALUES 
(5049,'attendance.caption.finalizeUnachievedEmployees',NULL)
,(5050,'attendance.menu.finalizeUnachievedEmployee',NULL)
,(5051,'attendance.caption.totalDuePlusTaxesAndInsurance',NULL)
,(5052,'attendance.caption.rationFromContractSalary',NULL)
,(5053,'attendance.caption.value',NULL)
,(5054,'attendance.caption.rationFromConstantSalary',NULL)
,(5055,'attendance.caption.ratioFromBasicSalary',NULL)
,(5056,'attendance.caption.weekend',NULL)
,(5057,'attendance.caption.vacationTypeRecoupe',NULL)
,(5058,'attendance.header.absenceReport',NULL)
;
INSERT INTO I18N_KEY (ID,NAME,DESCRIPTION) VALUES 
(5059,'attendance.menu.absenceReport',NULL)
,(5060,'attendance.menu.attendanceAnalysis',NULL)
,(5061,'attendance.header.attendanceAnalysis',NULL)
,(5062,'attendance.caption.status',NULL)
,(5063,'attendance.caption.absent',NULL)
,(5064,'attendance.caption.overtime',NULL)
,(5065,'commons.errors.numbersOnly',NULL)
,(5066,'attendance.errors.cannotBeDeleted',NULL)
,(10139,'hr.caption.accusationSummary',NULL)
,(10140,'hr.caption.accusationDate',NULL)
;
INSERT INTO I18N_KEY (ID,NAME,DESCRIPTION) VALUES 
(10141,'hr.caption.executionDate',NULL)
,(10142,'hr.caption.finalAction',NULL)
,(10143,'hr.caption.policeMinutesNumber',NULL)
,(10144,'hr.caption.judge',NULL)
,(10145,'hr.menu.employeeAccusationView',NULL)
,(10146,'hr.header.employeeAccusationView',NULL)
,(10147,'hr.header.employeeAccusationForm',NULL)
,(10148,'hr.menu.employeeVacationView',NULL)
,(10149,'hr.header.employeeVacationView',NULL)
,(10150,'hr.header.employeeVacationForm',NULL)
;
INSERT INTO I18N_KEY (ID,NAME,DESCRIPTION) VALUES 
(10151,'hr.caption.consumed',NULL)
,(10152,'hr.menu.employeeVacationIncreaseView',NULL)
,(10153,'hr.menu.employeeVacationDecreaseView',NULL)
,(10154,'hr.header.employeeVacationIncreaseForm',NULL)
,(10155,'hr.header.employeeVacationDecreaseForm',NULL)
,(10156,'hr.header.employeeVacationIncreaseView',NULL)
,(10157,'hr.header.employeeVacationDecreaseView',NULL)
,(10158,'hr.caption.days',NULL)
,(10159,'hr.caption.reason',NULL)
,(10160,'hr.menu.employeeErrandView',NULL)
;
INSERT INTO I18N_KEY (ID,NAME,DESCRIPTION) VALUES 
(10161,'hr.header.employeeErrandView',NULL)
,(10162,'hr.header.employeeErrandForm',NULL)
,(10163,'hr.menu.employeeSpecialVacationView',NULL)
,(10164,'hr.header.employeeSpecialVacationView',NULL)
,(10165,'hr.header.employeeSpecialVacationForm',NULL)
,(10166,'hr.caption.observations',NULL)
,(10167,'hr.menu.syndicateView',NULL)
,(10168,'hr.header.syndicateView',NULL)
,(10169,'hr.header.addSyndicate',NULL)
,(10170,'hr.header.syndicateView',NULL)
;
INSERT INTO I18N_KEY (ID,NAME,DESCRIPTION) VALUES 
(10171,'hr.menu.syndicateView',NULL)
,(10172,'hr.header.addSyndicate',NULL)
,(10173,'hr.menu.additionalForm',NULL)
,(10174,'hr.header.additionalForm',NULL)
,(10175,'hr.caption.applied',NULL)
,(10176,'hr.caption.everyHour',NULL)
,(10177,'hr.caption.everyDay',NULL)
,(10178,'hr.caption.additionalCalcWay',NULL)
,(10179,'hr.caption.additionalDay',NULL)
,(10180,'hr.caption.additionalNight',NULL)
;
INSERT INTO I18N_KEY (ID,NAME,DESCRIPTION) VALUES 
(10181,'hr.caption.additionalVacation',NULL)
,(10182,'hr.caption.additionalCalcBegin',NULL)
,(10183,'hr.caption.additionalMaxValue',NULL)
,(10184,'hr.caption.from',NULL)
,(10185,'hr.caption.to',NULL)
,(10186,'hr.menu.bankView',NULL)
,(10187,'hr.header.bankView',NULL)
,(10188,'hr.caption.type',NULL)
,(10189,'hr.caption.employeeCostCenter',NULL)
,(10190,'hr.caption.costCenter',NULL)
;
INSERT INTO I18N_KEY (ID,NAME,DESCRIPTION) VALUES 
(10191,'hr.caption.anotherCostCenter',NULL)
,(10192,'hr.caption.bank',NULL)
,(10193,'hr.caption.treasury',NULL)
,(10194,'hr.menu.systemPreferences',NULL)
,(10195,'hr.header.systemPreferences',NULL)
,(10196,'hr.caption.code',NULL)
,(10197,'hr.caption.property',NULL)
,(10198,'hr.caption.choice',NULL)
,(10199,'hr.menu.userPreferences',NULL)
,(101100,'hr.header.userPreferences',NULL)
;
INSERT INTO I18N_KEY (ID,NAME,DESCRIPTION) VALUES 
(101101,'hr.menu.operatingPreferences',NULL)
,(101102,'hr.header.operatingPreferences',NULL)
,(101103,'hr.menu.changeEmployeeCodes',NULL)
,(101104,'hr.header.changeEmployeeCodes',NULL)
,(101105,'hr.caption.employeeCodeFrom',NULL)
,(101106,'hr.caption.employeeCodeTo',NULL)
,(101107,'hr.caption.oldCode',NULL)
,(101108,'hr.caption.newCode',NULL)
,(101109,'hr.caption.employeeName',NULL)
,(101110,'hr.menu.insuranceView',NULL)
;
INSERT INTO I18N_KEY (ID,NAME,DESCRIPTION) VALUES 
(101111,'hr.header.insuranceView',NULL)
,(101112,'hr.caption.fixed',NULL)
,(101113,'hr.caption.changable',NULL)
,(101114,'hr.caption.minValue',NULL)
,(101115,'hr.caption.companyRatio',NULL)
,(101116,'hr.caption.employeeRatio',NULL)
,(101117,'hr.menu.organizationView',NULL)
,(101118,'hr.header.organizationView',NULL)
,(101119,'hr.header.addOrganization',NULL)
,(101120,'commons.caption.shortName',NULL)
;
INSERT INTO I18N_KEY (ID,NAME,DESCRIPTION) VALUES 
(101121,'hr.header.hallmarkView',NULL)
,(101122,'hr.menu.hallmarkView',NULL)
,(101123,'hr.header.addHallmark',NULL)
,(101124,'hr.caption.category',NULL)
,(101125,'hr.caption.ratio',NULL)
,(101126,'hr.caption.first',NULL)
,(101127,'hr.caption.second',NULL)
,(101128,'hr.caption.third',NULL)
,(985,'hr.header.employeeStatusForm',NULL)
,(986,'hr.errors.thereIsExistingDateThatOverlapsThisDate',NULL)
;
INSERT INTO I18N_KEY (ID,NAME,DESCRIPTION) VALUES 
(987,'hr.menu.employeeDocumentsView',NULL)
,(995,'hr.header.employeeDocumentsView',NULL)
,(989,'hr.header.employeeDocumentsForm',NULL)
,(990,'hr.caption.documentPhoto',NULL)
,(991,'hr.caption.documentType',NULL)
,(992,'hr.caption.documentOwner',NULL)
,(993,'hr.caption.expireDate',NULL)
,(994,'hr.caption.releaseDate',NULL)
,(996,'hr.caption.releasePoint',NULL)
,(997,'hr.caption.showEmployeeDocument',NULL)
;
INSERT INTO I18N_KEY (ID,NAME,DESCRIPTION) VALUES 
(998,'hr.header.sponsorView',NULL)
,(999,'hr.menu.sponsorView',NULL)
,(1000,'hr.header.sponsorForm',NULL)
,(1001,'hr.menu.employeeSponsorsView',NULL)
,(1002,'hr.header.employeeSponsorsView',NULL)
,(1003,'hr.header.employeeSponsorForm',NULL)
,(1004,'hr.caption.dateFrom',NULL)
,(1005,'hr.caption.sponsor',NULL)
,(1006,'hr.caption.fromDate',NULL)
,(1007,'hr.caption.toDate',NULL)
;
INSERT INTO I18N_KEY (ID,NAME,DESCRIPTION) VALUES 
(1008,'hr.errors.endDateMustBeLargerThanStartDate',NULL)
,(1016,'hr.menu.vacationsView',NULL)
,(1010,'hr.header.vacationsView',NULL)
,(1011,'hr.header.addVacation',NULL)
,(1012,'hr.caption.vacationType',NULL)
,(1013,'hr.caption.maxNumberForMigration',NULL)
,(1014,'hr.caption.migratedTo',NULL)
,(1015,'hr.caption.monthsBeforeLeaveEntitlement',NULL)
,(1017,'hr.menu.yearsNotAllowedToMigrateVacationsToItFromPreviousYear',NULL)
,(1018,'hr.header.yearsNotAllowedToMigrateVacationsToItFromPreviousYear',NULL)
;
INSERT INTO I18N_KEY (ID,NAME,DESCRIPTION) VALUES 
(1019,'hr.errors.yearShouldBeEnteredInrightWay',NULL)
,(101188,'hr.caption.applyOvertime',NULL)
,(1021,'hr.menu.vacationRules',NULL)
,(1022,'hr.header.vacationRules',NULL)
,(1027,'hr.caption.due',NULL)
,(1040,'hr.caption.serviceLength',NULL)
,(1025,'hr.caption.vacationName',NULL)
,(1026,'hr.caption.vacationCode',NULL)
,(101144,'hr.menu.preferences',NULL)
,(101145,'hr.menu.empPrevIllnessView',NULL)
;
INSERT INTO I18N_KEY (ID,NAME,DESCRIPTION) VALUES 
(101146,'hr.header.empPrevIllness',NULL)
,(101147,'hr.menu.illnessLevels',NULL)
,(101148,'hr.header.illnessLevels',NULL)
,(101149,'hr.menu.salaryPartsView',NULL)
,(101150,'hr.header.salaryPartsView',NULL)
,(101151,'hr.button.effectEquation',NULL)
,(101152,'hr.button.discountAnnualTax',NULL)
,(101153,'hr.caption.roundValue',NULL)
,(101154,'hr.caption.roundType',NULL)
,(101155,'hr.caption.rounding',NULL)
;
INSERT INTO I18N_KEY (ID,NAME,DESCRIPTION) VALUES 
(101156,'hr.caption.defaultValue',NULL)
,(101157,'hr.caption.addToWage',NULL)
,(101158,'hr.caption.applyOrder',NULL)
,(101159,'hr.caption.effectApplyType',NULL)
,(101160,'hr.caption.affectIllness',NULL)
,(101161,'hr.caption.payForBeginner',NULL)
,(101162,'hr.caption.addedToNetPayment',NULL)
,(101163,'hr.caption.addedTowholePayment',NULL)
,(101164,'hr.caption.viewOrder',NULL)
,(101165,'hr.caption.group',NULL)
;
INSERT INTO I18N_KEY (ID,NAME,DESCRIPTION) VALUES 
(101166,'hr.caption.effectDiscountDays',NULL)
,(101167,'hr.caption.effectHallmark',NULL)
,(101168,'hr.caption.effectInsurance',NULL)
,(101169,'hr.caption.effectTax',NULL)
,(101170,'hr.caption.affectsIn',NULL)
,(101171,'hr.caption.effectNature',NULL)
,(101172,'hr.caption.securedFromApplication',NULL)
,(101173,'hr.caption.effectRule',NULL)
,(101174,'hr.caption.ratioFromPayment',NULL)
,(101175,'hr.caption.ratioFromChangable',NULL)
;
INSERT INTO I18N_KEY (ID,NAME,DESCRIPTION) VALUES 
(101176,'hr.caption.shortName',NULL)
,(101177,'hr.caption.insuranceNumber',NULL)
,(101178,'hr.caption.subscriptionDate',NULL)
,(101179,'hr.button.addRowBefore',NULL)
,(101180,'hr.button.addRowAfter',NULL)
,(101181,'hr.caption.number',NULL)
,(101182,'hr.caption.sign',NULL)
,(101186,'hr.header.empInstExperYears',NULL)
,(101187,'hr.caption.annualRaiseValue',NULL)
,(101189,'hr.caption.type',NULL)
;
INSERT INTO I18N_KEY (ID,NAME,DESCRIPTION) VALUES 
(101190,'hr.header.addbank',NULL)
,(101191,'hr.header.addInsurance',NULL)
,(101192,'hr.header.addSalaryParts',NULL)
,(101193,'hr.header.closeMonth',NULL)
,(101194,'hr.caption.close?',NULL)
,(101195,'hr.caption.anualmarg',NULL)
,(101196,'hr.caption.effectExemptionLimit',NULL)
,(101197,'hr.header.addSpecialSalaryParts',NULL)
,(101227,'hr.header.aInsuranceCala',NULL)
,(101213,'hr.header.disc',NULL)
;
INSERT INTO I18N_KEY (ID,NAME,DESCRIPTION) VALUES 
(101214,'hr.caption.minute',NULL)
,(101215,'hr.caption.hour',NULL)
,(101216,'hr.caption.day',NULL)
,(101217,'hr.header.discDaysForm',NULL)
,(101218,'hr.caption.displayed_flag',NULL)
,(101219,'hr.caption.4s',NULL)
,(101220,'hr.caption.normal_user',NULL)
,(101221,'hr.caption.name',NULL)
,(101222,'hr.header.discDaysView',NULL)
,(101223,'hr.menu.discDaysViewByDisc',NULL)
;
INSERT INTO I18N_KEY (ID,NAME,DESCRIPTION) VALUES 
(101224,'hr.menu.discDaysViewWithoutSal',NULL)
,(101228,'hr.caption.basic_sal',NULL)
,(101229,'hr.caption.tot_value',NULL)
,(101230,'hr.caption.tot_sal',NULL)
,(101231,'hr.caption.basic_emp',NULL)
,(101232,'hr.caption.var_emp',NULL)
,(101233,'hr.caption.tot_emp',NULL)
,(101234,'hr.caption.basic_co',NULL)
,(101235,'hr.caption.var_co',NULL)
,(101236,'hr.caption.tot_co',NULL)
;
INSERT INTO I18N_KEY (ID,NAME,DESCRIPTION) VALUES 
(101237,'hr.caption.tot_insu',NULL)
,(101238,'commons.button.copyDataFromPreMonth',NULL)
,(101240,'hr.caption.tax',NULL)
,(101241,'hr.caption.job_join',NULL)
,(101242,'hr.caption.birthDate',NULL)
,(10102,'hr.caption.discountOfLatenessFromSalary',NULL)
,(10103,'hr.caption.discountOfLeavingEarlyFromSalary',NULL)
,(10104,'hr.caption.dayAbsenceWithoutPay',NULL)
,(10105,'hr.header.violationResultsView',NULL)
,(10106,'hr.menu.violationResultsView',NULL)
;
INSERT INTO I18N_KEY (ID,NAME,DESCRIPTION) VALUES 
(10107,'hr.header.addViolationResult',NULL)
,(10108,'hr.menu.employeeServiceLength',NULL)
,(10109,'hr.header.employeeServiceLength',NULL)
,(10110,'hr.caption.experience',NULL)
,(101184,'hr.header.spAnualRaise',NULL)
,(10112,'hr.caption.month',NULL)
,(101225,'commons.caption.insuranceCode',NULL)
,(10114,'hr.menu.violationRules',NULL)
,(10115,'hr.header.violationRules',NULL)
,(10116,'hr.caption.violation',NULL)
;
INSERT INTO I18N_KEY (ID,NAME,DESCRIPTION) VALUES 
(10117,'hr.caption.violationTimes',NULL)
,(10118,'hr.caption.violationPeriodCalculation',NULL)
,(10119,'hr.caption.numOfMonths',NULL)
,(10120,'hr.caption.periodType',NULL)
,(10121,'hr.caption.financialImpact',NULL)
,(101129,'hr.caption.forth',NULL)
,(101130,'hr.caption.fifth',NULL)
,(101131,'hr.caption.sixth',NULL)
,(101132,'hr.caption.employeePartOfInsuranceOn',NULL)
,(101133,'hr.menu.taxView',NULL)
;
INSERT INTO I18N_KEY (ID,NAME,DESCRIPTION) VALUES 
(101134,'hr.header.taxView',NULL)
,(101135,'hr.header.addTax',NULL)
,(101136,'hr.caption.discountRatio',NULL)
,(101137,'hr.caption.annualDiscount',NULL)
,(101138,'hr.caption.personalDiscountLimit',NULL)
,(101139,'hr.caption.familyDiscountLimit',NULL)
,(101140,'hr.caption.marriedDiscountLimit',NULL)
,(101141,'hr.caption.employeeDiscountLimit',NULL)
,(101142,'hr.caption.serviceDuringYearEffectsFamilyDiscount',NULL)
,(101143,'hr.caption.discount',NULL)
;
INSERT INTO I18N_KEY (ID,NAME,DESCRIPTION) VALUES 
(101183,'hr.caption.year',NULL)
,(101185,'hr.caption.raise',NULL)
,(101198,'hr.menu.4SSpecialSalaryPartsView',NULL)
,(101199,'hr.menu.SpecialSalaryPartsView',NULL)
,(101200,'hr.header.specialSalaryPartsView',NULL)
,(101239,'commons.caption.groupBy',NULL)
,(101243,'hr.caption.end_serv',NULL)
,(101205,'hr.menu.closeMonthForm',NULL)
,(101206,'hr.menu.4SSalaryPartsView',NULL)
,(101244,'hr.caption.insuranceDate',NULL)
;
INSERT INTO I18N_KEY (ID,NAME,DESCRIPTION) VALUES 
(101208,'hr.caption.no_days',NULL)
,(101209,'hr.caption.disc_type',NULL)
,(101210,'hr.caption.withoutSal',NULL)
,(101211,'hr.caption.ByDisc',NULL)
,(101245,'hr.caption.insuranceEndDate',NULL)
,(101246,'hr.caption.flagExp',NULL)
,(101247,'hr.caption.basicSalary',NULL)
,(101248,'hr.caption.effectTax',NULL)
,(101249,'hr.caption.basicInsurance',NULL)
,(101250,'hr.caption.notSubjectSalRaise',NULL)
;
INSERT INTO I18N_KEY (ID,NAME,DESCRIPTION) VALUES 
(101251,'hr.caption.otherNotSubject',NULL)
,(101252,'hr.caption.basicTax',NULL)
,(101253,'hr.caption.hourPrice',NULL)
,(101254,'hr.caption.hasGovSalRaise',NULL)
,(101255,'hr.caption.newlyHired',NULL)
,(101256,'hr.caption.noVariableInsurance',NULL)
,(101257,'hr.caption.halftime',NULL)
,(101258,'hr.caption.displayFlag',NULL)
,(101259,'hr.caption.apply_overtime',NULL)
,(101260,'hr.caption.total_salary',NULL)
;
INSERT INTO I18N_KEY (ID,NAME,DESCRIPTION) VALUES 
(101261,'hr.caption.net_sal',NULL)
,(101262,'hr.caption.contract_salary',NULL)
,(101263,'hr.caption.workingd',NULL)
,(101264,'hr.caption.workingh',NULL)
,(101265,'hr.caption.total_no_hour',NULL)
,(101266,'commons.caption.casher',NULL)
,(101267,'commons.caption.region',NULL)
,(101268,'commons.caption.location',NULL)
,(101269,'commons.caption.degree',NULL)
,(101270,'hr.caption.members',NULL)
;
INSERT INTO I18N_KEY (ID,NAME,DESCRIPTION) VALUES 
(101271,'commons.caption.sector',NULL)
,(101272,'commons.caption.job',NULL)
,(101273,'commons.caption.syndicate',NULL)
,(101274,'commons.caption.region',NULL)
,(101275,'commons.caption.remark',NULL)
,(101276,'hr.caption.employeesCodes',NULL)
,(101277,'hr.menu.aInsuranceCalaForm',NULL)
,(101278,'hr.menu.installsView',NULL)
,(10122,'hr.caption.maxValue',NULL)
,(10123,'hr.caption.value',NULL)
;
INSERT INTO I18N_KEY (ID,NAME,DESCRIPTION) VALUES 
(10124,'hr.caption.deductionFromPay',NULL)
,(10125,'hr.caption.violationResult',NULL)
,(10126,'hr.menu.employeePenaltyView',NULL)
,(10127,'hr.header.employeePenaltyView',NULL)
,(10128,'hr.header.employeePenaltyForm',NULL)
,(10129,'hr.caption.penaltyDate',NULL)
,(886,'attendance.menu.importAttendanceSheet',NULL)
,(887,'attendance.caption.importAttendanceSheet',NULL)
,(888,'attendance.caption.clockDesc',NULL)
,(889,'attendance.caption.empAttendanceSearch',NULL)
;
INSERT INTO I18N_KEY (ID,NAME,DESCRIPTION) VALUES 
(890,'attendance.menu.empAttendanceSearch',NULL)
,(891,'attendance.caption.transType',NULL)
,(892,'attendance.caption.IN',NULL)
,(893,'attendance.caption.OUT',NULL)
,(894,'commons.button.addEmployee',NULL)
,(1076,'attendance.caption.employeeWorkPeriod',NULL)
,(1077,'attendance.menu.employeeWorkPeriod',NULL)
,(1078,'attendance.caption.addEditEmpWorkPeriod',NULL)
,(1079,'attendance.caption.startApplyingDate',NULL)
,(1080,'attendance.caption.endApplyingDate',NULL)
;
INSERT INTO I18N_KEY (ID,NAME,DESCRIPTION) VALUES 
(1081,'attendance.errors.employeeHasTheSamePeriodInDate',NULL)
,(1082,'attendance.caption.startDate',NULL)
,(1083,'attendance.caption.endDate',NULL)
,(1084,'attendance.caption.attendInOfficialVacations',NULL)
,(1085,'attendance.caption.violationsPerDay',NULL)
,(1086,'attendance.caption.ratioPeriodPerDay',NULL)
,(1087,'attendance.caption.ignoreAttendBefore',NULL)
,(1088,'attendance.caption.ignoreAttendAfter',NULL)
,(1089,'attendance.caption.considerDelay',NULL)
,(1090,'attendance.caption.considerEarly',NULL)
;
INSERT INTO I18N_KEY (ID,NAME,DESCRIPTION) VALUES 
(1091,'attendance.caption.considerOvertime',NULL)
,(1092,'attendance.caption.startWorkingTime',NULL)
,(1093,'attendance.caption.minute',NULL)
,(1094,'attendance.caption.hour',NULL)
,(1095,'attendance.caption.day',NULL)
,(1096,'attendance.caption.periodDuration',NULL)
,(1097,'attendance.caption.minAttendHours',NULL)
,(1098,'attendance.caption.maxAttendBefore',NULL)
,(1099,'attendance.caption.maxAttendAfter',NULL)
,(1100,'attendance.caption.allowanceMinuteDelay',NULL)
;
INSERT INTO I18N_KEY (ID,NAME,DESCRIPTION) VALUES 
(1101,'attendance.caption.allowanceMinuteGoingEarly',NULL)
,(1102,'attendance.caption.employeeWorkPeriodExchange',NULL)
,(1103,'attendance.caption.firstEmployee',NULL)
,(1104,'attendance.caption.secondEmployee',NULL)
,(1105,'attendance.menu.employeeWorkPeriodExchange',NULL)
,(1106,'attendance.caption.addEditEmpWorkExcPeriod',NULL)
,(522,'hr.button.order',NULL)
,(523,'hr.caption.level',NULL)
,(524,'hr.caption.employeePhoto',NULL)
,(525,'hr.caption.title',NULL)
;
INSERT INTO I18N_KEY (ID,NAME,DESCRIPTION) VALUES 
(526,'hr.error.levelsMustNotExceed10',NULL)
,(527,'hr.caption.copyTo',NULL)
,(528,'hr.button.copyTo',NULL)
,(706,'hr.header.copyBranches',NULL)
,(707,'hr.menu.religionsView',NULL)
,(708,'hr.caption.militaryService',NULL)
,(710,'commons.caption.religion',NULL)
,(895,'attendance.caption.maxDaysTransfer',NULL)
,(832,'stores.errors.invalidStartEndContracDate',NULL)
,(837,'stores.errors.cannotSaveExternalData',NULL)
;
INSERT INTO I18N_KEY (ID,NAME,DESCRIPTION) VALUES 
(838,'stores.menu.externalDependenceOn',NULL)
,(839,'stores.menu.externalDependenceTo',NULL)
,(840,'stores.header.externalDependenceOn',NULL)
,(841,'stores.header.externalDependenceTo',NULL)
,(842,'stores.caption.transDefination',NULL)
,(843,'stores.caption.externalTrans',NULL)
,(844,'stores.caption.createdExternalTrans',NULL)
,(845,'stores.caption.lehaaBranchCode',NULL)
,(846,'stores.caption.lehaaStore',NULL)
,(847,'stores.caption.lehaaFrom',NULL)
;
INSERT INTO I18N_KEY (ID,NAME,DESCRIPTION) VALUES 
(848,'stores.caption.lehaaTo',NULL)
,(849,'stores.caption.doNotGetItems',NULL)
,(721,'stores.caption.capacity',NULL)
,(759,'stores.caption.isInvoice',NULL)
,(760,'stores.caption.noOfRooms',NULL)
,(761,'stores.caption.calculationMethod',NULL)
,(762,'stores.caption.roomPrice',NULL)
,(763,'stores.caption.byMonth',NULL)
,(764,'stores.caption.byDay',NULL)
,(765,'stores.caption.createInvoices',NULL)
;
INSERT INTO I18N_KEY (ID,NAME,DESCRIPTION) VALUES 
(766,'stores.menu.createInvoices',NULL)
,(767,'stores.caption.customer',NULL)
,(768,'stores.caption.closeContracts',NULL)
,(769,'stores.menu.closeContracts',NULL)
,(770,'stores.caption.contract',NULL)
,(771,'stores.errors.notAvalidDate',NULL)
,(772,'stores.errors.contractHasExistBalance',NULL)
,(773,'stores.errors.endDateNotAchieved',NULL)
,(774,'stores.errors.cannotDelete',NULL)
,(781,'stores.button.addMultiPaletteNumber',NULL)
;
INSERT INTO I18N_KEY (ID,NAME,DESCRIPTION) VALUES 
(782,'stores.caption.addMultiPaletteNumber',NULL)
,(783,'stores.caption.fromNumber',NULL)
,(784,'stores.caption.toNumber',NULL)
,(785,'stores.errors.invalidFromToCode',NULL)
,(786,'stores.errors.overMaximumAllowedNumberExcited',NULL)
,(787,'stores.caption.roomMeasuresReport',NULL)
,(788,'stores.caption.allRoomMeasuresHasBeenEntered',NULL)
,(1107,'stores.menu.paletteCapacity',NULL)
,(1108,'stores.header.paletteCapacity',NULL)
,(1109,'stores.header.editPaletteCapacity',NULL)
;
INSERT INTO I18N_KEY (ID,NAME,DESCRIPTION) VALUES 
(1110,'stores.caption.isReservation',NULL)
,(1111,'stores.caption.hasAdestination',NULL)
,(1112,'stores.caption.storageBy',NULL)
,(1113,'stores.caption.weight',NULL)
,(1114,'stores.caption.storageFactor',NULL)
,(1115,'stores.caption.equivalentInM3',NULL)
,(1117,'stores.caption.storageSpecifications',NULL)
,(1118,'stores.caption.screening',NULL)
,(1119,'stores.caption.noScreening',NULL)
,(1120,'stores.caption.screeningByCustomer',NULL)
;
INSERT INTO I18N_KEY (ID,NAME,DESCRIPTION) VALUES 
(1121,'stores.caption.screeningWithinStoragePrice',NULL)
,(1122,'stores.caption.screeningAsCustomerRequest',NULL)
,(1123,'stores.caption.screeningPrice',NULL)
,(1124,'stores.caption.uploadingPrice',NULL)
,(1125,'stores.caption.uploadingByCustomer',NULL)
,(1126,'stores.caption.uploadingWithinStoragePrice',NULL)
,(1127,'stores.caption.uplaodingLimit',NULL)
,(1128,'stores.caption.maximumLimit',NULL)
,(1129,'stores.caption.extraUploadPrice',NULL)
,(1130,'stores.caption.roomNumber',NULL)
;
INSERT INTO I18N_KEY (ID,NAME,DESCRIPTION) VALUES 
(1131,'stores.caption.roomCapacity',NULL)
,(1132,'stores.caption.price',NULL)
,(1133,'stores.caption.completeRoom',NULL)
,(1135,'stores.caption.partiallyStorage',NULL)
,(1143,'stores.caption.paletteCount',NULL)
,(1144,'stores.caption.paletteWithCapacity',NULL)
,(1145,'stores.caption.fromDate',NULL)
,(1146,'stores.caption.toDate',NULL)
,(1147,'stores.error.invlideCapacity',NULL)
,(1148,'stores.error.invalidFromToTemperature',NULL)
;
INSERT INTO I18N_KEY (ID,NAME,DESCRIPTION) VALUES 
(1149,'stores.error.invalidFromToHumidity',NULL)
,(1150,'stores.error.invalidFromToGas',NULL)
,(1151,'stores.error.atLeastOneRoomRequired',NULL)
,(1152,'stores.errors.totalCapacityOfPalettesIsWrong',NULL)
,(644,'assets.errors.noAssetsAvailableToDepreciate',NULL)
,(343,'hr.header.degreesView',NULL)
,(344,'hr.header.addDegree',NULL)
,(345,'hr.menu.degreesView',NULL)
,(346,'hr.header.gradesView',NULL)
,(347,'hr.header.addGrade',NULL)
;
INSERT INTO I18N_KEY (ID,NAME,DESCRIPTION) VALUES 
(348,'hr.menu.gradesView',NULL)
,(349,'hr.caption.degreeStart',NULL)
,(350,'hr.caption.degreeEnd',NULL)
,(351,'hr.caption.gradeMin_Val',NULL)
,(352,'hr.menu.codesInfluencesPerformance',NULL)
,(353,'hr.errors.invalidEnglishName',NULL)
,(354,'hr.errors.invalidArabicName',NULL)
,(357,'hr.menu.punishmentsView',NULL)
,(358,'hr.header.punishmentsView',NULL)
,(359,'hr.header.addPunishment',NULL)
;
INSERT INTO I18N_KEY (ID,NAME,DESCRIPTION) VALUES 
(360,'hr.error.codeExists',NULL)
,(361,'hr.header.endServiceReasonsView',NULL)
,(362,'hr.menu.endServiceReasonsView',NULL)
,(365,'hr.header.addEndServiceReason',NULL)
,(366,'hr.caption.proportionFromEndOfServiceBonus',NULL)
,(367,'hr.header.addCity',NULL)
,(368,'hr.header.citiesView',NULL)
,(369,'hr.menu.citiesView',NULL)
,(370,'hr.menu.geographicalCodes',NULL)
,(371,'hr.header.addCenter',NULL)
;
INSERT INTO I18N_KEY (ID,NAME,DESCRIPTION) VALUES 
(372,'hr.header.centersView',NULL)
,(373,'hr.menu.centersView',NULL)
,(374,'hr.menu.sectorsView',NULL)
,(382,'hr.header.sectorsView',NULL)
,(383,'hr.header.addSector',NULL)
,(384,'hr.menu.companyInternalDivision',NULL)
,(385,'hr.header.addRegion',NULL)
,(386,'hr.header.regionsView',NULL)
,(387,'hr.menu.regionsView',NULL)
,(388,'hr.header.addLocation',NULL)
;
INSERT INTO I18N_KEY (ID,NAME,DESCRIPTION) VALUES 
(389,'hr.menu.locationsView',NULL)
,(390,'hr.header.locationsView',NULL)
,(391,'hr.menu.countriesView',NULL)
,(392,'hr.header.countriesView',NULL)
,(393,'hr.header.addCountry',NULL)
,(395,'hr.header.courseOrganizationsView',NULL)
,(396,'hr.header.courseResultsView',NULL)
,(397,'hr.header.courseSpecialtiesView',NULL)
,(398,'hr.header.coursesView',NULL)
,(399,'hr.menu.courseResultsView',NULL)
;
INSERT INTO I18N_KEY (ID,NAME,DESCRIPTION) VALUES 
(400,'hr.menu.courseSpecialtiesView',NULL)
,(401,'hr.menu.courseOrganizationsView',NULL)
,(402,'hr.menu.coursesView',NULL)
,(403,'hr.header.addCourse',NULL)
,(404,'hr.header.addCourseOrganization',NULL)
,(405,'hr.header.addCourseSpecialty',NULL)
,(406,'hr.header.addCourseResult',NULL)
,(407,'hr.header.salaryRaiseView',NULL)
,(408,'hr.menu.salaryRaiseView',NULL)
,(409,'hr.header.salaryRaiseForm',NULL)
;
INSERT INTO I18N_KEY (ID,NAME,DESCRIPTION) VALUES 
(410,'hr.caption.addBranches',NULL)
,(411,'hr.menu.internalDivisionTree',NULL)
,(412,'hr.header.internalDivisionTree',NULL)
,(413,'hr.caption.isLast',NULL)
,(414,'hr.menu.geographicalDivisionTree',NULL)
,(428,'hr.header.geographicalDivisionTree',NULL)
,(429,'hr.menu.geographicalDivisionCodes',NULL)
,(430,'hr.header.geographicalDivisionCodes',NULL)
,(432,'hr.menu.qualificationDivisionCodes',NULL)
,(433,'hr.header.qualificationDivisionCodes',NULL)
;
INSERT INTO I18N_KEY (ID,NAME,DESCRIPTION) VALUES 
(434,'hr.menu.qualificationDivisionTree',NULL)
,(435,'hr.header.qualificationDivisionTree',NULL)
,(436,'hr.button.addInternalRoot',NULL)
,(437,'hr.button.addQualificationRoot',NULL)
,(438,'hr.button.addGeographicalRoot',NULL)
,(439,'hr.header.addInternalDivision',NULL)
,(440,'hr.header.addQualificationDivision',NULL)
,(441,'hr.header.addGeographicalDivision',NULL)
,(442,'hr.header.employeeForm',NULL)
,(444,'hr.menu.employeeForm',NULL)
;
INSERT INTO I18N_KEY (ID,NAME,DESCRIPTION) VALUES 
(445,'hr.header.employeesView',NULL)
,(447,'hr.menu.employeesView',NULL)
,(448,'hr.caption.jobData',NULL)
,(449,'hr.caption.personalData',NULL)
,(789,'stores.errors.requiredDestinationType',NULL)
,(790,'stores.menu.refrigerators',NULL)
,(791,'stores.header.refrigerators',NULL)
,(792,'stores.menu.rooms',NULL)
,(793,'stores.caption.rooms',NULL)
,(794,'stores.caption.editRoom',NULL)
;
INSERT INTO I18N_KEY (ID,NAME,DESCRIPTION) VALUES 
(795,'stores.menu.selectTransaction',NULL)
,(797,'stores.header.selectTransaction',NULL)
,(798,'stores.menu.transDefination',NULL)
,(799,'stores.header.editRefrigerator',NULL)
,(800,'stores.caption.choseModule',NULL)
,(803,'stores.caption.moduleName',NULL)
,(804,'stores.caption.coolingModule',NULL)
,(805,'stores.caption.storeModule',NULL)
,(806,'stores.button.enter',NULL)
,(807,'stores.menu.configurations',NULL)
;
INSERT INTO I18N_KEY (ID,NAME,DESCRIPTION) VALUES 
(808,'stores.header.dependenceSpecifications',NULL)
,(809,'stores.menu.dependenceSpecifications',NULL)
,(810,'stores.caption.storeTrnsDef',NULL)
,(811,'stores.caption.storeTrnsDefDep',NULL)
,(812,'stores.caption.displayDocuments',NULL)
,(813,'stores.caption.displayAllDocuments',NULL)
,(814,'stores.caption.displayNonFilteredDocuments',NULL)
,(815,'stores.caption.displayQuantityDepDocuments',NULL)
,(816,'stores.caption.displayDepDocuments',NULL)
,(817,'stores.caption.noDependenceCalculation',NULL)
;
INSERT INTO I18N_KEY (ID,NAME,DESCRIPTION) VALUES 
(818,'stores.caption.getDepQuantity',NULL)
,(819,'stores.caption.remainingQuantities',NULL)
,(820,'stores.caption.outgoingQuantities',NULL)
,(821,'stores.caption.originalQuantities',NULL)
,(822,'stores.caption.doNotDisplayQuantities',NULL)
,(823,'stores.caption.exactQuantity',NULL)
,(824,'stores.caption.noModifyItems',NULL)
,(825,'stores.caption.onlyOneDep',NULL)
,(826,'stores.caption.canOverQuantity',NULL)
,(827,'stores.caption.canAddItems',NULL)
;
INSERT INTO I18N_KEY (ID,NAME,DESCRIPTION) VALUES 
(828,'stores.caption.checkDepDate',NULL)
,(829,'stores.caption.sumQuantityOnItems',NULL)
,(830,'stores.caption.noDepPrice',NULL)
,(831,'stores.caption.adjustDepOnPrice',NULL)
,(318,'commons.caption.totalTransValue',NULL)
,(319,'commons.caption.totalNetValue',NULL)
,(320,'stores.header.storeSelectTransaction',NULL)
,(321,'stores.caption.dependsOn',NULL)
,(327,'stores.error.repeatedTransNo',NULL)
,(328,'stores.error.noItemsRemainder',NULL)
;
INSERT INTO I18N_KEY (ID,NAME,DESCRIPTION) VALUES 
(329,'stores.error.invalidTransactionNumber',NULL)
,(330,'stores.error.invalidItemsQuantity',NULL)
,(331,'stores.error.invalidDependencyItemsQuantity',NULL)
,(1059,'portal.menu.reports',NULL)
,(1060,'portal.caption.applicationName',NULL)
,(1061,'portal.header.report',NULL)
,(1062,'portal.header.newReport',NULL)
,(1063,'portal.caption.report',NULL)
,(1064,'portal.caption.parameter',NULL)
,(1065,'portal.header.paramters',NULL)
;
INSERT INTO I18N_KEY (ID,NAME,DESCRIPTION) VALUES 
(1066,'portal.caption.instparamname',NULL)
,(1067,'portal.caption.instparamtype',NULL)
,(1385,'gl.caption.trialBudgetWithoutTransactionStatus',NULL)
,(1058,'commons.menu.reports',NULL)
,(722,'hr.button.expandAll',NULL)
,(723,'hr.caption.addToBasic',NULL)
,(724,'hr.header.addSalaryRaise',NULL)
,(725,'hr.caption.nationalityCountry',NULL)
,(727,'hr.caption.dateType',NULL)
,(731,'hr.caption.higiri',NULL)
;
INSERT INTO I18N_KEY (ID,NAME,DESCRIPTION) VALUES 
(733,'hr.caption.miladi',NULL)
,(734,'hr.header.qualificationsTransactionView',NULL)
,(735,'hr.menu.qualificationsTransactionView',NULL)
,(736,'hr.caption.specialty',NULL)
,(737,'hr.caption.education',NULL)
,(738,'hr.caption.qualificationDate',NULL)
,(739,'hr.menu.transactions',NULL)
,(740,'hr.header.employeeAllocationView',NULL)
,(741,'hr.menu.employeeAllocationView',NULL)
,(746,'hr.caption.functionalGroup',NULL)
;
INSERT INTO I18N_KEY (ID,NAME,DESCRIPTION) VALUES 
(747,'hr.caption.job',NULL)
,(748,'hr.caption.jobStartDate',NULL)
,(749,'hr.header.functionalGroupsViewCodes',NULL)
,(750,'hr.menu.functionalGroupsViewCodes',NULL)
,(751,'hr.header.addFunctionalGroup',NULL)
,(752,'hr.menu.employeeMaritalStatusView',NULL)
,(753,'hr.header.employeeMaritalStatusView',NULL)
,(754,'hr.caption.inDate',NULL)
,(755,'hr.caption.maritalStatus',NULL)
,(756,'hr.header.employeeMaritalStatusForm',NULL)
;
INSERT INTO I18N_KEY (ID,NAME,DESCRIPTION) VALUES 
(757,'hr.header.employeeAllocationForm',NULL)
,(758,'hr.header.qualificationsTransactionForm',NULL)
,(775,'stores.caption.requiredRoomMeasures',NULL)
,(776,'stores.caption.depOnExternalTransaction',NULL)
,(777,'stores.caption.externalTransaction',NULL)
,(778,'stores.caption.transactionType',NULL)
,(779,'stores.caption.branch',NULL)
,(780,'stores.caption.transactionNo',NULL)
,(11103,'gl.caption.branch',NULL)
,(1153,'stores.caption.theLength',NULL)
;
INSERT INTO I18N_KEY (ID,NAME,DESCRIPTION) VALUES 
(1154,'stores.caption.width',NULL)
,(1200,'stores.caption.height',NULL)
,(1201,'stores.caption.totalCapacity',NULL)
,(1202,'stores.caption.percentageCapacity',NULL)
,(1203,'stores.errors.percentCapacityLimits',NULL)
,(1204,'stores.button.exportContracts',NULL)
,(931,'stores.errors.itemNotValid',NULL)
,(932,'stores.errors.invalidRoomOrPalette',NULL)
,(933,'stores.errors.invalidTransactionDate',NULL)
,(934,'stores.errors.roomIsOccupied',NULL)
;
INSERT INTO I18N_KEY (ID,NAME,DESCRIPTION) VALUES 
(935,'stores.errors.invalidTotalCapacity',NULL)
,(72,'hr.error.codeLargerThanExpected',NULL)
,(73,'hr.header.addPersonTitle',NULL)
,(78,'hr.header.titlesViewCodes',NULL)
,(167,'hr.menu.titlesViewCodes',NULL)
,(168,'hr.menu.documentsView',NULL)
,(173,'hr.header.documentsView',NULL)
,(450,'hr.header.addDocument',NULL)
,(451,'hr.caption.dateOfAppointment',NULL)
,(452,'hr.caption.rank',NULL)
;
INSERT INTO I18N_KEY (ID,NAME,DESCRIPTION) VALUES 
(453,'hr.caption.hasFunctionalGroup',NULL)
,(454,'hr.caption.isNationalityCountry',NULL)
,(455,'hr.menu.specialtyDivisionCodes',NULL)
,(456,'hr.menu.specialtyDivisionTree',NULL)
,(457,'hr.button.deleteRow',NULL)
,(458,'hr.button.addRow',NULL)
,(459,'hr.caption.hasExpiryDate',NULL)
,(460,'hr.caption.howToContact',NULL)
,(461,'hr.caption.employeeTransactions',NULL)
,(462,'hr.header.religionsView',NULL)
;
INSERT INTO I18N_KEY (ID,NAME,DESCRIPTION) VALUES 
(463,'hr.header.addReligion',NULL)
,(464,'hr.caption.emergencyPhone',NULL)
,(465,'hr.caption.currentStatus',NULL)
,(466,'hr.caption.endOfServiceDate',NULL)
,(467,'hr.caption.endOfPostponementDate',NULL)
,(468,'hr.caption.salaryAtAppointment',NULL)
,(975,'hr.caption.additionalDescription',NULL)
,(976,'hr.menu.employeeKinshipsDataView',NULL)
,(977,'hr.header.employeeKinshipsDataView',NULL)
,(978,'hr.header.employeeKinshipsDataForm',NULL)
;
INSERT INTO I18N_KEY (ID,NAME,DESCRIPTION) VALUES 
(979,'hr.errors.noEmployeeSelected',NULL)
,(980,'hr.caption.relationshipDate',NULL)
,(981,'hr.caption.kinshipType',NULL)
,(982,'hr.header.employeeStatusView',NULL)
,(983,'hr.menu.employeeStatusView',NULL)
,(984,'hr.caption.employeeStatus',NULL)
,(1041,'hr.menu.employeeVacationAtInstallation',NULL)
,(1042,'hr.header.employeeVacationAtInstallation',NULL)
,(1043,'hr.caption.vacation',NULL)
,(1044,'hr.caption.balance',NULL)
;
INSERT INTO I18N_KEY (ID,NAME,DESCRIPTION) VALUES 
(1045,'hr.header.violationsView',NULL)
,(1046,'hr.menu.violationsView',NULL)
,(1047,'hr.header.addViolation',NULL)
,(1048,'hr.caption.violationReason',NULL)
,(10100,'hr.caption.calculationMethod',NULL)
,(10101,'hr.caption.defaultViolation',NULL)
,(10132,'hr.caption.discountMonths',NULL)
,(10133,'hr.caption.penaltyRemoveDate',NULL)
,(10134,'hr.caption.confirmed',NULL)
,(10135,'hr.caption.penalty',NULL)
;
INSERT INTO I18N_KEY (ID,NAME,DESCRIPTION) VALUES 
(10136,'hr.caption.decisionDate',NULL)
,(10137,'hr.caption.decisionNumber',NULL)
,(10138,'hr.caption.accusationNumber',NULL)
,(101279,'requestsApproval.header.accessLevelsForm',NULL)
,(101280,'requestsApproval.header.empReqTypeGroupForm',NULL)
,(101281,'requestsApproval.header.empRequestsReportsForm',NULL)
,(101282,'requestsApproval.caption.userCode',NULL)
,(101283,'requestsApproval.caption.userName',NULL)
,(101284,'requestsApproval.caption.requestDate',NULL)
,(101285,'requestsApproval.header.empRequestsReports',NULL)
;
INSERT INTO I18N_KEY (ID,NAME,DESCRIPTION) VALUES 
(101286,'requestsApproval.caption.requestName',NULL)
,(101287,'requestsApproval.caption.reply',NULL)
,(101288,'commons.button.approve',NULL)
,(101289,'requestsApproval.header.loginUsersRequests',NULL)
,(101386,'requestsApproval.errors.fromIsGreaterThanTo',NULL)
,(101387,'requestsApproval.errors.fromOrToIsZero',NULL)
,(101388,'requestsApproval.caption.empSign',NULL)
,(101392,'requestsApproval.caption.empSign',NULL)
,(101393,'requestsApproval.caption.netTotalTime',NULL)
,(101394,'requestsApproval.caption.netTime',NULL)
;
INSERT INTO I18N_KEY (ID,NAME,DESCRIPTION) VALUES 
(101395,'requestsApproval.header.attendanceVacationReport',NULL)
,(101396,'requestsApproval.caption.vacLimit',NULL)
,(101397,'requestsApproval.caption.vacConsumed',NULL)
,(101398,'requestsApproval.caption.vacCredit',NULL)
,(101399,'commons.caption.altDate',NULL)
,(101400,'requestsApproval.errors.requestDeadlineExceeded',NULL)
,(101401,'requestsApproval.errors.zerovacationcredit',NULL)
,(101402,'requestsApproval.caption.exactRequestDate',NULL)
,(101403,'commons.button.export',NULL)
,(101404,'commons.caption.empBasicForm',NULL)
;
INSERT INTO I18N_KEY (ID,NAME,DESCRIPTION) VALUES 
(101405,'common.menu.empBasic',NULL)
,(101406,'commons.caption.empCode',NULL)
,(101407,'commons.errors.empCodeShouldBe8Digits',NULL)
,(101408,'commons.caption.empBasicView',NULL)
,(101409,'commons.error.duplicateCode',NULL)
,(101410,'commons.errors.maxEmpReached',NULL)
,(101411,'commons.caption.settings',NULL)
,(101412,'commons.caption.maxEmpBasic',NULL)
,(101413,'commons.caption.annualVacBalDaysEnabled',NULL)
,(101414,'dbUpdate.header.updateTriggersScript',NULL)
;
INSERT INTO I18N_KEY (ID,NAME,DESCRIPTION) VALUES 
(101415,'commons.caption.salaryFromDay',NULL)
,(101416,'commons.caption.requestsDeadline',NULL)
,(101417,'commons.caption.mailMgr',NULL)
,(101418,'commons.caption.mailPass',NULL)
,(101419,'commons.caption.SMTPServer',NULL)
,(101420,'commons.caption.portServer',NULL)
,(101421,'commons.caption.serverSettings',NULL)
,(101422,'commons.caption.server',NULL)
,(101423,'commons.caption.service',NULL)
,(101424,'commons.caption.loginUrl',NULL)
;
INSERT INTO I18N_KEY (ID,NAME,DESCRIPTION) VALUES 
(101425,'commons.caption.androidSettings',NULL)
,(101426,'commons.caption.locationAccuracy',NULL)
,(101427,'commons.caption.isLocationAccuracyEnabled',NULL)
,(101428,'commons.caption.showAddressOnForm',NULL)
,(101429,'commons.caption.showRequestsOnCalendar',NULL)
,(101430,'commons.caption.errandTimeFromSystem',NULL)
,(101431,'commons.caption.obligateNotes',NULL)
,(101432,'requestsApproval.button.approveAll',NULL)
,(101433,'requestsApproval.errors.fullDayErrandIsNotAllowedToday',NULL)
,(101434,'requestsApproval.errors.endStartedRequestsInDateIntervalSpecified',NULL)
;
INSERT INTO I18N_KEY (ID,NAME,DESCRIPTION) VALUES 
(101435,'requestsApproval.errors.overlappingRequests',NULL)
,(101436,'requestsApproval.header.automaticValidation',NULL)
,(101437,'requestsApproval.header.fingerprintEnabled',NULL)
,(101438,'requestsApproval.header.automaticErrandEnd',NULL)
,(101439,'commons.caption.locationAccuracy2',NULL)
,(101440,'commons.caption.clientsForm',NULL)
,(101441,'commons.caption.clientName',NULL)
,(101442,'commons.caption.clientPort',NULL)
,(101443,'commons.caption.clientsView',NULL)
,(101444,'requestsApproval.header.signoutBeforePermissionErrand',NULL)
;
INSERT INTO I18N_KEY (ID,NAME,DESCRIPTION) VALUES 
(101445,'requestsApproval.header.AttendanceSignInOut',NULL)
,(101446,'requests.errors.signedInBefore',NULL)
,(101447,'requests.errors.didnotSignInYet',NULL)
,(101448,'requests.errors.signoutBeforeSignin',NULL)
,(101449,'requests.errors.signinOnFullErrandDay',NULL)
,(101450,'requests.errors.finishStartedRequestFirst',NULL)
,(101451,'requests.errors.unknownError',NULL)
,(101452,'requestsApproval.caption.locationIn',NULL)
,(101453,'requestsApproval.caption.locationOut',NULL)
,(101454,'requestsApproval.caption.InputTypeIn',NULL)
;
INSERT INTO I18N_KEY (ID,NAME,DESCRIPTION) VALUES 
(101455,'requestsApproval.caption.InputTypeOut',NULL)
,(101456,'requestsApproval.caption.webAttendance',NULL)
,(101457,'requestsApproval.caption.requestAttendance',NULL)
,(101458,'requestsApproval.caption.androidAttendance',NULL)
,(101459,'requestsApproval.caption.fingerprintAttendance',NULL)
,(101460,'requestsApproval.caption.absent',NULL)
,(101461,'requestsApproval.caption.insideCompany',NULL)
,(101462,'requestsApproval.caption.outsideCompany',NULL)
,(101463,'requestsApproval.caption.location',NULL)
,(101464,'commons.button.imei',NULL)
;
INSERT INTO I18N_KEY (ID,NAME,DESCRIPTION) VALUES 
(101465,'requestsApproval.caption.requiredAndroidVersion',NULL)
,(101466,'requestsApproval.header.annualVacation',NULL)
,(101467,'requestsApproval.header.specialVacation',NULL)
,(101468,'requestsApproval.errors.notAccurateLocation',NULL)
,(101469,'requestsApproval.errors.locationIsNotSet',NULL)
,(101470,'requestsApproval.header.AttendanceRequestsApprovalEdit',NULL)
,(101471,'requestsApproval.caption.historicDate',NULL)
,(101473,'requestsApproval.header.managerCanModifyAttendance',NULL)
,(101474,'commons.errors.youCanChangeTimeOnly',NULL)
,(101475,'requestsApproval.header.androidAttendanceAutomaticApproval',NULL)
;
INSERT INTO I18N_KEY (ID,NAME,DESCRIPTION) VALUES 
(101476,'requestsApproval.header.requestStatusReports',NULL)
;

INSERT INTO I18N_LOCALE (ID,"LANGUAGE",COUNTRY,VARIANT,CODE,ISDEFAULT) VALUES 
(1,'Arabic','Egypt','ghgh','ar',1)
,(3,'English','hkhj','jjhk','En',0)
;﻿INSERT INTO I18N_MESSAGE (ID,MESSAGE,KEY_ID,MYLOCALE) VALUES 
(151,'نوع المجموعة',36,1)
,(152,'Group Type',36,3)
,(153,'نوع المجموعة',37,1)
,(154,'Group Type',37,3)
,(3660,'التحويلة',529,2)
,(155,'إضافة / تعديل نوع مجموعة',38,1)
,(156,'Add/Edit Group Type',38,3)
,(157,'الملف الأساسي',39,1)
,(159,'Main Table',39,3)
,(160,'البنوك',44,1)
;
INSERT INTO I18N_MESSAGE (ID,MESSAGE,KEY_ID,MYLOCALE) VALUES 
(161,'Banks',44,3)
,(162,'المبيعات',41,1)
,(163,'Sales',41,3)
,(164,'الحسابات العامة',42,1)
,(165,'GL',42,3)
,(166,'المشتريات',43,1)
,(167,'Purchase',43,3)
,(168,'إضافة / تعديل مجموعة',45,1)
,(171,'Add/Edit Group Form',45,3)
,(172,'نوع الكود',47,1)
;
INSERT INTO I18N_MESSAGE (ID,MESSAGE,KEY_ID,MYLOCALE) VALUES 
(173,'Code Type',47,3)
,(175,'الشكل',46,1)
,(176,'Code Form',46,3)
,(203,'الوصف',83,1)
,(204,'Description',83,3)
,(205,'English Description',1309,3)
,(206,'الكود',84,1)
,(207,'Code',84,3)
,(208,'المجموعات',85,1)
,(209,'Groups',85,3)
;
INSERT INTO I18N_MESSAGE (ID,MESSAGE,KEY_ID,MYLOCALE) VALUES 
(210,'مجموعات فرعية',86,1)
,(216,'Sub groups',86,3)
,(217,'تفاصيل المجموعة',88,1)
,(218,'Details Groups',88,3)
,(219,'المجموعات الأساسية',89,1)
,(220,'Basic Group',89,3)
,(3825,'بيانات المستخدمين',697,2)
,(3826,'تعديل / إضافة المستخدم',698,2)
,(3827,'الوظيفة',699,2)
,(3828,'إضافة وظيفة',700,2)
;
INSERT INTO I18N_MESSAGE (ID,MESSAGE,KEY_ID,MYLOCALE) VALUES 
(3829,'نسخة من الوظيفة',701,2)
,(3830,'تعديل الوظيفة',702,2)
,(3831,'تعديل برنامج المستخدم',703,2)
,(3832,'تعديل اللغة الأساسية',704,2)
,(3833,'تعديل لغة المستخدم',705,2)
,(3842,'اللغات المستخدمة',714,2)
,(3843,'الأقسام',716,2)
,(3844,'الدول',717,2)
,(3853,'عربي',726,2)
,(3855,'تعديل / إضافة لغة',728,2)
;
INSERT INTO I18N_MESSAGE (ID,MESSAGE,KEY_ID,MYLOCALE) VALUES 
(3856,'نسخة من اللغة',729,2)
,(3857,'كود اللغة',730,2)
,(3858,'اللغات المستخدمة',732,2)
,(3868,'تعديل المسمى',742,2)
,(3869,'المسمى',743,2)
,(3870,'تعديل الصلاحيات',744,2)
,(3871,'الصلاحية',745,2)
,(3888,'SAUDI COUNCIL FOR HEALTH SPECIALITIES',796,2)
,(3893,'الإسم:',801,2)
,(434,'مواصفات الحركة المخزنية',182,1)
;
INSERT INTO I18N_MESSAGE (ID,MESSAGE,KEY_ID,MYLOCALE) VALUES 
(435,'Inventory Transaction Specifications',182,3)
,(436,'مواصفات الحركة المخزنية',183,1)
,(437,'Inventory Transaction Specifications',183,3)
,(438,'الحركات',184,1)
,(439,'Transactions',184,3)
,(474,'معامل التحويل',207,1)
,(475,'Conversion Factor',207,3)
,(476,'رصيد أول المدة بالمخازن',208,1)
,(477,'Opening balance in stores',208,3)
,(478,'رصيد أول المدة',209,1)
;
INSERT INTO I18N_MESSAGE (ID,MESSAGE,KEY_ID,MYLOCALE) VALUES 
(479,'Opening Balance',209,3)
,(480,'الرصيد الحالى',210,1)
,(481,'Current Balance',210,3)
,(482,'هذا المخزن سجل من قبل',216,1)
,(483,'This store is already exist',216,3)
,(485,'Update Database',1808,3)
,(484,'تحديث قاعدة البيانات',1808,1)
,(486,'تحديث قاعده البيانات من خلال اوامر التحديث',2826,1)
,(487,'Update Database by Script',2826,3)
,(848,'عدد اوامر التحديث التى تمت من قبل على قاعده البيانات',2819,1)
;
INSERT INTO I18N_MESSAGE (ID,MESSAGE,KEY_ID,MYLOCALE) VALUES 
(849,'Number of Updated Order',2819,3)
,(850,'مطلوب تحديث قاعده البيانات حتى',2820,1)
,(851,'Update Required Till',2820,3)
,(852,'تم تحديث قاعده البيانات حتى',2821,1)
,(853,'Updated Till',2821,3)
,(854,'لا يوجد خطأ فى التحديث',2822,1)
,(855,'No error was found',2822,3)
,(856,'يوجد خطأ فى امر رقم',2823,1)
,(857,'Error in order number',2823,3)
,(858,'وهذا الخطأ تسبب فى ايقاف التحديث حتى امر رقم',2824,1)
;
INSERT INTO I18N_MESSAGE (ID,MESSAGE,KEY_ID,MYLOCALE) VALUES 
(859,'and this error cause update to stop at order number',2824,3)
,(860,'فى حاله وجود اى خطأ فى التحديث يرجى حفظ هذه الصفحه وعدم التحديث مره اخرى و اعلام الجهات المعنيه',2825,1)
,(861,'If there is any error in updating, please save this page and do not try to re-update and inform responsible person',2825,3)
,(864,'تحديثات اخرى',2827,1)
,(865,'Other updates',2827,3)
,(866,'وصف التحديث',2828,1)
,(867,'Update description',2828,3)
,(868,'تعليقلت على التحديث',2829,1)
,(869,'Update comments',2829,3)
,(870,'ادخال تحديث لقاعده البيانات',2750,1)
;
INSERT INTO I18N_MESSAGE (ID,MESSAGE,KEY_ID,MYLOCALE) VALUES 
(871,'Add update order for database',2750,3)
,(872,'استعلام التحديث',2751,1)
,(873,'Update Query',2751,3)
,(488,'Forget Password',3475,3)
,(489,'Enter',930,3)
,(490,'Please Enter Email',3474,3)
,(491,'الشركة',217,1)
,(492,'Company',217,3)
,(493,'إضافة / تعديل / عرض المجموعات الأساسية',218,1)
,(494,'Add / Edit /List Basic Groups',218,3)
;
INSERT INTO I18N_MESSAGE (ID,MESSAGE,KEY_ID,MYLOCALE) VALUES 
(5463,'خطأ في طول كود الحساب',1477,1)
,(5464,'يجب عدم تكرار كود الحساب',1478,1)
,(5465,'اغلاق الحساب',1479,1)
,(5466,'فتح الحساب',1480,1)
,(5467,'حالة الحساب',1481,1)
,(6198,'Invalid username and password',271,3)
,(261,'Agents',64,3)
,(262,'إضافة / تعديل جهة',65,1)
,(263,'Edit / Add Agent',65,3)
,(264,'الاسم عربي',66,1)
;
INSERT INTO I18N_MESSAGE (ID,MESSAGE,KEY_ID,MYLOCALE) VALUES 
(265,'Arabic Name',66,3)
,(266,'الاسم إنجليزي',67,1)
,(268,'English Name',67,3)
,(269,'تاريخ التعريف',68,1)
,(273,'Defination Date',68,3)
,(274,'العنوان عربي',70,1)
,(275,'Arabic Address',70,3)
,(276,'العنوان إنجليزي',71,1)
,(277,'English Address',71,3)
,(281,'جهات',69,1)
;
INSERT INTO I18N_MESSAGE (ID,MESSAGE,KEY_ID,MYLOCALE) VALUES 
(282,'Agents',69,3)
,(313,'الأفراد',131,1)
,(314,'Persons',131,3)
,(320,'إضافة / تعديل الأفراد',132,1)
,(321,'add / edit persons',132,3)
,(3150,'المقاولون',1165,1)
,(3151,'Contractors',1165,3)
,(3152,'المقاولون',1166,1)
,(3153,'Contractors',1166,3)
,(3154,'إضافة/ تعديل مقاول',1167,1)
;
INSERT INTO I18N_MESSAGE (ID,MESSAGE,KEY_ID,MYLOCALE) VALUES 
(3155,'Add/ Edit Contractor',1167,3)
,(3156,'Add/ Edit Customer',1168,3)
,(3157,'إضافة/ تعديل عميل',1168,1)
,(3158,'نوع العميل',1169,1)
,(3159,'Customer Type',1169,3)
,(3183,'مواصفات إضافيه',1177,1)
,(3185,'Additional Specifications',1177,3)
,(3186,'أصناف فرعيه',1178,1)
,(3187,'Subset Of Items',1178,3)
,(3188,'يوجد جزء من رقم التشغيله',1179,1)
;
INSERT INTO I18N_MESSAGE (ID,MESSAGE,KEY_ID,MYLOCALE) VALUES 
(3189,'There is a part of operational number',1179,3)
,(3190,'هذه المجموعه أصناف خدمات',1180,1)
,(3191,'These types of items services',1180,3)
,(3192,'له طول',1181,1)
,(3193,'Has length',1181,3)
,(3194,'له عرض',1182,1)
,(3195,'Has width',1182,3)
,(3197,'له إرتفاع',1183,1)
,(3198,'Has hieght',1183,3)
,(3199,'الكميه الإفتراضيه للمسلسل',1184,1)
;
INSERT INTO I18N_MESSAGE (ID,MESSAGE,KEY_ID,MYLOCALE) VALUES 
(3200,' Default quantity for serial',1184,3)
,(31201,'سعر المستهلك',1185,1)
,(31202,' Consumer price',1185,3)
,(31203,'سعر الجمله',1186,1)
,(31204,'Wholesale price',1186,3)
,(31205,'سعر الفرع',1187,1)
,(31206,'Branch price',1187,3)
,(31207,'سعر التجزئه',1188,1)
,(31208,'Retail price',1188,3)
,(31209,'ألوان',1189,1)
;
INSERT INTO I18N_MESSAGE (ID,MESSAGE,KEY_ID,MYLOCALE) VALUES 
(31210,'Colors',1189,3)
,(31211,'المعادله على مستوى الصنف',1190,1)
,(31212,'Equation at item level',1190,3)
,(31213,'تعريف تلقائي لعلاقات الوحدات من معادلة الأبعاد',1191,1)
,(31214,'Automatic definetion of relations of units',1191,3)
,(31215,'تعريف تلقائي لكود الصنف من الملاحظات',1192,1)
,(31216,'Automatic defination of item code from observations',1192,3)
,(31217,'علاقة الأبعاد بعلاقات الوحدات',1193,1)
,(31218,'Dimensions relation with units relations',1193,3)
,(31219,'تاريخ صلاحيه',1194,1)
;
INSERT INTO I18N_MESSAGE (ID,MESSAGE,KEY_ID,MYLOCALE) VALUES 
(31220,'Expiry date',1194,3)
,(31221,'تاريخ إنتاج',1195,1)
,(31222,'Date of production',1195,3)
,(31223,'رقم مسلسل',1196,1)
,(31224,'Serial number',1196,3)
,(31225,'رقم تحكم',1197,1)
,(31226,'Control number',1197,3)
,(31227,'Series number',1198,3)
,(31228,'رقم سلسلة',1198,1)
,(31229,'Lot number',1199,3)
;
INSERT INTO I18N_MESSAGE (ID,MESSAGE,KEY_ID,MYLOCALE) VALUES 
(31230,'رقم لوط',1199,1)
,(31231,'Place',11100,3)
,(31232,'مكان',11100,1)
,(31233,'Use part of code as length',11101,3)
,(31234,'إستخدام جزء من الكود كطول',11101,1)
,(31235,' Use part of code as equation',11102,3)
,(31236,'إستخدام جزء من الكود كمعادله',11102,1)
,(338,'خطأ في التاريخ',135,1)
,(339,'Wrong Date',135,3)
,(340,'مختصر باللغة العربية',138,1)
;
INSERT INTO I18N_MESSAGE (ID,MESSAGE,KEY_ID,MYLOCALE) VALUES 
(343,'Arabic Label',138,3)
,(344,'مختصر باللغة الإنجيليزية',139,1)
,(345,'English Label',139,3)
,(346,'نسبة الخصم',140,1)
,(347,'Discount Rate',140,3)
,(348,'ضريبة مبيعات- نسبة',141,1)
,(349,'Sales Tax - Percent',141,3)
,(350,'ضريبة مبيعات - قيمة',142,1)
,(351,'SalesTax - Value',142,3)
,(352,'وقف التعامل فى هذا الصنف',143,1)
;
INSERT INTO I18N_MESSAGE (ID,MESSAGE,KEY_ID,MYLOCALE) VALUES 
(353,'Stop Dealing',143,3)
,(354,'الصنف له ألوان',144,1)
,(357,'Has Color',144,3)
,(358,'سعر الشراء',145,1)
,(20211370,'تحديد المسئول',101279,1)
,(20211371,'accessLevelsForm',101279,3)
,(20211372,'تحديد الأولويات',101280,1)
,(20211373,'empReqTypeGroupForm',101280,3)
,(20211374,'طلبات الموظف',101281,1)
,(20211375,'empRequestsReportsForm',101281,3)
;
INSERT INTO I18N_MESSAGE (ID,MESSAGE,KEY_ID,MYLOCALE) VALUES 
(20211376,'كود الموظف',101282,1)
,(20211377,'userCode',101282,3)
,(20211378,'اسم الموظف',101283,1)
,(20211379,'userName',101283,3)
,(20211380,'تاريخ الطلب',101284,1)
,(20211381,'requestDate',101284,3)
,(20211382,'بيان التقرير لطلبات الموظف',101285,1)
,(20211383,'empRequestsReports',101285,3)
,(20211384,'اسم الطلب',101286,1)
,(20211385,'requestName',101286,3)
;
INSERT INTO I18N_MESSAGE (ID,MESSAGE,KEY_ID,MYLOCALE) VALUES 
(20211386,'في حالة الرفض',101287,1)
,(20211387,'reply',101287,3)
,(20211388,'الموافقه',101288,1)
,(20211389,'approve',101288,3)
,(20211390,'الإذون على الطلبات',101289,1)
,(20211391,'loginUsersRequests',101289,3)
,(20211392,'عرض الطلبات',101290,1)
,(20211393,'loginUsersRequestsView',101290,3)
,(20211394,'نوع الأجازه',101291,1)
,(20211395,'vacationType',101291,3)
;
INSERT INTO I18N_MESSAGE (ID,MESSAGE,KEY_ID,MYLOCALE) VALUES 
(20211396,'الموافقه على الطلبات',101292,1)
,(20211397,'requestsApprovalForm',101292,3)
,(20211398,'بيان للطلب المقدم من الموظف',101293,1)
,(20211399,'reqInfo',101293,3)
,(20211400,'نوع الطلب',101294,1)
,(20211401,'requestType',101294,3)
,(20211402,'مدة الطلب',101295,1)
,(20211403,'reqPeriod',101295,3)
,(20211404,'من/إلى',101296,1)
,(20211405,'reqPeriodInterval',101296,3)
;
INSERT INTO I18N_MESSAGE (ID,MESSAGE,KEY_ID,MYLOCALE) VALUES 
(20211406,'لقب المسئول',101297,1)
,(20211407,'reqResTitle',101297,3)
,(20211408,'حالة الطلب',101298,1)
,(20211409,'reqStatus',101298,3)
,(20211410,'اسم المسئول',101299,1)
,(20211411,'reqResName',101299,3)
,(20211412,'موافق',101300,1)
,(20211413,'reqApproval',101300,3)
,(20211414,'مرفوض',101301,1)
,(20211415,'reqRejected',101301,3)
;
INSERT INTO I18N_MESSAGE (ID,MESSAGE,KEY_ID,MYLOCALE) VALUES 
(20211416,'الموافقات',101302,1)
,(20211417,'reports',101302,3)
,(20211418,' الأجازات الخاصه',101303,1)
,(20211419,'SpecialVacationsReports',101303,3)
,(20211420,'المأموريات',101304,1)
,(20211421,'ErrandsReports',101304,3)
,(20211422,'الشاشات',101305,1)
,(20211423,'basicScreens',101305,3)
,(20211424,'أولويات الموافقات',101306,1)
,(20211425,'basicScreens',101306,3)
;
INSERT INTO I18N_MESSAGE (ID,MESSAGE,KEY_ID,MYLOCALE) VALUES 
(20211426,'الطلبات',101307,1)
,(20211427,'requestsApproval',101307,3)
,(20211430,'الأجازات الدوريه',101309,1)
,(20211431,'empAnnualVacationsReportsForm',101309,3)
,(20211432,'لابد من ادخال كود سليم',101310,1)
,(20211433,'Invalid Code',101310,3)
,(20211434,'يجب ادخال نوع الأجازه',101311,1)
,(20211435,'Enter vacation type',101311,3)
,(20211436,'يجب ادخال مدة الطلب',101312,1)
,(20211437,'Enter request period',101312,3)
;
INSERT INTO I18N_MESSAGE (ID,MESSAGE,KEY_ID,MYLOCALE) VALUES 
(20211438,'يجب ادخال تأثير التصريح',101313,1)
,(20211439,'Enter leave effect',101313,3)
,(20211440,'يجب ادخال تأثير التصريح',101314,1)
,(20211441,'Enter leave type',101314,3)
,(20211442,'لا يوجد موظف بهذا الكود',101315,1)
,(20211443,'This code is not existance',101315,3)
,(20211444,'إلى تاريخ, يجب ان يكون أكبر من او يساوي ,من تاريخ',101316,1)
,(20211445,'ToTime Should Be Greater Than Or Equal FromTime',101316,3)
,(20211446,'اسم وكود المستخدم غير متطابقين',101317,1)
,(20211447,'Code and name do not match that employee',101317,3)
;
INSERT INTO I18N_MESSAGE (ID,MESSAGE,KEY_ID,MYLOCALE) VALUES 
(20211448,'نوع التصريح',101318,1)
,(20211449,'leaveType',101318,3)
,(20211450,'خاص',101319,1)
,(20211451,'special',101319,3)
,(20211452,'مأموريه',101320,1)
,(20211453,'errand',101320,3)
,(20211454,'تأثير التصريح',101321,1)
,(20211455,'leaveEffect',101321,3)
,(20211456,'بدون تأثير',101322,1)
,(20211457,'without',101322,3)
;
INSERT INTO I18N_MESSAGE (ID,MESSAGE,KEY_ID,MYLOCALE) VALUES 
(20211458,'تأخير',101323,1)
,(20211459,'delay',101323,3)
,(20211460,'انصراف مبكر',101324,1)
,(20211461,'early',101324,3)
,(20211462,'رقم الطلب',101325,1)
,(20211463,'early',101325,3)
,(20211464,'حذف الطلبات',101326,1)
,(20211465,'deleteLoginUsersRequestsForm',101326,3)
,(20211466,'لا يمكن حذف طلب تمت الموافقه عليه',101327,1)
,(20211467,'requestToBeDeletedIsAlreadyApproved',101327,3)
;
INSERT INTO I18N_MESSAGE (ID,MESSAGE,KEY_ID,MYLOCALE) VALUES 
(20211468,'يجب اختيار مسئول واحد على الأقل',101328,1)
,(20211469,'You must select at least one group',101328,3)
,(20211470,'يجب اختيار نوع طلب واحد على الأقل',101329,1)
,(20211471,'You must select at least one request type',101329,3)
,(20211472,'يجب اختيار موظف واحد على الأقل',101330,1)
,(20211473,'You must select at least one employee',101330,3)
,(20211474,'التصاريح',101331,1)
,(20211475,'empRequestsReportsForm3',101331,3)
,(20211476,'عرض أولويات الموافقة',101332,1)
,(20211477,'empGroupsView',101332,3)
;
INSERT INTO I18N_MESSAGE (ID,MESSAGE,KEY_ID,MYLOCALE) VALUES 
(20211478,'المسئولين',101333,1)
,(20211479,'reponsibles',101333,3)
,(20211480,'كود المستخدم',101334,1)
,(20211481,'userCode',101334,3)
,(20211482,'غير مسموح بالموافقة',101335,1)
,(20211483,'Approvaldenied',101335,3)
,(431,'Destination',180,3)
,(432,'إلي طرف',181,1)
,(433,'To Destination',181,3)
,(12,'مخازن',9,1)
;
INSERT INTO I18N_MESSAGE (ID,MESSAGE,KEY_ID,MYLOCALE) VALUES 
(13,'Inventory',9,3)
,(14,'ltr',1,3)
,(29,'lt_tabnotch.gif',10,1)
,(30,'rt_tabnotch.gif',10,3)
,(31,'rt_tabnotch.gif',11,1)
,(32,'lt_tabnotch.gif',11,3)
,(5731,'ملاحظات',1747,1)
,(5732,'ملاحظة',1748,1)
,(21,'Edit User Application',703,3)
,(22,'User Default Locale',424,3)
;
INSERT INTO I18N_MESSAGE (ID,MESSAGE,KEY_ID,MYLOCALE) VALUES 
(26,'Change User Password',874,3)
,(15,'فروع',21,1)
,(16,'Branches',21,3)
,(5808,'الوقت',1825,1)
,(5868,'صناديق البريد',1883,1)
,(5869,'الهواتف',1884,1)
,(5870,'الفاكسات',1885,1)
,(5871,'إضافة صندوق بريد',1886,1)
,(5872,'إضافة هاتف',1887,1)
,(5873,'إضافة فاكس',1888,1)
;
INSERT INTO I18N_MESSAGE (ID,MESSAGE,KEY_ID,MYLOCALE) VALUES 
(1,'rtl',1,1)
,(2,'ar',2,1)
,(3,'Copyright © 1992-2005 4S Tech., inc. All rights reserved.',3,1)
,(4,'حقوق الملكية الفكرية محفوظة لشركة 4S Tech',4,1)
,(5,'خدمات وطلبات',5,1)
,(18,'المدينة',18,1)
,(19,'الدولة',19,1)
,(20,'التاريخ',20,1)
,(23,'سيدات',23,1)
,(24,'من',24,1)
;
INSERT INTO I18N_MESSAGE (ID,MESSAGE,KEY_ID,MYLOCALE) VALUES 
(25,'الجنس',25,1)
,(27,'اللغة',27,1)
,(28,'رجال',28,1)
,(40,'الى',40,1)
,(52,'ادارة النظام',52,1)
,(74,'إضافة',74,1)
,(75,'الغاء',75,1)
,(76,'تعديل',76,1)
,(77,'حفظ',77,1)
,(79,'بيانات مطلوبة',79,1)
;
INSERT INTO I18N_MESSAGE (ID,MESSAGE,KEY_ID,MYLOCALE) VALUES 
(80,'اسم المستخدم',80,1)
,(81,'الوصف',81,1)
,(82,'خروج',82,1)
,(87,'انجليزي',87,1)
,(102,'الاسم بالكامل',102,1)
,(103,'تاريخ الميلاد',103,1)
,(105,'محل الميلاد',105,1)
,(106,'الجنسية',106,1)
,(107,'بلد الاقامة الحالي',107,1)
,(108,'رقم البطاقة',108,1)
;
INSERT INTO I18N_MESSAGE (ID,MESSAGE,KEY_ID,MYLOCALE) VALUES 
(109,'رقم الاقامة',109,1)
,(110,'رقم الجواز  ',110,1)
,(111,'العنوان',111,1)
,(112,'ص.ب',112,1)
,(113,'الرمز البريدي',113,1)
,(114,'هاتف',114,1)
,(115,'تحويلة',115,1)
,(116,'فاكس',116,1)
,(117,'جوال',117,1)
,(118,'البريد الالكتروني',118,1)
;
INSERT INTO I18N_MESSAGE (ID,MESSAGE,KEY_ID,MYLOCALE) VALUES 
(119,'ذكر',119,1)
,(120,'انثى',120,1)
,(122,'التالي',122,1)
,(127,'السابق',127,1)
,(148,'لا',148,1)
,(149,'نعم',149,1)
,(158,'ادخال',158,1)
,(169,'من تاريخ',169,1)
,(170,'إلى تاريخ',170,1)
,(174,'استعراض التفاصيل',174,1)
;
INSERT INTO I18N_MESSAGE (ID,MESSAGE,KEY_ID,MYLOCALE) VALUES 
(195,'دخول',195,1)
,(196,'مرحباً',196,1)
,(197,'من فضلك أدخل إسم المستخدم و كلمة السر',197,1)
,(198,'كلمة السر',198,1)
,(199,'تحميل المرفقات',199,1)
,(202,'بحث',202,1)
,(211,'بحث سريع',211,1)
,(212,'بحث مفصل',212,1)
,(213,'بحث مفصل',213,1)
,(214,'بحث',214,1)
;
INSERT INTO I18N_MESSAGE (ID,MESSAGE,KEY_ID,MYLOCALE) VALUES 
(215,'بحث جديد',215,1)
,(223,'رقم المعاملة',223,1)
,(267,'خيارات البحث',267,1)
,(270,'نتائج البحث',270,1)
,(271,'خطأ في إسم المستخدم أو كلمة السر',271,1)
,(272,'يوجد خطأ في التاريخ',272,1)
,(278,'لا يوجد نتائج للبحث',278,1)
,(279,'التاريخ الميلادي',279,1)
,(280,'التاريخ الهجري',280,1)
,(287,'إختار',287,1)
;
INSERT INTO I18N_MESSAGE (ID,MESSAGE,KEY_ID,MYLOCALE) VALUES 
(292,'يجب ملئ جميع البيانات المطلوبة',292,1)
,(293,'المسلسل',293,1)
,(296,'الموظفين',296,1)
,(297,'إسم الموظف',297,1)
,(298,'المهنة',298,1)
,(299,'القسم',299,1)
,(300,'الأقسام',300,1)
,(302,'الإسم',302,1)
,(304,'الدول',304,1)
,(305,'الدولة',305,1)
;
INSERT INTO I18N_MESSAGE (ID,MESSAGE,KEY_ID,MYLOCALE) VALUES 
(306,'المدن',306,1)
,(308,'حذف',308,1)
,(309,'الإسم الأول',309,1)
,(310,'اللقب',310,1)
,(311,'تعديل / إضافة قسم',311,1)
,(315,'تعديل / إضافة دولة',315,1)
,(316,'المدن',316,1)
,(317,'تعديل / إضافة مدينة',317,1)
,(322,'خصائص',322,1)
,(323,'تغيير كلمة السر',323,1)
;
INSERT INTO I18N_MESSAGE (ID,MESSAGE,KEY_ID,MYLOCALE) VALUES 
(324,'تغيير كلمة السر',324,1)
,(325,'كلمة السر القديمة',325,1)
,(326,'كلمة السر الجديدة',326,1)
,(332,'كلمة السر القديمة غير صحيحة',332,1)
,(333,'يجب إدخال كلمة سر جديدة',333,1)
,(334,'يجب إدخال كلمة سر القديمة',334,1)
,(335,'تحويل التاريخ',335,1)
,(359,'Purchase price',145,3)
,(360,'أول المدة',146,1)
,(361,'First Duration',146,3)
;
INSERT INTO I18N_MESSAGE (ID,MESSAGE,KEY_ID,MYLOCALE) VALUES 
(362,'الحالى',147,1)
,(365,'Currently',147,3)
,(366,'المتوسط',150,1)
,(367,'Average',150,3)
,(368,'حدود الصنف',151,1)
,(369,'Item Limits',151,3)
,(370,'الحد الأدنى',152,1)
,(371,'Low Limit',152,3)
,(372,'الحد الأقصى',153,1)
,(373,'High Limit',153,3)
;
INSERT INTO I18N_MESSAGE (ID,MESSAGE,KEY_ID,MYLOCALE) VALUES 
(374,'حد الطلب',154,1)
,(375,'Order Limit',154,3)
,(376,'تاريخ الصنف',155,1)
,(377,'Item Date',155,3)
,(378,'تاريخ اخر حركة',156,1)
,(379,'Last Transaction Date',156,3)
,(380,'سعر المنصرف',157,1)
,(381,'Outgoing Price',157,3)
,(382,'سعر المستهلك',159,1)
,(383,'Consumer Price',159,3)
;
INSERT INTO I18N_MESSAGE (ID,MESSAGE,KEY_ID,MYLOCALE) VALUES 
(384,'سعر الجملة',160,1)
,(385,'Inter Price',160,3)
,(386,'سعر التجزئة',161,1)
,(387,'Retail Price',161,3)
,(388,'إضافة / تعديل بيانات الصنف',162,1)
,(389,'ِAdd / Edit Item Data',162,3)
,(390,'خطأ فى الرقم',163,1)
,(391,'Invalid Number',163,3)
,(392,'الحد الأدنى أكبر من الحد الأقصى',164,1)
,(393,'Minimum of Quantity more than Maximum of Quantity',164,3)
;
INSERT INTO I18N_MESSAGE (ID,MESSAGE,KEY_ID,MYLOCALE) VALUES 
(394,'حد الطلب أقل من الحد الأدنى',165,1)
,(395,'Request Quantity  less than Minimum of Quantity',165,3)
,(396,'حد الطلب أكبر من الحد الأقصى',166,1)
,(397,'Request Quantity more than Minimum of Quantity',166,3)
,(3225,'إستخدام جزء من الكود كعرض',1215,1)
,(3226,'Use part of code as width',1215,3)
,(3227,'Use part of code as height',1216,3)
,(3229,'إستخدام جزء من الكود كإرتفاع',1216,1)
,(398,'الوحدات الأساسية',171,1)
,(399,'Basic Unit',171,3)
;
INSERT INTO I18N_MESSAGE (ID,MESSAGE,KEY_ID,MYLOCALE) VALUES 
(400,'إضافة / تعديل الوحدات الأساسية',172,1)
,(401,'Add / Edit Basic Unit',172,3)
,(3230,'Total length must be less than 20',1222,3)
,(3231,'مجموع الأطوال لا بد أن يكون أقل من20',1222,1)
,(301,'عدد الأشكال',129,1)
,(303,'No of Forms',129,3)
,(307,'رمز النوع',130,1)
,(312,'Type Symbol',130,3)
,(318,'Fax',116,3)
,(319,'Phone',443,3)
;
INSERT INTO I18N_MESSAGE (ID,MESSAGE,KEY_ID,MYLOCALE) VALUES 
(3160,'مواصفات المجموعه الرئيسيه للأصناف',1170,1)
,(3161,'Items Main Group Description',1170,3)
,(3165,'مجموعة الأصناف',1171,1)
,(3166,'Items Group',1171,3)
,(3170,'لغات وصف الصنف',1172,1)
,(3173,'LanguagesOf ItemDescription',1172,3)
,(3174,'سياسة التسعير',1173,1)
,(3175,'Pricing Policy',1173,3)
,(3176,'تعدد الوحدات',1174,1)
,(3177,'Multiple Units',1174,3)
;
INSERT INTO I18N_MESSAGE (ID,MESSAGE,KEY_ID,MYLOCALE) VALUES 
(3178,'عدد الوحدات',1175,1)
,(3179,'Number Of Units',1175,3)
,(3180,'عدد خانات الكسر',1176,1)
,(3181,'Number Of Decimal Fraction',1176,3)
,(327,'الأصناف',133,1)
,(328,'Items',133,3)
,(329,'الأصناف',134,1)
,(330,'Items',134,3)
,(402,'وحدات القياس للصنف',175,1)
,(403,'Units for Item',175,3)
;
INSERT INTO I18N_MESSAGE (ID,MESSAGE,KEY_ID,MYLOCALE) VALUES 
(404,'وحدة القياس',176,1)
,(405,'Unit',176,3)
,(406,'الترتيب فى العرض',177,1)
,(407,'Priority Order',177,3)
,(408,'الوحدة الأساسية',178,1)
,(409,'Basic Unit',178,3)
,(3894,'NAME:',802,2)
,(3993,'يرجى إدخال إسم مستخدم آخر',867,1)
,(3994,'يرجى إدخال لغة أخرى',868,1)
,(3995,'البريد الإلكتروني غير صحيح',869,1)
;
INSERT INTO I18N_MESSAGE (ID,MESSAGE,KEY_ID,MYLOCALE) VALUES 
(3997,'الوظائف',871,1)
,(4853,'تغيير كلمة السر',874,1)
,(4854,'كلمة السر القديمة',875,1)
,(4855,'كلمة السر الجديدة',876,1)
,(4856,'تأكيد كلمة السر',877,1)
,(4857,'خطأ في كلمة السر القديمة',878,1)
,(4858,'كلمة السر الجديدة غير مساوية لتأكيد كلمة السر',879,1)
,(4859,'تم تغيير كلمة السر بنجاح',880,1)
,(6635,'غير مسموح لك بالتعديل',2439,1)
,(6636,'طباعه',2440,1)
;
INSERT INTO I18N_MESSAGE (ID,MESSAGE,KEY_ID,MYLOCALE) VALUES 
(6759,'الامين العام',2562,1)
,(6760,'أ.د. حسين محمد الفريحي',2563,1)
,(6163,'Copyright © 1992-2005 4S Tech., inc. All rights reserved.',3,3)
,(6164,'حقوق الملكية الفكرية محفوظة لشركة 4S Tech',4,3)
,(6165,'Requests System',5,3)
,(6172,'City',18,3)
,(6173,'Country',19,3)
,(6174,'Date',20,3)
,(6175,'From',24,3)
,(6176,'Language',27,3)
;
INSERT INTO I18N_MESSAGE (ID,MESSAGE,KEY_ID,MYLOCALE) VALUES 
(6177,'To',40,3)
,(6178,'System Administration',52,3)
,(6179,'Add',74,3)
,(6180,'Cancel',75,3)
,(6181,'Edit',76,3)
,(6182,'Save',77,3)
,(6183,'Required Information',79,3)
,(6184,'Username',80,3)
,(6185,'Description',81,3)
,(6186,'Logout',82,3)
;
INSERT INTO I18N_MESSAGE (ID,MESSAGE,KEY_ID,MYLOCALE) VALUES 
(6187,'Next',122,3)
,(6188,'Back',127,3)
,(6189,'Submit',158,3)
,(6190,'From date',169,3)
,(6191,'To date',170,3)
,(6192,'Login',195,3)
,(6193,'Welcome',196,3)
,(6194,'Please insert username and password',197,3)
,(6195,'Password',198,3)
,(6196,'Browse',199,3)
;
INSERT INTO I18N_MESSAGE (ID,MESSAGE,KEY_ID,MYLOCALE) VALUES 
(6197,'Search',214,3)
,(429,'طرف',180,1)
,(440,'إضافة / تعديل مواصفة حركة',185,1)
,(441,'Add / Edit Transaction Specification',185,3)
,(443,'كود المستند',186,1)
,(444,'Transaction Code',186,3)
,(446,'نوع المستند',187,1)
,(447,'Transaction Type',187,3)
,(448,'طبيعة المستند',188,1)
,(449,'Transaction Nature',188,3)
;
INSERT INTO I18N_MESSAGE (ID,MESSAGE,KEY_ID,MYLOCALE) VALUES 
(450,'يؤثر في أسعار الأصناف',189,1)
,(451,'Price Effect',189,3)
,(452,'يؤثر في أرصدة الأصناف',190,1)
,(453,'Quantity Effect',190,3)
,(454,'يؤثر في الأرصدة المالية',191,1)
,(455,'Financial Effect',191,3)
,(456,'من',192,1)
,(457,'From',192,3)
,(458,'إلي',193,1)
,(459,'To',193,3)
;
INSERT INTO I18N_MESSAGE (ID,MESSAGE,KEY_ID,MYLOCALE) VALUES 
(460,'يمكن تعديل الطرف من',194,1)
,(461,'Can Edit from',194,3)
,(462,'يمكن تعديل الطرف إلي',200,1)
,(463,'Can Edit to',200,3)
,(464,'ترصيد المخازن',201,1)
,(465,'Balance of  Stores',201,3)
,(466,'المخازن',203,1)
,(467,'Stores',203,3)
,(468,'إجمالى رصيد أول المدة',204,1)
,(469,'Total First Period Balance',204,3)
;
INSERT INTO I18N_MESSAGE (ID,MESSAGE,KEY_ID,MYLOCALE) VALUES 
(470,'إجمالى الرصيد الحالى',205,1)
,(471,'Total Current Balance',205,3)
,(472,'لا يمكن تعديل هذه المواصفة',206,1)
,(473,'Can not Edit this Specification',206,3)
,(495,'يوجد وحدة قياس مكررة',219,1)
,(496,'There is a unit of measurement repeated',219,3)
,(497,'يجب إدخال وحدة قياس واحدة على الأقل',220,1)
,(498,'You must enter a unit of measurement and at least one',220,3)
,(499,'خطا بالرقم',221,1)
,(500,'Invalid Number',221,3)
;
INSERT INTO I18N_MESSAGE (ID,MESSAGE,KEY_ID,MYLOCALE) VALUES 
(643,'الحساب',645,1)
,(644,'إضافة',646,1)
,(645,'القيمة',647,1)
,(646,'أصول',648,1)
,(647,'حالة الرصيد',649,1)
,(648,'تفاصيل الموازنة',650,1)
,(649,'سعر تحويل العملة',651,1)
,(650,'تاريخ الإغلاق',652,1)
,(651,'الكود',653,1)
,(652,'دائن',654,1)
;
INSERT INTO I18N_MESSAGE (ID,MESSAGE,KEY_ID,MYLOCALE) VALUES 
(653,'العملة',655,1)
,(654,'مدين',656,1)
,(655,'نوع المستند',657,1)
,(656,'تاريخ نهاية الفترة',658,1)
,(657,'مصروفات',659,1)
,(658,'لا',660,1)
,(659,'الفترة المالية',661,1)
,(660,'من موازنة أخرى',662,1)
,(661,'إيرادات',663,1)
,(662,'آخر حساب رئيسي؟',664,1)
;
INSERT INTO I18N_MESSAGE (ID,MESSAGE,KEY_ID,MYLOCALE) VALUES 
(663,'تاريخ آخر حركة',665,1)
,(664,'خصوم',666,1)
,(665,'طبيعة الحساب',667,1)
,(666,'ملاحظات',668,1)
,(667,'الرصيد الإفتتاحي',669,1)
,(668,'تاريخ الرصيد الإفتتاحي',670,1)
,(669,'تاريخ الفتح',671,1)
,(670,'أخرى',672,1)
,(671,'متفرع من',673,1)
,(672,'النسبة',674,1)
;
INSERT INTO I18N_MESSAGE (ID,MESSAGE,KEY_ID,MYLOCALE) VALUES 
(673,'سبب الرفض',675,1)
,(674,'المبلغ الباقي',676,1)
,(675,'حذف',677,1)
,(676,'الرقم المسلسل',678,1)
,(677,'تاريخ البداية',679,1)
,(678,'الحالة',680,1)
,(679,'المستندات الملحقة',681,1)
,(680,'رمز العملة',682,1)
,(681,'القيمة الكلية',683,1)
,(682,'تفاصيل القيد',684,1)
;
INSERT INTO I18N_MESSAGE (ID,MESSAGE,KEY_ID,MYLOCALE) VALUES 
(683,'حالة الحركة',685,1)
,(684,'نعم',686,1)
,(685,'النوع',687,1)
,(686,'المبلغ المستخدم',688,1)
,(687,'الحسابات',689,1)
,(688,'مراكز التكلفة',690,1)
,(689,'البيانات الأساسية',691,1)
,(690,'الموازنات',692,1)
,(691,'العملات',693,1)
,(692,'أنواع المستندات',694,1)
;
INSERT INTO I18N_MESSAGE (ID,MESSAGE,KEY_ID,MYLOCALE) VALUES 
(693,'الفترات المالية',695,1)
,(694,'القيود',696,1)
,(709,'أخر حساب رئيسي؟',711,1)
,(710,'الرصيد الحالي',712,1)
,(711,'الموازنة الأخرى',713,1)
,(2295,'إستعراض العملات',853,1)
,(2296,'إضافة / تعديل عملة',854,1)
,(3133,'إستعراض الفترات المالية',855,1)
,(3134,'إضافة / تعديل فترة مالية',856,1)
,(3135,'إستعراض المستندات',857,1)
;
INSERT INTO I18N_MESSAGE (ID,MESSAGE,KEY_ID,MYLOCALE) VALUES 
(3136,'إضافة  / تعديل مستند',858,1)
,(3137,'إستعراض الحسابات',859,1)
,(3138,'إضافة حساب',860,1)
,(3139,'إستعراض مراكز التكلفة',861,1)
,(3140,'إضافة تحليل',862,1)
,(3141,'إستعراض الحركات',863,1)
,(3142,'إضافة / تعديل قيد',864,1)
,(336,'التاريخ المحول',336,1)
,(337,'تحويل التاريخ',337,1)
,(341,'خطأ في التاريخ',341,1)
;
INSERT INTO I18N_MESSAGE (ID,MESSAGE,KEY_ID,MYLOCALE) VALUES 
(342,'يجب ادخال التاريخ',342,1)
,(355,'ادارة النظام',355,1)
,(356,'تفضيلات المستخدم',356,1)
,(363,'من',363,1)
,(364,'الي',364,1)
,(414,'أمن النظام',415,1)
,(415,'البرنامج',416,1)
,(416,'وظائف المستخدم',417,1)
,(417,'الوظيفة',418,1)
,(418,'البرنامج الأساسي',419,1)
;
INSERT INTO I18N_MESSAGE (ID,MESSAGE,KEY_ID,MYLOCALE) VALUES 
(419,'إغلاق',420,1)
,(420,'القسم',421,1)
,(421,'المستخدمين',422,1)
,(422,'إسم الدخول',423,1)
,(423,'اللغة الأساسية للمستخدم',424,1)
,(424,'وظائف المستخدم',425,1)
,(425,'اللغات',426,1)
,(426,'اللغة الأساسية',427,1)
,(430,'المجالات المشتركة',431,1)
,(442,'الهاتف',443,1)
;
INSERT INTO I18N_MESSAGE (ID,MESSAGE,KEY_ID,MYLOCALE) VALUES 
(445,'الجوال',446,1)
,(528,'التحويلة',529,1)
,(2185,'المسمى',743,1)
,(2186,'تعديل الصلاحيات',744,1)
,(2187,'الصلاحية',745,1)
,(695,'بيانات المستخدمين',697,1)
,(696,'تعديل / إضافة المستخدم',698,1)
,(697,'الوظيفة',699,1)
,(698,'إضافة وظيفة',700,1)
,(699,'نسخة من الوظيفة',701,1)
;
INSERT INTO I18N_MESSAGE (ID,MESSAGE,KEY_ID,MYLOCALE) VALUES 
(700,'تعديل الوظيفة',702,1)
,(701,'تعديل برنامج المستخدم',703,1)
,(702,'تعديل اللغة الأساسية',704,1)
,(703,'تعديل لغة المستخدم',705,1)
,(712,'اللغات المستخدمة',714,1)
,(713,'الأقسام',716,1)
,(714,'الدول',717,1)
,(723,'عربي',726,1)
,(725,'تعديل / إضافة لغة',728,1)
,(726,'نسخة من اللغة',729,1)
;
INSERT INTO I18N_MESSAGE (ID,MESSAGE,KEY_ID,MYLOCALE) VALUES 
(727,'كود اللغة',730,1)
,(728,'اللغات المستخدمة',732,1)
,(2184,'تعديل المسمى',742,1)
,(2204,'SAUDI COUNCIL FOR HEALTH SPECIALITIES',796,1)
,(2209,'الإسم:',801,1)
,(2210,'NAME',802,1)
,(3145,'rtl',1,2)
,(3146,'en',2,3)
,(3147,'Copyright © 1992-2005 4S Tech., inc. All rights reserved.',3,2)
,(3148,'حقوق الملكية الفكرية محفوظة لشركة 4S Tech',4,2)
;
INSERT INTO I18N_MESSAGE (ID,MESSAGE,KEY_ID,MYLOCALE) VALUES 
(427,'هذا الكود موجود من قبل',179,1)
,(428,'Repeated Code',179,3)
,(3149,'	 	تخطيط موارد المؤسسات',5,2)
,(3162,'المدينة',18,2)
,(3163,'الدولة',19,2)
,(3164,'التاريخ',20,2)
,(3167,'سيدات',23,2)
,(3168,'من',24,2)
,(3169,'النوع',25,2)
,(3171,'la langue',27,2)
;
INSERT INTO I18N_MESSAGE (ID,MESSAGE,KEY_ID,MYLOCALE) VALUES 
(3172,'رجال',28,2)
,(3184,'الى',40,2)
,(3196,'ادارة النظام',52,2)
,(3217,'إضافة',74,2)
,(3218,'الغاء',75,2)
,(3219,'تعديلm',76,2)
,(3220,'حفظ',77,2)
,(3221,'بيانات مطلوبة',79,2)
,(3222,'اسم المستخدم',80,2)
,(3223,'الوصف',81,2)
;
INSERT INTO I18N_MESSAGE (ID,MESSAGE,KEY_ID,MYLOCALE) VALUES 
(3224,'خروج',82,2)
,(3228,'انجليزي',87,2)
,(3242,'الاسم بالكامل',102,2)
,(3243,'تاريخ الميلاد',103,2)
,(3245,'محل الميلاد',105,2)
,(3246,'الجنسية',106,2)
,(3247,'بلد الاقامة الحالي',107,2)
,(3248,'رقم البطاقة',108,2)
,(3249,'رقم الاقامة',109,2)
,(3250,'رقم جواز السفر',110,2)
;
INSERT INTO I18N_MESSAGE (ID,MESSAGE,KEY_ID,MYLOCALE) VALUES 
(3251,'العنوان',111,2)
,(3252,'ص.ب',112,2)
,(3253,'الرمز البريدي',113,2)
,(3254,'هاتف',114,2)
,(3255,'تحويلة',115,2)
,(3256,'فاكس',116,2)
,(3257,'جوال',117,2)
,(3258,'البريد الالكتروني',118,2)
,(3259,'ذكر',119,2)
,(3260,'انثى',120,2)
;
INSERT INTO I18N_MESSAGE (ID,MESSAGE,KEY_ID,MYLOCALE) VALUES 
(3262,'التالي',122,2)
,(3267,'السابق',127,2)
,(3288,'لا',148,2)
,(3289,'نعم',149,2)
,(3298,'ادخال',158,2)
,(3309,'من',169,2)
,(3310,'إلى تاريخ',170,2)
,(3314,'استعراض التفاصيل',174,2)
,(3335,'دخول',195,2)
,(3336,'مرحباً',196,2)
;
INSERT INTO I18N_MESSAGE (ID,MESSAGE,KEY_ID,MYLOCALE) VALUES 
(3337,'من فضلك أدخل إسم المستخدم و كلمة السر',197,2)
,(3338,'كلمة السر',198,2)
,(3339,'تحميل المرفقات',199,2)
,(3342,'بحث',202,2)
,(3351,'بحث سريع',211,2)
,(3352,'بحث مفصل',212,2)
,(3353,'بحث مفصل',213,2)
,(3354,'بحث',214,2)
,(3355,'بحث جديد',215,2)
,(3363,'تسلسل',223,2)
;
INSERT INTO I18N_MESSAGE (ID,MESSAGE,KEY_ID,MYLOCALE) VALUES 
(3407,'خيارات البحث',267,2)
,(3410,'نتائج البحث',270,2)
,(3411,'خطأ في إسم المستخدم أو كلمة السر',271,2)
,(3412,'يوجد خطأ في التاريخ',272,2)
,(3418,'لا يوجد نتائج للبحث',278,2)
,(3419,'التاريخ الميلادي',279,2)
,(3420,'التاريخ الهجري',280,2)
,(3427,'إختار',287,2)
,(3432,'Fill in all required data',292,3)
,(3433,'المسلسل',293,2)
;
INSERT INTO I18N_MESSAGE (ID,MESSAGE,KEY_ID,MYLOCALE) VALUES 
(3434,'الموظفين',296,2)
,(3435,'إسم الموظف',297,2)
,(3436,'المهنة',298,2)
,(3437,'القسم',299,2)
,(3438,'الأقسام',300,2)
,(3440,'الإسم',302,2)
,(3442,'الدول',304,2)
,(3443,'الدولة',305,2)
,(3444,'المدن',306,2)
,(3446,'حذف',308,2)
;
INSERT INTO I18N_MESSAGE (ID,MESSAGE,KEY_ID,MYLOCALE) VALUES 
(3447,'الإسم الأول',309,2)
,(3448,'اللقب',310,2)
,(3449,'تعديل / إضافة قسم',311,2)
,(3450,'تعديل / إضافة دولة',315,2)
,(3451,'المدن',316,2)
,(3452,'تعديل / إضافة مدينة',317,2)
,(3457,'خصائص',322,2)
,(3458,'تغيير كلمة السر',323,2)
,(3459,'تغيير كلمة السر',324,2)
,(3460,'كلمة السر القديمة',325,2)
;
INSERT INTO I18N_MESSAGE (ID,MESSAGE,KEY_ID,MYLOCALE) VALUES 
(3461,'كلمة السر الجديدة',326,2)
,(6199,'From date',272,3)
,(6200,'Select',287,3)
,(6201,'Name',302,3)
,(6202,'Delete',308,3)
,(6203,'First Name',309,3)
,(6204,'Last Name',310,3)
,(6205,'Preferences',322,3)
,(6206,'Change password',323,3)
,(6207,'Change password',324,3)
;
INSERT INTO I18N_MESSAGE (ID,MESSAGE,KEY_ID,MYLOCALE) VALUES 
(6208,'Old password',325,3)
,(6209,'New password',326,3)
,(6210,'Old password',332,3)
,(6211,'New password',333,3)
,(6212,'Please insert the old password',334,3)
,(6213,'Date converter',335,3)
,(6214,'Invalid date',341,3)
,(6215,'Empty date',342,3)
,(6216,'Administration',355,3)
,(6217,'Edit user preferences',356,3)
;
INSERT INTO I18N_MESSAGE (ID,MESSAGE,KEY_ID,MYLOCALE) VALUES 
(6218,'From Time',363,3)
,(6219,'To time',364,3)
,(6220,'Close',420,3)
,(6221,'Department',421,3)
,(6222,'Sunday',1136,3)
,(6223,'Monday',1137,3)
,(6224,'Tuesday',1138,3)
,(6225,'Wednesday',1139,3)
,(6226,'Thursday',1140,3)
,(6227,'Friday',1141,3)
;
INSERT INTO I18N_MESSAGE (ID,MESSAGE,KEY_ID,MYLOCALE) VALUES 
(6228,'Saturday',1142,3)
,(6229,'Notes',1748,3)
,(6230,'All',1683,3)
,(6234,'Employee',1293,3)
,(6305,'نعم',2106,1)
,(6339,'الصفحة الرئيسية',2140,1)
,(6340,'الوصف بالانجليزية',2141,1)
,(6387,'الملاحظات السابقة',2188,1)
,(6447,'هل أنت متأكد من حذف هذا السطر؟',2248,1)
,(6539,'يجب ادخال رقم',2341,1)
;
INSERT INTO I18N_MESSAGE (ID,MESSAGE,KEY_ID,MYLOCALE) VALUES 
(6832,'صلاحيات البرنامج',2635,1)
,(6889,'اسم طابع التقرير',2692,1)
,(6890,'تاريخ طباعة التقرير',2693,1)
,(6892,'رجاء التأكد من صحة جميع البيانات',2695,1)
,(6893,'تم التأكد',2696,1)
,(6894,'المنطقة',2697,1)
,(6895,'إضافة/تعديل منطقة',2698,1)
,(6896,'المناطق',2699,1)
,(6897,'المناطق',2700,1)
,(6905,'يناير',2708,1)
;
INSERT INTO I18N_MESSAGE (ID,MESSAGE,KEY_ID,MYLOCALE) VALUES 
(6906,'فبراير',2709,1)
,(6907,'مارس',2710,1)
,(6908,'أبريل',2711,1)
,(6909,'مايو',2712,1)
,(6910,'يونية',2713,1)
,(6911,'يوليو',2714,1)
,(6912,'أغسطس',2715,1)
,(6913,'سبتمبر',2716,1)
,(6914,'أكتوبر',2717,1)
,(6915,'نوفمبر',2718,1)
;
INSERT INTO I18N_MESSAGE (ID,MESSAGE,KEY_ID,MYLOCALE) VALUES 
(6916,'ديسمبر',2719,1)
,(6944,'افرع',2748,1)
,(6956,'الجنسيه للمذكر',2760,1)
,(6957,'الجنسيه للمؤنث',2761,1)
,(6960,'قيمه التصنيف الجديده تختلف عن قيمه التصنيف المعدله',2764,1)
,(6983,'حفظ و طباعه',2787,1)
,(7152,'كود المنطقة',2957,1)
,(7233,'المناطق',3039,1)
,(7576,'الاجمالى',3383,1)
,(7620,'طباعة',3425,1)
;
INSERT INTO I18N_MESSAGE (ID,MESSAGE,KEY_ID,MYLOCALE) VALUES 
(7634,'تأكيد الحذف',3439,1)
,(7643,'هذا المستخدم يستخدم البرنامج بالفعل',3448,1)
,(7644,'لا يمكن دخول مستخدم واحد من جهارين',3449,1)
,(7668,'من فضلك أدخل بريدك الإلكتروني',3474,1)
,(7669,'نسيت كلمة السر',3475,1)
,(7682,'هذه الصفحه غير موجوده',3488,1)
,(7683,'غير مسموح بالدخول لهذه الشاشه',3489,1)
,(7684,'لمزيد من المعلومات , يمكنكم الاتصال باداره الحاسب الالى',3490,1)
,(7783,'رقم الهاتف غير صحيح',3590,1)
,(7784,'إيقاف الحركة',3591,1)
;
INSERT INTO I18N_MESSAGE (ID,MESSAGE,KEY_ID,MYLOCALE) VALUES 
(7785,'فك إيقاف الحركة',3592,1)
,(7852,'المدينة غير تابعه لأي منطقه',3659,1)
,(7861,'المتدرب في أجازه في هذا التاريخ ',3668,1)
,(7862,'المتدرب منقطع في هذا التاريخ ',3669,1)
,(7864,'مبتعث',3671,1)
,(7890,'إضافة / تعديل فرع',3697,1)
,(232,'الموردين',90,1)
,(233,'Suppliers',90,3)
,(234,'إضافة / تعديل مورد',91,1)
,(235,'add/edit supplier',91,3)
;
INSERT INTO I18N_MESSAGE (ID,MESSAGE,KEY_ID,MYLOCALE) VALUES 
(236,'المدير المسئول',92,1)
,(237,'Contact Manager',92,3)
,(238,'العنوان باللغة العربية',93,1)
,(239,'Arabic Address',93,3)
,(240,'العنوان باللغة الإنجليزية',94,1)
,(241,'address by english',94,3)
,(242,'تاريخ التعريف',95,1)
,(243,'Configuration Date',95,3)
,(244,'تيليكس',96,1)
,(245,'telex',96,3)
;
INSERT INTO I18N_MESSAGE (ID,MESSAGE,KEY_ID,MYLOCALE) VALUES 
(246,'فاكس 1',97,1)
,(247,'fax 1',97,3)
,(248,'فاكس 2',98,1)
,(249,'fax 2',98,3)
,(250,'تليفون 1',99,1)
,(251,'tel 1',99,3)
,(252,'تليفون 2',100,1)
,(253,'tel 2',100,3)
,(254,'تليفون 3',101,1)
,(255,'tel 3',101,3)
;
INSERT INTO I18N_MESSAGE (ID,MESSAGE,KEY_ID,MYLOCALE) VALUES 
(256,'رقم السجل التجارى',104,1)
,(257,'commerical registration No',104,3)
,(258,'البطاقة الضريبية',121,1)
,(259,'commerical card No',121,3)
,(283,'مندوبي المبيعات',123,1)
,(284,'Sales Representative',123,3)
,(285,'إضافة / تعديل مندوب مبيعات',124,1)
,(286,'Add/Edit Sales Representative',124,3)
,(288,'نوع التعاقد',125,1)
,(289,'Contract Type',125,3)
;
INSERT INTO I18N_MESSAGE (ID,MESSAGE,KEY_ID,MYLOCALE) VALUES 
(290,'الحظر',126,1)
,(291,'Black List',126,3)
,(294,'نسبة المزيج',128,1)
,(295,'Mix Rate',128,3)
,(3201,'عربي',1205,1)
,(3202,'Arabic',1205,3)
,(3203,'عربي وإنجليزي',1206,1)
,(3204,'Arabic And English',1206,3)
,(3205,'عربي و إنجليزي و أخرى',1208,1)
,(3206,'Arabic And English And Others',1208,3)
;
INSERT INTO I18N_MESSAGE (ID,MESSAGE,KEY_ID,MYLOCALE) VALUES 
(3207,'متوسط سعر الشراء',1209,1)
,(3208,'Average Purchase Price',1209,3)
,(3209,'أخر سعر شراء',1210,1)
,(3210,'Latest Purchase Price',1210,3)
,(3211,'وارد أولا يصرف أولا',1211,1)
,(3212,'Come First Spent First',1211,3)
,(3113,'وارد أخيرا يصرف أولا',1212,1)
,(3114,'Come Finally Spent First',1212,3)
,(3115,'سعر شراء بداية المده',1213,1)
,(3116,'Start Duration Purchase Price',1213,3)
;
INSERT INTO I18N_MESSAGE (ID,MESSAGE,KEY_ID,MYLOCALE) VALUES 
(3117,'المتوسط المعياري',1214,1)
,(3118,'Standard Average',1214,3)
,(3300,'لايوجد علاقه بين الأبعاد وعلاقات الوحدات',1218,1)
,(3301,'No relationship between dimensions and units relation real',1218,3)
,(3302,'إستخدام الطول * العرض كعلاقات للوحدات',1219,1)
,(3303,'Use length*width as units relations',1219,3)
,(3304,'إستخدام 2 *(الطول*العرض) كعلاقات للوحدات',1220,1)
,(3305,'Use 2(Length*Width) as units relations',1220,3)
,(3306,'وحدات متساويه',1221,1)
,(3307,'Equal units',1221,3)
;
INSERT INTO I18N_MESSAGE (ID,MESSAGE,KEY_ID,MYLOCALE) VALUES 
(228,'الكود خطأ, لا يمكن الحفظ',62,1)
,(229,'Invalid code, can not save!',62,3)
,(230,'المجموعات',63,1)
,(231,'Groups',63,3)
,(4909,'الملف',929,1)
,(4910,'ادخال',930,1)
,(5060,'لا يوجد نتائج للبحث',1075,1)
,(5101,'تعليق',1116,1)
,(5119,'يوم / أيام',1134,1)
,(5121,'الاحد',1136,1)
;
INSERT INTO I18N_MESSAGE (ID,MESSAGE,KEY_ID,MYLOCALE) VALUES 
(5122,'الاثنين',1137,1)
,(5123,'الثلاثاء',1138,1)
,(5124,'الاربعاء',1139,1)
,(5125,'الخميس',1140,1)
,(5126,'الجمعة',1141,1)
,(5127,'السبت',1142,1)
,(5144,'حالة المطابقة',1159,1)
,(5145,'بحث',1160,1)
,(5146,'البداية',1161,1)
,(5147,'النهاية',1162,1)
;
INSERT INTO I18N_MESSAGE (ID,MESSAGE,KEY_ID,MYLOCALE) VALUES 
(5148,'اي مكان',1163,1)
,(5149,'مطابق تماما',1164,1)
,(5192,'يمكن اغلاق الموضوع',1207,1)
,(5245,'اضافة / تعديل',1259,1)
,(5254,'انهاء',1268,1)
,(5280,'الموظف',1293,1)
,(5295,'الوصف باللغة العربية',1308,1)
,(5296,'الوصف باللغة الإنجليزية',1309,1)
,(5297,'اسم فرع البنك',1310,1)
,(5298,'العنوان باللغه العربيه',1311,1)
;
INSERT INTO I18N_MESSAGE (ID,MESSAGE,KEY_ID,MYLOCALE) VALUES 
(5299,'العنوان باللغه الانجليزيه',1312,1)
,(5310,'فرع الهيئه',1323,1)
,(5315,'الوصف باللغه الانجليزيه',1328,1)
,(5328,'اخرى',1341,1)
,(5401,'الكود',1414,1)
,(5420,'مشترك',1436,1)
,(5424,'تحديث قاعدة البيانات',1440,1)
,(5460,'الإختيار الإفتراضي',1475,1)
,(5496,'تعدبل / اضافة',1511,1)
,(5497,'استعراض',1512,1)
;
INSERT INTO I18N_MESSAGE (ID,MESSAGE,KEY_ID,MYLOCALE) VALUES 
(179,'الفاصل',49,1)
,(180,'Separator',49,3)
,(181,'عدم تكرار الأجزاء الأخيرة وعددهم',50,1)
,(182,'Protect Last',50,3)
,(183,'ملئ تلقائي',51,1)
,(184,'Auto',51,3)
,(185,'مرتبط ب',53,1)
,(186,'Dep. on',53,3)
,(187,'أطوال',54,1)
,(188,'Length',54,3)
;
INSERT INTO I18N_MESSAGE (ID,MESSAGE,KEY_ID,MYLOCALE) VALUES 
(189,'ملف قاعدة البيانات',55,1)
,(190,'Table',55,3)
,(191,'اسم القائمة',56,1)
,(192,'Menu Name',56,3)
,(193,'ملئ خانات المقطع',57,1)
,(5515,'يجب ملئ جميع البيانات المطلوبة',1531,1)
,(194,'Filler',57,3)
,(200,'تقسيم الأكواد',58,1)
,(201,'Codes Division',58,3)
,(221,'البيانات الأساسية',59,1)
;
INSERT INTO I18N_MESSAGE (ID,MESSAGE,KEY_ID,MYLOCALE) VALUES 
(222,'Basic Data',59,3)
,(224,'العملاء',60,1)
,(225,'Customers',60,3)
,(226,'العملاء',61,1)
,(227,'Customers',61,3)
,(5402,'Code',1414,3)
,(5548,'يمكنه الاطلاع على رسائل القسم',1563,1)
,(5553,'الشركات',1568,1)
,(5554,'الشركات',1569,1)
,(5555,'الأقسام',1570,1)
;
INSERT INTO I18N_MESSAGE (ID,MESSAGE,KEY_ID,MYLOCALE) VALUES 
(5556,'تعديل / اضافة شركة',1571,1)
,(5668,'الكل',1683,1)
,(5676,'موافقة',1691,1)
,(5677,'رفض',1692,1)
,(5678,'مدير؟',1693,1)
,(5679,'مدير قسم؟',1694,1)
,(177,'عدد المقاطع',48,1)
,(178,'No. of Partitions',48,3)
,(5937,'يرجى إدخال كود آخر',1952,1)
,(5938,'موظف؟',1953,1)
;
INSERT INTO I18N_MESSAGE (ID,MESSAGE,KEY_ID,MYLOCALE) VALUES 
(5950,'يرجى إدخال كود حضور و إنصراف آخر',1965,1)
,(5951,'كود الحضور و الإنصراف',1966,1)
,(6004,'فعال',2019,1)
,(6,'ادارة النظام',6,1)
,(7,'Administration',6,3)
,(8,'مخازن',7,1)
,(9,'Inventory',7,3)
,(10,'مخازن',8,1)
,(11,'Inventory',8,3)
,(260,'جهات',64,1)
;
INSERT INTO I18N_MESSAGE (ID,MESSAGE,KEY_ID,MYLOCALE) VALUES 
(987,'Reports',1061,3)
,(988,'تقرير',1062,1)
,(3467,'كلمة السر القديمة غير صحيحة',332,2)
,(3468,'يجب إدخال كلمة سر جديدة',333,2)
,(3469,'يجب إدخال كلمة سر القديمة',334,2)
,(3470,'تحويل التاريخ',335,2)
,(3471,'التاريخ المحول',336,2)
,(3472,'تحويل التاريخ',337,2)
,(3476,'خطأ في التاريخ',341,2)
,(3477,'يجب ادخال التاريخ',342,2)
;
INSERT INTO I18N_MESSAGE (ID,MESSAGE,KEY_ID,MYLOCALE) VALUES 
(3490,'ادارة النظام',355,2)
,(3491,'تفضيلات المستخدم',356,2)
,(3498,'من',363,2)
,(3499,'الي',364,2)
,(33,'Edit User Language',705,3)
,(17,'Application',416,3)
,(34,'Old Password',875,3)
,(35,'New Password',876,3)
,(36,'Confirm Password',877,3)
,(37,'System Security',415,3)
;
INSERT INTO I18N_MESSAGE (ID,MESSAGE,KEY_ID,MYLOCALE) VALUES 
(38,'Languages',426,3)
,(39,'Common Settings',431,3)
,(41,'Users',422,3)
,(3549,'أمن النظام',415,2)
,(3550,'البرنامج',416,2)
,(3551,'وظائف المستخدم',417,2)
,(3552,'الوظيفة',418,2)
,(3553,'البرنامج الأساسي',419,2)
,(3554,'إغلاق',420,2)
,(3555,'القسم',421,2)
;
INSERT INTO I18N_MESSAGE (ID,MESSAGE,KEY_ID,MYLOCALE) VALUES 
(3556,'المستخدمين',422,2)
,(3557,'إسم الدخول',423,2)
,(3558,'اللغة الأساسية للمستخدم',424,2)
,(3559,'وظائف المستخدم',425,2)
,(3560,'les langues',426,2)
,(3561,'اللغة الأساسية',427,2)
,(42,'Roles',425,3)
,(43,'Users',697,3)
,(44,'Default Language',427,3)
,(3565,'corporation',431,2)
;
INSERT INTO I18N_MESSAGE (ID,MESSAGE,KEY_ID,MYLOCALE) VALUES 
(3576,'الهاتف',443,2)
,(3579,'الجوال',446,2)
,(45,'Languages',714,3)
,(46,'Default Language',704,3)
,(47,'Companies',1568,3)
,(48,'Countries',717,3)
,(49,'DB Update',1440,3)
,(50,'Companies',1569,3)
,(54,'Country Name',305,3)
,(53,'Countries',304,3)
;
INSERT INTO I18N_MESSAGE (ID,MESSAGE,KEY_ID,MYLOCALE) VALUES 
(51,'Branches',1570,3)
,(55,'Is Default',1475,3)
,(56,'Cities',306,3)
,(57,'Citites',316,3)
,(58,'English Description',2141,3)
,(59,'Add/Edit City',317,3)
,(60,'Yes',149,3)
,(61,'No',148,3)
,(62,'Branch',2748,3)
,(63,'Add/Edit Branch',3697,3)
;
INSERT INTO I18N_MESSAGE (ID,MESSAGE,KEY_ID,MYLOCALE) VALUES 
(64,'Add/Edit Company',1571,3)
,(65,'Add/Edit Country',315,3)
,(66,'Male Nationality',2760,3)
,(67,'Female Nationality',2761,3)
,(68,'Language',732,3)
,(69,'Add/Edit Language',728,3)
,(70,'Code',730,3)
,(71,'Cloned Language',729,3)
,(72,'Roles',417,3)
,(73,'Role Name',699,3)
;
INSERT INTO I18N_MESSAGE (ID,MESSAGE,KEY_ID,MYLOCALE) VALUES 
(78,'Add/Edit Role',700,3)
,(83,'Cloned Role',701,3)
,(84,'Default Page',2140,3)
,(85,'Add/Edit User Details',698,3)
,(86,'Is Employee',1953,3)
,(88,'Attendance Code',1966,3)
,(89,'Is Manager',1693,3)
,(90,'Is Department Manager',1694,3)
,(91,'Can View Department Messages',1563,3)
,(92,'Job Title',298,3)
;
INSERT INTO I18N_MESSAGE (ID,MESSAGE,KEY_ID,MYLOCALE) VALUES 
(93,'Branch',1323,3)
,(94,'Address',111,3)
,(95,'Tel. #',114,3)
,(96,'Email',118,3)
,(97,'Roles',871,3)
,(98,'User Default Application',419,3)
,(99,'إضافة / تعديل مخزن',12,1)
,(100,'ِAdd/Edit Inventory',12,3)
,(101,'نوع المخزن',13,1)
,(104,'Store Type',13,3)
;
INSERT INTO I18N_MESSAGE (ID,MESSAGE,KEY_ID,MYLOCALE) VALUES 
(121,'عدم الترصيد علي هذا المخزن',14,1)
,(123,'UnCalculate on it',14,3)
,(125,'Branches',15,3)
,(126,'إضافة / تعديل فرع',16,1)
,(124,'الفروع',15,1)
,(128,'ِAdd/Edit Branch',16,3)
,(130,'العنوان',17,1)
,(129,'Address',17,3)
,(131,'مركز رئيسي',22,1)
,(132,'Basic Center',22,3)
;
INSERT INTO I18N_MESSAGE (ID,MESSAGE,KEY_ID,MYLOCALE) VALUES 
(133,'فرع يعمل كمركز رئيسي',26,1)
,(134,'Like a BasicCenter',26,3)
,(135,'إضافة أصناف',29,1)
,(136,'Adding Items',29,3)
,(137,'إستقبال مستندات هذا الفرع',30,1)
,(138,'Receive documents for this branch',30,3)
,(139,'بيانات الفاتورة',31,1)
,(140,'Details of Invoice',31,3)
,(141,'السطر الأول',32,1)
,(142,'Line One',32,3)
;
INSERT INTO I18N_MESSAGE (ID,MESSAGE,KEY_ID,MYLOCALE) VALUES 
(143,'السطر الثاني',33,1)
,(144,'Line Two',33,3)
,(145,'السطر الثالث',34,1)
,(146,'Line Three',34,3)
,(147,'السطر الرابع',35,1)
,(150,'Line Four',35,3)
,(1331,'إضافة/تعديل تقسيم مؤهل',440,1)
,(1332,'Add/Edit Qualification Division',440,3)
,(1333,'إضافة/تعديل تقسيم جغرافي',441,1)
,(1334,'Add/Edit Geographical Division',441,3)
;
INSERT INTO I18N_MESSAGE (ID,MESSAGE,KEY_ID,MYLOCALE) VALUES 
(1335,'إضافة/تعديل موظف',442,1)
,(1336,'Add/Edit Employee',442,3)
,(1337,'إضافة/تعديل موظف',444,1)
,(1338,'Add/Edit Employee',444,3)
,(1339,'أكواد الموظفين',445,1)
,(1340,'Emplyee Codes',445,3)
,(1341,'أكواد الموظفين',447,1)
,(1342,'Emplyee Codes',447,3)
,(1343,'بيانات الوظيفه',448,1)
,(1344,'Job Data',448,3)
;
INSERT INTO I18N_MESSAGE (ID,MESSAGE,KEY_ID,MYLOCALE) VALUES 
(1345,'بيانات شخصيه',449,1)
,(1346,'Job Data',449,3)
,(5733,'Notes',1747,3)
,(331,'الكود أكبر من المتوقع.',72,1)
,(1347,'Code Larger Than Expected.',72,3)
,(1348,'إضافة لقب',73,1)
,(1349,'Add Title',73,3)
,(1350,'أكواد الألقاب',78,1)
,(1351,'Titles Codes',78,3)
,(1352,'أكواد الألقاب',167,1)
;
INSERT INTO I18N_MESSAGE (ID,MESSAGE,KEY_ID,MYLOCALE) VALUES 
(1353,'Titles Codes',167,3)
,(1354,'أكواد المستندات',168,1)
,(1355,'Documents Codes',168,3)
,(1356,'أكواد المستندات',173,1)
,(1357,'Documents Codes',173,3)
,(1358,'إضافة مستند',450,1)
,(1359,'Add Document',450,3)
,(1360,'تاريخ التعيين',451,1)
,(1361,'Date Of Appointment',451,3)
,(1362,'الترتيب',452,1)
;
INSERT INTO I18N_MESSAGE (ID,MESSAGE,KEY_ID,MYLOCALE) VALUES 
(1363,'Rank',452,3)
,(1364,'له مجموعه وظيفيه',453,1)
,(1365,'Has Functional Group',453,3)
,(1366,'بلد جنسيه',454,1)
,(1367,'Is Nationality Country',454,3)
,(1368,'تقسيم أكواد التخصصات',455,1)
,(1369,'Specialties Division Codes',455,3)
,(1370,'تقسيم التخصصات',456,1)
,(1371,'Specialties Division',456,3)
,(1372,'حذف سطر',457,1)
;
INSERT INTO I18N_MESSAGE (ID,MESSAGE,KEY_ID,MYLOCALE) VALUES 
(1373,'Delete Row',457,3)
,(1374,'إضافة سطر',458,1)
,(1375,'Add Row',458,3)
,(1376,'له تاريخ صلاحيه',459,1)
,(1377,'Has Expiry Date',459,3)
,(1378,'كيفية الإتصال',460,1)
,(1379,'Contact Information',460,3)
,(1380,'الحركات الخاصه بالموظف',461,1)
,(1381,'Employee Transactions',461,3)
,(1382,'أكواد الديانات',462,1)
;
INSERT INTO I18N_MESSAGE (ID,MESSAGE,KEY_ID,MYLOCALE) VALUES 
(1383,'Religions Codes',462,3)
,(1384,'إضافة ديانه',463,1)
,(1385,'Add Religion',463,3)
,(1386,'تليفون الطوارىء',464,1)
,(1387,'Emergency Phone',464,3)
,(1388,'الحاله الحاليه',465,1)
,(1389,'Current Status',465,3)
,(1390,'تاريخ نهاية الخدمه',466,1)
,(1391,'End Of Service Date',466,3)
,(1392,'تاريخ نهاية التأجيل',467,1)
;
INSERT INTO I18N_MESSAGE (ID,MESSAGE,KEY_ID,MYLOCALE) VALUES 
(1393,'End Of Postponement Date',467,3)
,(1394,'الأجر عند بداية التعيين',468,1)
,(1395,'Salary at Appointment',468,3)
,(1564,'فتح الكل',722,1)
,(1565,'Expand All',722,3)
,(1566,'تضاف للأساسي',723,1)
,(1567,'Add To Basic',723,3)
,(1568,'إضافة/تعديل علاوه',724,1)
,(1569,'ADD/Edit Salary Raise',724,3)
,(1570,'بلد الجنسيه',725,1)
;
INSERT INTO I18N_MESSAGE (ID,MESSAGE,KEY_ID,MYLOCALE) VALUES 
(1571,'Nationality Country',725,3)
,(1572,'نوع التاريخ',727,1)
,(1573,'Date Type',727,3)
,(1574,'هجري',731,1)
,(1575,'Hijri',731,3)
,(1576,'ميلادي',733,1)
,(1577,'Gregorian',733,3)
,(1578,'المؤهلات(التعليم)',734,1)
,(1579,'Qualifications',734,3)
,(1580,'المؤهلات(التعليم)',735,1)
;
INSERT INTO I18N_MESSAGE (ID,MESSAGE,KEY_ID,MYLOCALE) VALUES 
(1581,'Qualifications',735,3)
,(1582,'التخصص',736,1)
,(1583,'Specialty',736,3)
,(1584,'التعليم',737,1)
,(1585,'Education',737,3)
,(1586,'تاريخ الحصول على المؤهل',738,1)
,(1587,'Qualification Date',738,3)
,(1588,'الحركات',739,1)
,(1589,'Transactions',739,3)
,(1590,'التدرج الوظيفي(تسكين الموظف)',740,1)
;
INSERT INTO I18N_MESSAGE (ID,MESSAGE,KEY_ID,MYLOCALE) VALUES 
(1591,'Employee Allocations',740,3)
,(1592,'التدرج الوظيفي(تسكين الموظف)',741,1)
,(1593,'Employee Allocations',741,3)
,(1594,'المجموعه الوظيفيه',746,1)
,(1595,'Functional Group',746,3)
,(1596,'الوظيفه',747,1)
,(1597,'Job',747,3)
,(1598,'تاريخ الوظيفه',748,1)
,(1599,'Job Start Date',748,3)
,(1600,'أكواد المجموعات الوظيفيه',749,1)
;
INSERT INTO I18N_MESSAGE (ID,MESSAGE,KEY_ID,MYLOCALE) VALUES 
(1601,'Functional Groups Codes',749,3)
,(1602,'أكواد المجموعات الوظيفيه',750,1)
,(1603,'Functional Groups Codes',750,3)
,(1604,'إضافة/تعديل مجموعه وظيفيه',751,1)
,(1605,'Add/Edit Functional Group',751,3)
,(1606,'الحاله الإجتماعيه',752,1)
,(1607,'Marital Status',752,3)
,(1608,'الحاله الإجتماعيه',753,1)
,(1609,'Marital Status',753,3)
,(1610,'في تاريخ',754,1)
;
INSERT INTO I18N_MESSAGE (ID,MESSAGE,KEY_ID,MYLOCALE) VALUES 
(1611,'In Date',754,3)
,(1612,'الحاله الإجتماعيه',755,1)
,(1613,'Marital Status',755,3)
,(1614,'إضافة/تعديل الحاله الإجتماعيه',756,1)
,(1615,'Add/Edit Marital Status',756,3)
,(1616,'إضافة/تعديل تدرج وظيفي',757,1)
,(1617,'Add/Edit Employee Allocation',757,3)
,(1618,'إضافة/تعديل مؤهلات(التعليم)',758,1)
,(5150,'Match Mode',1159,3)
,(5151,'Search',1160,3)
;
INSERT INTO I18N_MESSAGE (ID,MESSAGE,KEY_ID,MYLOCALE) VALUES 
(5152,'Start',1161,3)
,(5153,'End',1162,3)
,(5154,'Anywhere',1163,3)
,(5155,'Eexact',1164,3)
,(1130,'لا يمكن الحذف لوجود حركة تعتمد علي هذه الحركة',394,1)
,(1131,'Can not delete, there is a transaction depend on this transaction',394,3)
,(975,'تقرير يومية تفصيلي',1053,1)
,(976,'تقرير يومية تفصيلي',1054,1)
,(977,'مدين (عملة محلية)',1055,1)
,(978,'دائن (عملة محلية)',1056,1)
;
INSERT INTO I18N_MESSAGE (ID,MESSAGE,KEY_ID,MYLOCALE) VALUES 
(979,'رتب ب',1057,1)
,(2221,'Employee Attendance Card No',1810,3)
,(2220,'أرقام كروت الساعة للعاملين',1810,1)
,(2222,'كود العامل',1811,1)
,(2223,'Employee Code',1811,3)
,(2224,'رقم كارت الساعة',1812,1)
,(2225,'Attendance Card No',1812,3)
,(2226,'أرقام كروت الساعة للعاملين',1813,1)
,(2227,'Employee Attendance Card No',1813,3)
,(2228,'مجموعات العاملين الإبتدائية',1814,1)
;
INSERT INTO I18N_MESSAGE (ID,MESSAGE,KEY_ID,MYLOCALE) VALUES 
(2229,'Primary Employees Group',1814,3)
,(2230,'مجموعة الحضور',1815,1)
,(2231,'Attendance Group',1815,3)
,(2232,'مجموعات العاملين الإبتدائية',1816,1)
,(2233,'Primary Employees Group',1816,3)
,(2234,'انواع الإجازات',1817,1)
,(2235,'Vacations Types',1817,3)
,(1396,'تعديل تفاصيل مواصفة حركة',469,1)
,(1397,'Edit Transaction Defination Specification',469,3)
,(1398,'رقم الطبلية',470,1)
;
INSERT INTO I18N_MESSAGE (ID,MESSAGE,KEY_ID,MYLOCALE) VALUES 
(1399,'Palette Number',470,3)
,(1400,'رقم الطبلية',471,1)
,(1401,'Palette Number',471,3)
,(1402,'نوع الطبلية',472,1)
,(1403,'Palette Type',472,3)
,(1404,'طبلية',473,1)
,(1405,'Palette',473,3)
,(1406,'صندوق',474,1)
,(1407,'Box',474,3)
,(1408,'جامبو',475,1)
;
INSERT INTO I18N_MESSAGE (ID,MESSAGE,KEY_ID,MYLOCALE) VALUES 
(1409,'Jumbo',475,3)
,(1410,'إضافة / تعديل رقم طبلية',476,1)
,(1411,'Add / Edit Palette Number',476,3)
,(1412,'مخزن',477,1)
,(1413,'Store',477,3)
,(1414,'مخزن إنتاج',478,1)
,(1415,'Production Store',478,3)
,(1416,'مخزن فرعي',479,1)
,(1417,'Sub Store',479,3)
,(1418,'ثلاجة',480,1)
;
INSERT INTO I18N_MESSAGE (ID,MESSAGE,KEY_ID,MYLOCALE) VALUES 
(1419,'Refrigerator',480,3)
,(1420,'طبلية',481,1)
,(1421,'Palette Capacity',481,3)
,(1422,'صندوق',482,1)
,(1423,'Box Capacity',482,3)
,(1424,'جامبو',483,1)
,(1425,'Jumbo Capacity',483,3)
,(1426,'يجب إدخال غرفة واحدة علي الأقل',484,1)
,(1427,'Required at least one store',484,3)
,(1428,'يجب إدخال قراءة واحدة علي الأقل لكل غرفة',485,1)
;
INSERT INTO I18N_MESSAGE (ID,MESSAGE,KEY_ID,MYLOCALE) VALUES 
(1429,'Required at least one value for every store',485,3)
,(1430,'إضافة / تعديل قراءة غرفة',486,1)
,(1431,'Add / Edit Room Measures',486,3)
,(1432,'اسم الغرفة',487,1)
,(1433,'Room Name',487,3)
,(1434,'درجة الحرارة',488,1)
,(1435,'Temperature',488,3)
,(1436,'الرطوبة',489,1)
,(1437,'Humidity',489,3)
,(1438,'الغاز',490,1)
;
INSERT INTO I18N_MESSAGE (ID,MESSAGE,KEY_ID,MYLOCALE) VALUES 
(1439,'Gas',490,3)
,(1440,'إضافة قراءة غرف',491,1)
,(1441,'Add room measures',491,3)
,(1442,'قراءة غرف',492,1)
,(1443,'Room Measures',492,3)
,(1444,'قراءة غرف',493,1)
,(1445,'Room Measures',493,3)
,(1446,'له وحدة أخري',494,1)
,(1447,'Has second unit',494,3)
,(1448,'من تاريخ',495,1)
;
INSERT INTO I18N_MESSAGE (ID,MESSAGE,KEY_ID,MYLOCALE) VALUES 
(1449,'From',495,3)
,(1450,'إلي تاريخ',496,1)
,(1451,'To',496,3)
,(1452,'مصاريف التحميل',497,1)
,(1453,'Loading Cost',497,3)
,(1454,'أيام السماح',498,1)
,(1455,'Free Days',498,3)
,(1456,'طريقة المحاسبة',499,1)
,(1457,'Method of accounting',499,3)
,(1458,'بالغرفة',500,1)
;
INSERT INTO I18N_MESSAGE (ID,MESSAGE,KEY_ID,MYLOCALE) VALUES 
(1459,'By Room',500,3)
,(1460,'بالوزن',501,1)
,(1461,'By Weight',501,3)
,(1462,'بداية الحساب من',502,1)
,(1463,'Start Calculation From',502,3)
,(1464,'بداية العقد',503,1)
,(1465,'Start Of Contract',503,3)
,(1466,'تاريخ أول حركة إضافة',504,1)
,(1467,'First Add Transaction Date',504,3)
,(1468,'طريقة حساب جزء من الشهر',505,1)
;
INSERT INTO I18N_MESSAGE (ID,MESSAGE,KEY_ID,MYLOCALE) VALUES 
(1469,'Month Part Rule',505,3)
,(1470,'أقل من 15 يوم كنصف شهر وأكثر كشهر',506,1)
,(1471,'Less than 15 days as half and more as a month',506,3)
,(1472,'أي كسر شهر كشهر',507,1)
,(1473,'A part of a month as a month',507,3)
,(1474,'كنسبة من الشهر',508,1)
,(1475,'As percent of a month',508,3)
,(1476,'العدد',509,1)
,(1477,'Number',509,3)
,(1478,'طرف',510,1)
;
INSERT INTO I18N_MESSAGE (ID,MESSAGE,KEY_ID,MYLOCALE) VALUES 
(1479,'Destination',510,3)
,(1480,'مركز تكلفة',511,1)
,(1481,'Cost Center',511,3)
,(1482,'كود الطبلية',512,1)
,(1483,'Palette Code',512,3)
,(1484,'مراكز التكلفة',513,1)
,(1485,'Cost Center',513,3)
,(1486,'مراكز التكلفة',514,1)
,(1487,'Cost Center',514,3)
,(1488,'إضافة / تعديل مركز تكلفة',515,1)
;
INSERT INTO I18N_MESSAGE (ID,MESSAGE,KEY_ID,MYLOCALE) VALUES 
(1489,'Add / Edit Cost Center',515,3)
,(1490,'يوجد طرف بالتفاصيل',516,1)
,(1491,'Details has destination',516,3)
,(1492,'يوجد مركز تكلفة بالتفاصيل',517,1)
,(1493,'Details has cost center',517,3)
,(1494,'الأصناف لها تفاصيل',518,1)
,(1495,'Items have details',518,3)
,(1496,'هذا عقد',519,1)
,(1497,'Is a contract',519,3)
,(1498,'تفاصيل الأصناف لها طرف',520,1)
;
INSERT INTO I18N_MESSAGE (ID,MESSAGE,KEY_ID,MYLOCALE) VALUES 
(1499,'Details of item  have a destination',520,3)
,(1500,'ترصيد',521,1)
,(1501,'Balance',521,3)
,(1554,'تقسيم التخصصات',715,1)
,(1555,'Specialty Division',715,3)
,(1556,'نسخ فروع',718,1)
,(1557,'Copy Branches',718,3)
,(1558,'تقسيم أكواد التخصصات',719,1)
,(1559,'Specialty Division Codes',719,3)
,(1560,'إضافة أصل',720,1)
;
INSERT INTO I18N_MESSAGE (ID,MESSAGE,KEY_ID,MYLOCALE) VALUES 
(1561,'Add Root',720,3)
,(1620,'هذه فاتورة',759,1)
,(1621,'Is Invoice',759,3)
,(1622,'عدد الغرف',760,1)
,(1623,'Number of Rooms',760,3)
,(1624,'طريقة الحساب',761,1)
,(1625,'Calculation Method',761,3)
,(1626,'سعر الغرفة',762,1)
,(1627,'Room Price',762,3)
,(1628,'بالشهر',763,1)
;
INSERT INTO I18N_MESSAGE (ID,MESSAGE,KEY_ID,MYLOCALE) VALUES 
(1629,'By Month',763,3)
,(1630,'باليوم',764,1)
,(1631,'By Day',764,3)
,(1632,'إصدار فواتير',765,1)
,(1633,'Create Invoices',765,3)
,(1634,'إصدار فواتير',766,1)
,(1635,'Create Invoices',766,3)
,(1636,'للعميل',767,1)
,(1637,'Customer',767,3)
,(1638,'إغلاق عقد',768,1)
;
INSERT INTO I18N_MESSAGE (ID,MESSAGE,KEY_ID,MYLOCALE) VALUES 
(1639,'Close Contract',768,3)
,(1640,'إغلاق عقد',769,1)
,(1641,'Close Contract',769,3)
,(1642,'رقم العقد',770,1)
,(1643,'Contract Number',770,3)
,(1644,'التاريخ يجب أن يكون أقل من أو يساوي تاريخ اليوم',771,1)
,(1645,'Date must be less than or equal to today''s date',771,3)
,(1646,'يوجد رصيد علي هذا العقد',772,1)
,(1647,'There is a balance of the contract',772,3)
,(1648,'تاريخ النهاية للعقد لم يتحقق',773,1)
;
INSERT INTO I18N_MESSAGE (ID,MESSAGE,KEY_ID,MYLOCALE) VALUES 
(1649,'Contract End Date Not Achieved',773,3)
,(1650,'لا يمكن الحذف لوجود بيانات مرتبطة به',774,1)
,(1651,'Cannot Delete',774,3)
,(1666,'تعريف تلقائي',781,1)
,(1667,'Automatic Definition',781,3)
,(1668,'تعريف تلقائي للطبالي',782,1)
,(1669,'Automatic Palette Number Definition',782,3)
,(1670,'من رقم',783,1)
,(1671,'From Number',783,3)
,(1672,'إلي رقم',784,1)
;
INSERT INTO I18N_MESSAGE (ID,MESSAGE,KEY_ID,MYLOCALE) VALUES 
(1673,'To Number',784,3)
,(1674,'الرقم إلي لابد أن أكبر من الرقم من',785,1)
,(1675,'To Number must be greater than From Number',785,3)
,(1676,'أكبر عدد طبالي ممكن هو 100',786,1)
,(1677,'Maximum allowed number of palettes are 100',786,3)
,(1678,'الغرف التي لم يتم إدخال قراءات لها ليوم',787,1)
,(1679,'Rooms that have not been entered its measures for day',787,3)
,(1680,'جميع الغرف لها قراءات',788,1)
,(1681,'All rooms have measures',788,3)
,(1714,'مواصفات الأعتماد',808,1)
;
INSERT INTO I18N_MESSAGE (ID,MESSAGE,KEY_ID,MYLOCALE) VALUES 
(1715,'Dependence Specifications',808,3)
,(1716,'مواصفات الأعتماد',809,1)
,(1717,'Dependence Specifications',809,3)
,(1718,'نوع الحركة',810,1)
,(1719,'Transaction Type',810,3)
,(1720,'تعتمد علي',811,1)
,(1721,'Depend on',811,3)
,(1722,'إظهار المستندات',812,1)
,(1723,'Display Documents',812,3)
,(1724,'جميع المستندات',813,1)
;
INSERT INTO I18N_MESSAGE (ID,MESSAGE,KEY_ID,MYLOCALE) VALUES 
(1725,'All Documents',813,3)
,(1726,'التي لم يتم تصفيتها',814,1)
,(1727,'Non Filtered Documents',814,3)
,(1728,'تم الأعتماد عليها بكمية',815,1)
,(1729,'Documents Quantity Dependence on ',815,3)
,(1730,'تم الأعتماد عليها',816,1)
,(1731,'Documents Dependent on',816,3)
,(1732,'عدم حساب الأعتماد',817,1)
,(1733,'Not Calculation of Dependence',817,3)
,(1734,'إحضار الكميات',818,1)
;
INSERT INTO I18N_MESSAGE (ID,MESSAGE,KEY_ID,MYLOCALE) VALUES 
(1735,'Get Quantity',818,3)
,(1736,'المتبقية',819,1)
,(1737,'Remaining',819,3)
,(1738,'المنصرفة',820,1)
,(1739,'Outgoing',820,3)
,(1740,'الأصلية',821,1)
,(1741,'Original',821,3)
,(1132,'كود الاجازة',1700,1)
,(1133,'Vacation Code',1700,3)
,(1134,'نوع الاجازة',1701,1)
;
INSERT INTO I18N_MESSAGE (ID,MESSAGE,KEY_ID,MYLOCALE) VALUES 
(1135,'Vacation Type',1701,3)
,(1136,'أجازة دورية',1702,1)
,(1137,'Journal Vacation',1702,3)
,(1138,'أجازة خاصة',1703,1)
,(1139,'Special Vacation',1703,3)
,(1140,'يسمح بالترحيل',1704,1)
,(1141,'Allow Transfer',1704,3)
,(1142,'يرحل إلى',1705,1)
,(1143,'Transfer To',1705,3)
,(1144,'شهور خدمة قبل استحقاق رصيد من الأجازة',1706,1)
;
INSERT INTO I18N_MESSAGE (ID,MESSAGE,KEY_ID,MYLOCALE) VALUES 
(1145,'Working Monthes Before Taking Vacation',1706,3)
,(1146,'مدفوعة الاجر',1707,1)
,(1147,'Payed',1707,3)
,(1148,'الاجازات الرسمية',1708,1)
,(1149,'Official Vacations',1708,3)
,(1150,'إضافة/تعديل نوع اجازة',1709,1)
,(1151,'Add/Edit Vacation Type',1709,3)
,(1152,'إضافة/تعديل اجازة رسمية',1710,1)
,(1153,'Add/Edit Official Vacation',1710,3)
,(1154,'تاريخ الاجازة ',1711,1)
;
INSERT INTO I18N_MESSAGE (ID,MESSAGE,KEY_ID,MYLOCALE) VALUES 
(1155,'Vacation Date',1711,3)
,(1156,'إضافة/تعديل اجازة أسبوعية',1712,1)
,(1157,'Add/Edit Weekly Vacation',1712,3)
,(1158,'السبت',1713,1)
,(1159,'Saturday',1713,3)
,(1160,'الأحد',1714,1)
,(1161,'Sunday',1714,3)
,(1162,'الأثنين',1715,1)
,(1163,'Monday',1715,3)
,(1164,'الثلاثاء',1716,1)
;
INSERT INTO I18N_MESSAGE (ID,MESSAGE,KEY_ID,MYLOCALE) VALUES 
(1165,'Tuesday',1716,3)
,(1166,'الأربعاء',1717,1)
,(1167,'Wednesday',1717,3)
,(1168,'الخميس',1718,1)
,(1169,'Thursday',1718,3)
,(1170,'الجمعة',1719,1)
,(1171,'Friday',1719,3)
,(1172,'البيانات الأساسية',1720,1)
,(1173,'Basic Data',1720,3)
,(1174,'نوع الاجازة',1721,1)
;
INSERT INTO I18N_MESSAGE (ID,MESSAGE,KEY_ID,MYLOCALE) VALUES 
(1175,'Vacation Type',1721,3)
,(1176,'الاجازات الرسمية',1722,1)
,(1177,'Official Vacations',1722,3)
,(1178,'الاجازة الاسبوعية',1723,1)
,(1179,'Weekly Vacation',1723,3)
,(1180,'أكواد المناطق',1724,1)
,(1181,'Region Codes',1724,3)
,(1182,'أكواد الإدارات العامة',1725,1)
,(1183,'Public Administrations Codes',1725,3)
,(1184,'أكواد الإدارات',1726,1)
;
INSERT INTO I18N_MESSAGE (ID,MESSAGE,KEY_ID,MYLOCALE) VALUES 
(1185,'Administrations Codes',1726,3)
,(1186,'تعريف ماكينات تسجيل الحضور والانصراف',1727,1)
,(1187,'Clock Codes Attendance',1727,3)
,(1188,'أكواد الوظائف',1728,1)
,(1189,'Posts Codes',1728,3)
,(1190,'أكواد الورديات',1729,1)
,(1191,'WorkPeriods Codes',1729,3)
,(1192,'ربط المخالفات بمدة التأخير',1730,1)
,(1193,'Violations with Duration Link',1730,3)
,(1194,'ربط المخالفات بمدة الإنصراف المبكر',1731,1)
;
INSERT INTO I18N_MESSAGE (ID,MESSAGE,KEY_ID,MYLOCALE) VALUES 
(1195,'Violations with Duration Link',1731,3)
,(1196,'أكواد المناطق',1732,1)
,(1197,'Region Codes',1732,3)
,(1198,'كود المنطقة',1733,1)
,(1199,'Region Code',1733,3)
,(1200,'إضافة/تعديل منطقة',1734,1)
,(1201,'Add/Edit Region',1734,3)
,(1202,'أكواد الإدارات العامة',1735,1)
,(1203,'Public Administrations Codes',1735,3)
,(1204,'إضافة/تعديل إدارة عامة',1736,1)
;
INSERT INTO I18N_MESSAGE (ID,MESSAGE,KEY_ID,MYLOCALE) VALUES 
(1205,'Add/Edit Public Administration',1736,3)
,(1206,'كود الإدارة العامة',1737,1)
,(1207,'Public Administration Code',1737,3)
,(1208,'أكواد الإدارات',1738,1)
,(1209,'Administrations Codes',1738,3)
,(1210,'إضافة/تعديل إدارة',1739,1)
,(1211,'Add/Edit Administrations',1739,3)
,(1212,'كود الإدارة',1740,1)
,(1213,'Administration Code',1740,3)
,(1214,'أكواد الوظائف',1741,1)
;
INSERT INTO I18N_MESSAGE (ID,MESSAGE,KEY_ID,MYLOCALE) VALUES 
(1215,'Posts Codes',1741,3)
,(1216,'إضافة/تعديل وظيفة',1742,1)
,(1217,'Add/Edit Post',1742,3)
,(1218,'كود الوظيفة',1743,1)
,(1219,'Post Code',1743,3)
,(1220,'مواصفات الحصول على الوظيفة',1744,1)
,(1221,'Post Conditions',1744,3)
,(1222,'تعريف ماكينات تسجيل الحضور والانصراف',1745,1)
,(1223,'Clock Codes Attendance',1745,3)
,(1224,'إضافة/تعديل ماكينات تسجيل الحضور والانصراف',1746,1)
;
INSERT INTO I18N_MESSAGE (ID,MESSAGE,KEY_ID,MYLOCALE) VALUES 
(1225,'Add/Edit Clock Codes',1746,3)
,(1226,'كود الساعة',1749,1)
,(1227,'Clock Code',1749,3)
,(1228,'دخول ثم خروج تلقائى',1750,1)
,(1229,'I/O Period',1750,3)
,(3143,'إستعراض الموازنات',865,1)
,(3144,'إضافة موازنة',866,1)
,(3773,'الحساب',645,2)
,(3774,'إضافة',646,2)
,(3775,'القيمة',647,2)
;
INSERT INTO I18N_MESSAGE (ID,MESSAGE,KEY_ID,MYLOCALE) VALUES 
(3776,'أصول',648,2)
,(3777,'حالة الرصيد',649,2)
,(3778,'تفاصيل الموازنة',650,2)
,(3779,'سعر تحويل العملة',651,2)
,(3780,'تاريخ الإغلاق',652,2)
,(3781,'الكود',653,2)
,(3782,'دائن',654,2)
,(3783,'العملة',655,2)
,(3784,'مدين',656,2)
,(3785,'نوع المستند',657,2)
;
INSERT INTO I18N_MESSAGE (ID,MESSAGE,KEY_ID,MYLOCALE) VALUES 
(3786,'تاريخ نهاية الفترة',658,2)
,(3787,'مصروفات',659,2)
,(3788,'لا',660,2)
,(3789,'الفترة المالية',661,2)
,(3790,'من موازنة أخرى',662,2)
,(3791,'إيرادات',663,2)
,(3792,'آخر حساب رئيسي؟',664,2)
,(3793,'تاريخ آخر حركة',665,2)
,(3794,'خصوم',666,2)
,(3795,'طبيعة الحساب',667,2)
;
INSERT INTO I18N_MESSAGE (ID,MESSAGE,KEY_ID,MYLOCALE) VALUES 
(3796,'ملاحظات',668,2)
,(3797,'الرصيد الإفتتاحي',669,2)
,(3798,'تاريخ الرصيد الإفتتاحي',670,2)
,(3799,'تاريخ الفتح',671,2)
,(3800,'أخرى',672,2)
,(3801,'متفرع من',673,2)
,(3802,'النسبة',674,2)
,(3803,'سبب الرفض',675,2)
,(3804,'المبلغ الباقي',676,2)
,(3805,'حذف',677,2)
;
INSERT INTO I18N_MESSAGE (ID,MESSAGE,KEY_ID,MYLOCALE) VALUES 
(3806,'الرقم المسلسل',678,2)
,(3807,'تاريخ البداية',679,2)
,(3808,'الحالة',680,2)
,(3809,'المستندات الملحقة',681,2)
,(3810,'رمز العملة',682,2)
,(3811,'القيمة الكلية',683,2)
,(3812,'تفاصيل الحركة',684,2)
,(3813,'حالة الحركة',685,2)
,(3814,'نعم',686,2)
,(3815,'النوع',687,2)
;
INSERT INTO I18N_MESSAGE (ID,MESSAGE,KEY_ID,MYLOCALE) VALUES 
(3816,'المبلغ المستخدم',688,2)
,(3817,'الحسابات',689,2)
,(3818,'التحاليل',690,2)
,(3819,'البيانات الأساسية',691,2)
,(3820,'الموازنات',692,2)
,(3821,'العملات',693,2)
,(3822,'أنواع المستندات',694,2)
,(3823,'الفترات المالية',695,2)
,(3824,'الحركات',696,2)
,(3839,'أخير رئيسي؟',711,2)
;
INSERT INTO I18N_MESSAGE (ID,MESSAGE,KEY_ID,MYLOCALE) VALUES 
(3840,'الرصيد الحالي',712,2)
,(3841,'الموازنة الأخرى',713,2)
,(3979,'إستعراض العملات',853,2)
,(3980,'إضافة عملة',854,2)
,(3981,'إستعراض الفترات المالية',855,2)
,(3982,'إضافة فترة مالية',856,2)
,(3983,'إستعراض المستندات',857,2)
,(3984,'إضافة مستند',858,2)
,(3985,'إستعراض الحسابات',859,2)
,(3986,'إضافة حساب',860,2)
;
INSERT INTO I18N_MESSAGE (ID,MESSAGE,KEY_ID,MYLOCALE) VALUES 
(3987,'إستعراض التحاليل',861,2)
,(3988,'إضافة تحليل',862,2)
,(3989,'إستعراض الحركات',863,2)
,(3990,'إضافة حركة',864,2)
,(3991,'إستعراض الموازنات',865,2)
,(3992,'إضافة موازنة',866,2)
,(4899,'فتح',919,1)
,(4900,'ترحيل',920,1)
,(4901,'رفض',921,1)
,(4902,'مراجعة',922,1)
;
INSERT INTO I18N_MESSAGE (ID,MESSAGE,KEY_ID,MYLOCALE) VALUES 
(4903,'إضافة حساب رئيسي',923,1)
,(4904,'إضافة مركز تكلفة رئيسى',924,1)
,(4937,'حركة فتح',957,1)
,(4938,'تفاصيل قيد إلغائي',958,1)
,(4968,'استعراض تفاصيل الحركات',988,1)
,(4993,'من فضلك تأكد من القيمه الكليه للدائن و المدين',1009,1)
,(5006,'فعاله',1023,1)
,(5007,'موقوفه',1024,1)
,(5011,'مفتوح',1028,1)
,(5012,'مرفوض',1029,1)
;
INSERT INTO I18N_MESSAGE (ID,MESSAGE,KEY_ID,MYLOCALE) VALUES 
(5013,'مرحل',1030,1)
,(5014,'مراجع',1031,1)
,(5017,'فعاله',1033,1)
,(5018,'موقوفه',1034,1)
,(5034,'حركة أرصدة إفتتاحية',1049,1)
,(5035,'إستعراض تفاصيل الحركات الإفتتاحية',1050,1)
,(5036,'إضافة حركة أرصدة إفتتاحية',1051,1)
,(5037,'إستعراض تفاصيل حركة إفتتاحية',1052,1)
,(5140,'نوع اليومية',1155,1)
,(5141,'اليوميات التحليلية',1156,1)
;
INSERT INTO I18N_MESSAGE (ID,MESSAGE,KEY_ID,MYLOCALE) VALUES 
(5142,'إضافة يومية تحليلية',1157,1)
,(5143,'إستعراض اليوميات التحليلية',1158,1)
,(5281,'تقسيم أكواد الحسابات',1294,1)
,(5282,'تقسيم أكواد مراكز التكلفة',1295,1)
,(5283,'الكود',1296,1)
,(5284,'الكود',1297,1)
,(5285,'مغلق',1298,1)
,(5286,'إغلاق',1299,1)
,(5287,'يمكن تحليله',1300,1)
,(5288,'التقرير',1301,1)
;
INSERT INTO I18N_MESSAGE (ID,MESSAGE,KEY_ID,MYLOCALE) VALUES 
(5289,'مستوى',1302,1)
,(5290,'المستوى التفصيلي',1303,1)
,(5291,'مغلق',1304,1)
,(5292,'مفتوح',1305,1)
,(5293,'دائن',1306,1)
,(5294,'عدد المستويات',1307,1)
,(5349,'كود مكرر',1362,1)
,(5350,'لا يمكن حذف حساب',1363,1)
,(5351,'لا يمكن إضافة حساب جديد في هذا المستوى',1364,1)
,(5352,'البحث عن القيود',1365,1)
;
INSERT INTO I18N_MESSAGE (ID,MESSAGE,KEY_ID,MYLOCALE) VALUES 
(5353,'البحث عن القيود',1366,1)
,(5354,'نوع الموازنة',1367,1)
,(5355,'إسترشادي',1368,1)
,(5356,'رقابي',1369,1)
,(5357,'انواع التقارير',1370,1)
,(5358,'إضافة قيود تكرارية',1371,1)
,(5359,'إضافة قيود تكرارية',1372,1)
,(5360,'ارقام تحليلية',1373,1)
,(5361,'نوع التكرار',1374,1)
,(5362,'البحث عن الحركات التكرارية',1375,1)
;
INSERT INTO I18N_MESSAGE (ID,MESSAGE,KEY_ID,MYLOCALE) VALUES 
(5363,'ترحيل القيود',1376,1)
,(5364,'ترحيل القيود',1377,1)
,(5365,'حالات الحركات',1378,1)
,(5366,'أنواع الحركات',1379,1)
,(5367,'أنواع اليوميات',1380,1)
,(5368,'ارقام تحليلية',1381,1)
,(5369,'قابلية التحليل',1382,1)
,(5370,'نوع التكرار',1383,1)
,(5371,'البحث عن الحركات التكرارية',1384,1)
,(5459,'مجموع الدائن يجب أن يساوي مجموع المدين',1474,1)
;
INSERT INTO I18N_MESSAGE (ID,MESSAGE,KEY_ID,MYLOCALE) VALUES 
(5461,'قيد يومية',1476,1)
,(5462,'خطأ في طول كود الحساب',1477,1)
,(1531,'Order Branches',522,3)
,(1533,'Level',523,3)
,(1534,'صورة الموظف',524,1)
,(1535,'Employee Photo',524,3)
,(1536,'اللقب',525,1)
,(1537,'Title',525,3)
,(1538,'عدد المستويات يجب أن لا يتعدى 10 مستويات.',526,1)
,(1539,'Number of levels must not exceed 10.',526,3)
;
INSERT INTO I18N_MESSAGE (ID,MESSAGE,KEY_ID,MYLOCALE) VALUES 
(1540,'المكان المراد النسخ له',527,1)
,(1541,'Copy To',527,3)
,(1542,'نسخ إلى',528,1)
,(1543,'Copy To',528,3)
,(1544,'نسخ فروع',706,1)
,(1545,'Copy Branches',706,3)
,(1546,'أكواد الديانات',707,1)
,(1547,'Religions Codes',707,3)
,(1548,'الخدمه العسكريه',708,1)
,(1549,'Military Service',708,3)
;
INSERT INTO I18N_MESSAGE (ID,MESSAGE,KEY_ID,MYLOCALE) VALUES 
(1550,'الديانه',710,1)
,(1551,'Religion',710,3)
,(1552,'أقصى عدد مسموح بترحيله',895,1)
,(1553,'Maximum No. Allowing to Transfer',895,3)
,(1652,'لها قراءات غرف',775,1)
,(1653,'Has Room Measures',775,3)
,(1654,'تعتمد علي سند شحن خارجي',776,1)
,(1655,'Depend On External Document',776,3)
,(1656,'سند شحن',777,1)
,(1657,'External Document',777,3)
;
INSERT INTO I18N_MESSAGE (ID,MESSAGE,KEY_ID,MYLOCALE) VALUES 
(1658,'نوع السند',778,1)
,(1659,'Document Type',778,3)
,(1660,'رمز الفرع',779,1)
,(1661,'Branch Code',779,3)
,(1662,'رقم المستند',780,1)
,(1663,'Document No',780,3)
,(31237,'فرع',11103,1)
,(31238,'branch',11103,3)
,(1762,'تاريخ بدء العقد يجب أن يكون أقل من أو يساوي تاريخ انتهاء العقد',832,1)
,(1763,'The contract start date must be less than or equal contract end date',832,3)
;
INSERT INTO I18N_MESSAGE (ID,MESSAGE,KEY_ID,MYLOCALE) VALUES 
(1764,'تاريخ المستند أقل من تاريخ العقد',833,1)
,(1765,'Invalid TransactionContractDate',833,3)
,(1766,'الكميات لبعض الأصناف أكبر من الموجودة لبعض الغرف',834,1)
,(1767,'Quantities of some items is greater than existing quantity in some rooms',834,3)
,(1768,'الكميات لبعض الأصناف أكبر من الموجودة لبعض الطبالي',835,1)
,(1769,'Quantities of some items is greater than existing quantity in some palettes',835,3)
,(1770,'لا يمكن الحذف لوجود بيانات تعتمد علي البيانات المراد حذفها',836,1)
,(1771,'Can not Delete for Dependency',836,3)
,(1772,'الأجازات الدورية',896,1)
,(1773,'Patrol Vacations',896,3)
;
INSERT INTO I18N_MESSAGE (ID,MESSAGE,KEY_ID,MYLOCALE) VALUES 
(1774,'الأجازة ',897,1)
,(1775,'Vacation',897,3)
,(1776,'الأجازات الدورية ',898,1)
,(1777,'Patrol Vacations',898,3)
,(1778,'لم تقم بأختيار موظف ',899,1)
,(1779,'You Did not Select Employee',899,3)
,(1780,'إضافة/تعديل الأجازات الدورية ',900,1)
,(1781,'Add/Edit Patrol Vacations',900,3)
,(1782,'المستحق ',901,1)
,(1783,'Due',901,3)
;
INSERT INTO I18N_MESSAGE (ID,MESSAGE,KEY_ID,MYLOCALE) VALUES 
(1784,'المرحل ',902,1)
,(1785,'Transferring',902,3)
,(1786,'الرصيد',903,1)
,(1787,'Credit',903,3)
,(1788,'سنة',904,1)
,(1789,'Year',904,3)
,(1790,'الأجازات الخاصة',905,1)
,(1791,'Special Vacations',905,3)
,(1792,'الأجازات الخاصة',906,1)
,(1793,'Special Vacations',906,3)
;
INSERT INTO I18N_MESSAGE (ID,MESSAGE,KEY_ID,MYLOCALE) VALUES 
(1794,'إضافة/تعديل الأجازات الخاصة',907,1)
,(1795,'Add/Edit Special Vacations',907,3)
,(1796,'مجموعات الحضور للعامل',908,1)
,(1797,'Employee Attend Group',908,3)
,(1798,'مجموعات الحضور للعامل',909,1)
,(1799,'Employee Attend Group',909,3)
,(1800,'إضافة/تعديل مجموعات الحضور للعامل',910,1)
,(1801,'Add/Edit Employee Attend Group',910,3)
,(1802,'لا يوجد حذف',911,1)
,(1803,'No Delete Exist',911,3)
;
INSERT INTO I18N_MESSAGE (ID,MESSAGE,KEY_ID,MYLOCALE) VALUES 
(1804,'تطبيق خطط العمل على مجموعات الحضور',912,1)
,(1805,'Apply Plans To Attendance Groups',912,3)
,(1806,'الخطة',913,1)
,(1807,'Plan',913,3)
,(1808,'تكرار',914,1)
,(1809,'Repeating',914,3)
,(1810,'تطبيق خطط العمل على مجموعات الحضور',915,1)
,(1811,'Apply Plans To Attendance Groups',915,3)
,(1812,'إضافة/تعديل خطط العمل على مجموعات الحضور',916,1)
,(1994,'Total palettes capacity greater than the capacity of the room',1152,3)
;
INSERT INTO I18N_MESSAGE (ID,MESSAGE,KEY_ID,MYLOCALE) VALUES 
(1995,'طول',1153,1)
,(1996,'Length',1153,3)
,(1997,'عرض',1154,1)
,(1998,'Width',1154,3)
,(1999,'إرتفاع',1200,1)
,(2000,'height',1200,3)
,(2001,'السعة الإجمالية',1201,1)
,(2002,'Total Capacity',1201,3)
,(2003,'نسبة الإستغلال',1202,1)
,(2004,'Percentage',1202,3)
;
INSERT INTO I18N_MESSAGE (ID,MESSAGE,KEY_ID,MYLOCALE) VALUES 
(2005,'النسبة من 1 الى 100 فقط',1203,1)
,(2006,'Percentage From 1 To 100 Only',1203,3)
,(2007,'إستخراج عقود',1204,1)
,(2008,'Export Contracts',1204,3)
,(2009,'الصنف المدخل غير متوافق مع الصنف في العقد',931,1)
,(2010,'Item entrance is not compatible with the item in the contract',931,3)
,(2011,'الغرفة أو الطبلية غير صحيحة',932,1)
,(2012,'Invalid room or palette number',932,3)
,(2013,'تاريخ المستند غير متوافق مع تاريخ العقد',933,1)
,(2014,'Date of the document is not compatible with the date of the contract',933,3)
;
INSERT INTO I18N_MESSAGE (ID,MESSAGE,KEY_ID,MYLOCALE) VALUES 
(2015,'الغرفة محجوزة في هذا التاريخ',934,1)
,(2016,'Room reserved for this date',934,3)
,(2017,'اجمالي السعة للغرف والطبالي أكبر من السعة المحجوزة',935,1)
,(2018,'Total capacity of the rooms and palettes is greater than the reserved capacity',935,3)
,(882,'الغاء المراجعة',596,1)
,(5468,'كود الحساب يجب ان يحتوي علي ارقام فقط',1482,1)
,(5483,'التقارير',1498,1)
,(5492,'ارصدة الحسابات',1507,1)
,(5493,'ارصدة حسابات (مراكز التكلفة)',1508,1)
,(5494,'كشف حساب',1509,1)
;
INSERT INTO I18N_MESSAGE (ID,MESSAGE,KEY_ID,MYLOCALE) VALUES 
(5495,'كشف حساب (مراكز التكلفة)',1510,1)
,(5498,'ارصدة الحسابات',1513,1)
,(5499,'كشف حساب',1514,1)
,(5500,'ارصدة حسابات (مراكز التكلفة)',1517,1)
,(5501,'كشف حساب (مراكز التكلفة)',1516,1)
,(5502,'قيد افتتاحى',1518,1)
,(5503,'البيان',1519,1)
,(5504,'البيان باللغة الانجليزية',1520,1)
,(5505,'تم ادخال القيد بنجاح',1521,1)
,(5506,'مسلسل القيد',1522,1)
;
INSERT INTO I18N_MESSAGE (ID,MESSAGE,KEY_ID,MYLOCALE) VALUES 
(5507,'يجب ملئ جميع بيانات تفاصيل القيد',1523,1)
,(5508,'من مسلسل',1524,1)
,(5509,'الى مسلسل',1525,1)
,(5532,'تاريخ القيد يجب ان يكون خلال الفترة المالية المختارة',1548,1)
,(5533,'استعراض تفاصيل القيد',1549,1)
,(5534,'استعراض تفاصيل القيد',1550,1)
,(5535,'الحالة',1551,1)
,(5536,'كل القيود',1552,1)
,(5546,'يجب ادخال تفاصيل القيد',1561,1)
,(5547,'لا يمكن انشاء قيد علي حساب مغلق',1562,1)
;
INSERT INTO I18N_MESSAGE (ID,MESSAGE,KEY_ID,MYLOCALE) VALUES 
(5549,'اضافة / تعديل قيد افتتاحي',1564,1)
,(5824,'مجموع مراكز التكلفة يجب أن يساوي (الدائن / المدين) بالحساب',1841,1)
,(5825,'يجب تحليل الحساب',1842,1)
,(5826,'لا يجب تحليل الحساب',1843,1)
,(5828,'خطأ في أكواد مراكز التكلفة',1845,1)
,(5833,'إضافة تحليل',1850,1)
,(5834,'هذا الحساب غير موجود',1851,1)
,(5835,'هذا الحساب مغلق',1852,1)
,(5847,'هذا الحساب مغلق',1862,1)
,(5865,'تحليل',1880,1)
;
INSERT INTO I18N_MESSAGE (ID,MESSAGE,KEY_ID,MYLOCALE) VALUES 
(5866,'إلى مراكز التكلفة',1881,1)
,(5880,'يوجد مركز تكلفة مغلق',1895,1)
,(6169,'General Ledger program',9,3)
,(6407,'رصيد أول المدة',2208,1)
,(6413,'خطأ في أكواد الحسابات',2214,1)
,(6414,'مراجعة',2215,1)
,(6415,'غير مرحل',2216,1)
,(6416,'البرنامج',2217,1)
,(6417,'غير مراجع',2218,1)
,(6418,'مقبول',2219,1)
;
INSERT INTO I18N_MESSAGE (ID,MESSAGE,KEY_ID,MYLOCALE) VALUES 
(6419,'مرفوض',2220,1)
,(6420,'أسباب الرفض',2221,1)
,(6421,'تم قبول القيد',2222,1)
,(6422,'تم رفض القيد',2223,1)
,(6423,'رجوع لنتائج البحث',2224,1)
,(6424,'ضبط ترحيل القيود',2225,1)
,(6425,'ضبط',2226,1)
,(6426,'مراجعة القيد قبل ترحيله',2227,1)
,(6427,'حالة المراجعة',2228,1)
,(6428,'ميزان المراجعة',2229,1)
;
INSERT INTO I18N_MESSAGE (ID,MESSAGE,KEY_ID,MYLOCALE) VALUES 
(6429,'المجموع',2230,1)
,(6430,'الرصيد',2231,1)
,(6431,'تم عمل قيد إفتتاحي على أحد هذه الحسابات من قبل',2232,1)
,(6446,'مراجعة القيد',2247,1)
,(6448,'لا يمكن عمل قيد إفتتاحي جديد، يوجد قيد إفتتاحي بالفعل',2249,1)
,(6468,'هذه الفترة متداخلة مع أحد الفترات المالية المعرفة',2270,1)
,(6544,'نوع المرجع',2346,1)
,(6545,'رقم المرجع',2347,1)
,(6546,'تاريخ المرجع',2348,1)
,(6860,'خطأ بالمعادله',2663,1)
;
INSERT INTO I18N_MESSAGE (ID,MESSAGE,KEY_ID,MYLOCALE) VALUES 
(6861,'نوع الحساب',2664,1)
,(6862,'حفظ مؤقت',2665,1)
,(6863,'قيد مؤقت',2666,1)
,(6864,'رقم المستند',2667,1)
,(6865,'بحث عن قيد لعكسه',2668,1)
,(6866,'لايمكن عكس هذا القيد حيث انه غير مرحل',2669,1)
,(6867,'لايمكن عكس هذا القيد حيث انة تابع لفتره ماليه مغلقه',2670,1)
,(6868,'لا يوجد قيد بهذا المسلسل',2671,1)
,(6869,'بيان القيد العكسى',2672,1)
,(6870,'قيد عكسى للقيد رقم: ',2673,1)
;
INSERT INTO I18N_MESSAGE (ID,MESSAGE,KEY_ID,MYLOCALE) VALUES 
(6871,'إنشاء قيد عكسى',2674,1)
,(6872,'تم عكس القيد بنجاح',2675,1)
,(6873,'جارى انشاء قيد عكسى',2676,1)
,(6874,'لقد تم عكس القيد من قبل',2677,1)
,(6875,'مسلسل القيد العكسى',2678,1)
,(6876,'مستوى الحساب',2679,1)
,(6877,'رصيد ما قبله',2680,1)
,(6878,'إجمالى المده',2681,1)
,(6879,'إنشاء',2682,1)
,(956,'Calculate Depreciation',635,3)
;
INSERT INTO I18N_MESSAGE (ID,MESSAGE,KEY_ID,MYLOCALE) VALUES 
(957,'رقم الاهلاك',636,1)
,(958,'Depreciation Code',636,3)
,(959,'من مجموعة',637,1)
,(960,'From Group',637,3)
,(961,'الى مجموعة',638,1)
,(962,'To Group',638,3)
,(963,'من أصل',639,1)
,(964,'From Asset',639,3)
,(965,'الى أصل',640,1)
,(966,'To Asset',640,3)
;
INSERT INTO I18N_MESSAGE (ID,MESSAGE,KEY_ID,MYLOCALE) VALUES 
(967,'حتى تاريخ',641,1)
,(968,'To Date',641,3)
,(969,'تاريخ الشراء',642,1)
,(970,'Purchasing Date',642,3)
,(971,'القيمة الدفترية لأحد الأصول تخطت الحد الأدنى للاهلاك',643,1)
,(972,'The documental value of one of the assets has exceeded the minimum amount',643,3)
,(973,'لا يوجد أصول يمكن اهلاكها',644,1)
,(974,'No Assets were found that can be depreciated',644,3)
,(1000,'الدرجات الوظيفيه',343,1)
,(1001,'Grade Codes',343,3)
;
INSERT INTO I18N_MESSAGE (ID,MESSAGE,KEY_ID,MYLOCALE) VALUES 
(1002,'إضافة/تعديل ترقيه',344,1)
,(1003,'Add/Edit Promotion',344,3)
,(1004,'الدرجات الوظيفيه',345,1)
,(1005,'Degrees Codes',345,3)
,(1006,'Grades Codes',346,1)
,(1007,'Grades Codes',346,3)
,(1008,'إضافة/تعديل تقدير',347,1)
,(1009,'Add/Edit Grade',347,3)
,(1010,'أكواد التقديرات',348,1)
,(1011,'Grades Codes',348,3)
;
INSERT INTO I18N_MESSAGE (ID,MESSAGE,KEY_ID,MYLOCALE) VALUES 
(1012,'بداية المربوط',349,1)
,(1013,'Min.Limit',349,3)
,(1014,'نهاية المربوط',350,1)
,(1015,'Max.Limit',350,3)
,(1016,'الحد الأدنى',351,1)
,(1017,'Minimum Value',351,3)
,(1018,'أكواد مؤثرات الأداء',352,1)
,(1019,'Performance Influentials Codes',352,3)
,(1020,'الإسم الإنجليزي غير صحيح.',353,1)
,(1021,'Invalid English Name',353,3)
;
INSERT INTO I18N_MESSAGE (ID,MESSAGE,KEY_ID,MYLOCALE) VALUES 
(1022,'الإسم العربي غير صحيح.',354,1)
,(1023,'Invalid Arabic Name',354,3)
,(1024,'أكواد الجزاءات',357,1)
,(1025,'Punishments View',357,3)
,(1026,'أكواد الجزاءات',358,1)
,(1027,'Punishments View',358,3)
,(1028,'إضافة/تعديل جزاء',359,1)
,(1029,'Add/Edit Punishment',359,3)
,(1030,'الكود مكرر.',360,1)
,(1031,'Code Exists.',360,3)
;
INSERT INTO I18N_MESSAGE (ID,MESSAGE,KEY_ID,MYLOCALE) VALUES 
(1032,'أكواد أسباب إنهاء الخدمه',361,1)
,(1033,'End of service reasons codes',361,3)
,(1034,'أكواد أسباب إنهاء الخدمه',362,1)
,(1035,'End of service reasons codes',362,3)
,(1036,'إضافة/تعديل سبب إنهاء الخدمه',365,1)
,(1037,'Add/Edit End of service reason',365,3)
,(1038,'نسبة المستحق من مكافأة نهاية الخدمه',366,1)
,(1039,'Deserved proportion from end of service bonus',366,3)
,(1040,'إضافة/تعديل مدينه',367,1)
,(1041,'Add/Edit City',367,3)
;
INSERT INTO I18N_MESSAGE (ID,MESSAGE,KEY_ID,MYLOCALE) VALUES 
(1042,'أكواد المدن',368,1)
,(1043,'City Codes',368,3)
,(1044,'أكواد المدن',369,1)
,(1045,'City Codes',369,3)
,(1046,'أكواد جغرافيه',370,1)
,(1047,'Geographical Codes',370,3)
,(1048,'إضافة/تعديل مركز',371,1)
,(1049,'Add/Edit Center',371,3)
,(1050,'أكواد المراكز',372,1)
,(1051,'Center Codes',372,3)
;
INSERT INTO I18N_MESSAGE (ID,MESSAGE,KEY_ID,MYLOCALE) VALUES 
(1052,'أكواد المراكز',373,1)
,(1053,'Center Codes',373,3)
,(1054,'أكواد الإدارات العامه',374,1)
,(1055,'Public Administration Codes',374,3)
,(1056,'أكواد الإدارات العامه',382,1)
,(1057,'Public Administration Codes',382,3)
,(1058,'إضافة/تعديل إداره عامه',383,1)
,(1059,'Add/Edit Public Administration',383,3)
,(1060,'تقسيم الأكواد الإداريه',384,1)
,(1061,'Company Internal Division Codes',384,3)
;
INSERT INTO I18N_MESSAGE (ID,MESSAGE,KEY_ID,MYLOCALE) VALUES 
(1062,'إضافة/تعديل منطقه',385,1)
,(1063,'Add/Edit Region',385,3)
,(1064,'أكواد المناطق',386,1)
,(1065,'Region Codes',386,3)
,(1066,'أكواد المناطق',387,1)
,(1067,'Region Codes',387,3)
,(1068,'إضافة/تعديل إ داره',388,1)
,(1069,'Add/Edit Administration',388,3)
,(1070,'أكواد الإدارات',389,1)
,(1071,'Administration Codes',389,3)
;
INSERT INTO I18N_MESSAGE (ID,MESSAGE,KEY_ID,MYLOCALE) VALUES 
(1072,'أكواد الإدارات',390,1)
,(1073,'Administration Codes',390,3)
,(1074,'أكواد البلاد',391,1)
,(1075,'Country Codes',391,3)
,(1076,'أكواد البلاد',392,1)
,(1077,'Country Codes',392,3)
,(1078,'إضافة/تعديل بلد',393,1)
,(1079,'Add/Edit Country',393,3)
,(1114,'إجمالى الحركة',318,1)
,(1115,'Total Transaction',318,3)
;
INSERT INTO I18N_MESSAGE (ID,MESSAGE,KEY_ID,MYLOCALE) VALUES 
(1116,'صافى الحركة',319,1)
,(1117,'Net Transaction',319,3)
,(862,'الحركات المخزنية',320,1)
,(863,'Inventory Transactions',320,3)
,(1118,'يعتمد علي',321,1)
,(1119,'Depends On',321,3)
,(1120,'رقم الحركة موجود من قبل',327,1)
,(1121,'Transaction Number already exist',327,3)
,(1122,'لا يوجد أصناف متبقية لهذه الحركة',328,1)
,(1123,'here are no remaining items for this transaction',328,3)
;
INSERT INTO I18N_MESSAGE (ID,MESSAGE,KEY_ID,MYLOCALE) VALUES 
(1124,'رقم الحركة غير صحيح',329,1)
,(1125,'Invalid Transaction Number',329,3)
,(1126,'خطا في كميات الأصناف',330,1)
,(1127,'Invalid Quantity',330,3)
,(1128,'كميات بعض الأصناف أقل من الكميات المعتمدة عليها',331,1)
,(1129,'Quantities of some items is less than the dependent quantities',331,3)
,(982,'التقارير',1059,1)
,(983,'Reports',1059,3)
,(984,'التقارير',1060,1)
,(985,'Reports',1060,3)
;
INSERT INTO I18N_MESSAGE (ID,MESSAGE,KEY_ID,MYLOCALE) VALUES 
(986,'التقارير',1061,1)
,(2019,'يجب أدخال قراءة غرف',936,1)
,(2020,'Room Measures Required',936,3)
,(2021,'كل الوقت',937,1)
,(2022,'All the Time',937,3)
,(2023,'حسب الصرف والأضافة',938,1)
,(2024,'According Transactions',938,3)
,(2025,'سعر المتر المكعب',939,1)
,(2026,'M3 Price',939,3)
,(2027,'أنواع العقود',940,1)
;
INSERT INTO I18N_MESSAGE (ID,MESSAGE,KEY_ID,MYLOCALE) VALUES 
(2028,'Contracts Type',940,3)
,(2029,'سعر الطن',941,1)
,(2030,'Ton Price',941,3)
,(2031,'يوجد مركز تكلفة بتفاصيل الأصناف',942,1)
,(2032,'Has Item Detail Cost Center',942,3)
,(2033,'الفترة',943,1)
,(2034,'Period',943,3)
,(2035,'قيمة الإيجار',944,1)
,(2036,'Rent',944,3)
,(2037,'التنزيل و التحميل',945,1)
;
INSERT INTO I18N_MESSAGE (ID,MESSAGE,KEY_ID,MYLOCALE) VALUES 
(2038,'Uploading',945,3)
,(2039,'أخري',946,1)
,(2040,'Other',946,3)
,(2041,'من',947,1)
,(2042,'From',947,3)
,(2043,'إلي',948,1)
,(2044,'To',948,3)
,(2045,'إنشاء الفواتير',949,1)
,(2046,'Create Invoices',949,3)
,(2047,'عرض الفواتير',950,1)
;
INSERT INTO I18N_MESSAGE (ID,MESSAGE,KEY_ID,MYLOCALE) VALUES 
(2048,'Show Invoices',950,3)
,(2049,'كود مخزن الفاقد بلحاء',951,1)
,(2050,'Lehaa Lost Store Code',951,3)
,(2051,'عرض الفواتير',952,1)
,(2052,'View Invoices',952,3)
,(2053,'عرض الفواتير',953,1)
,(2054,'View Invoices',953,3)
,(2055,'تعديل فاتورة',954,1)
,(2056,'Edit Invoice',954,3)
,(2057,'إستعراض فرص التخزين المتاحة',955,1)
;
INSERT INTO I18N_MESSAGE (ID,MESSAGE,KEY_ID,MYLOCALE) VALUES 
(2058,'View storage opportunity',955,3)
,(2059,'تقرير فرص التخزين المتاحة',956,1)
,(2060,'Report of storage opportunity',956,3)
,(2061,'حالة الغرفة',959,1)
,(2062,'Status of room',959,3)
,(2063,'السعة المستغلة',960,1)
,(2064,'Capacity used',960,3)
,(2065,'تعاقد',961,1)
,(2066,'Contract',961,3)
,(2067,'حجز',962,1)
;
INSERT INTO I18N_MESSAGE (ID,MESSAGE,KEY_ID,MYLOCALE) VALUES 
(2068,'Reservation',962,3)
,(2069,'فارغ',963,1)
,(2070,'Empty',963,3)
,(2071,'يوجد فواتير موجودة لهذا العقد بعد هذه الفاتورة',964,1)
,(2072,'There are invoices exist for this contract after this invoice',964,3)
,(2073,'حركة رصيد اول المدة',965,1)
,(2074,'Transaction for opening balance',965,3)
,(2075,'الكميات لبعض الأصناف أكبر من الموجودة لبعض المخازن',966,1)
,(2076,'Quantities of some items is greater than existing quantity in some stores',966,3)
,(10200,'تسوية الحضور المتأخر للموظفين',5000,1)
;
INSERT INTO I18N_MESSAGE (ID,MESSAGE,KEY_ID,MYLOCALE) VALUES 
(10201,'Finalize Late Employees',5000,3)
,(10202,'مدة التأخير',5001,1)
,(10203,'Delay Period',5001,3)
,(10204,'تسوية الانصراف المبكر للموظفين',5002,1)
,(10205,'Finalize Early Employees',5002,3)
,(10206,'مدة الانصراف المبكر',5003,1)
,(10207,'Early Period',5003,3)
,(10208,'تسوية غياب الموظفين',5004,1)
,(10209,'Finalize Absent Employees',5004,3)
,(10210,'تسوية الحضور المتأخر للموظفين',5005,1)
;
INSERT INTO I18N_MESSAGE (ID,MESSAGE,KEY_ID,MYLOCALE) VALUES 
(10211,'Finalize Late Employees',5005,3)
,(10212,'تسوية الانصراف المبكر للموظفين',5006,1)
,(10213,'Finalize Early Employees',5006,3)
,(10214,'تسوية غياب الموظفين',5007,1)
,(10215,'Finalize Absent Employees',5007,3)
,(10216,'تسوية اضافي الموظفين',5008,1)
,(10217,'Finalize Overtime Employees',5008,3)
,(10218,'تسوية اضافي الموظفين',5009,1)
,(10219,'Finalize Overtime Employees',5009,3)
,(10220,'التسوية',5010,1)
;
INSERT INTO I18N_MESSAGE (ID,MESSAGE,KEY_ID,MYLOCALE) VALUES 
(10221,'Finalization',5010,3)
,(10222,'الاضافي قبل ميعاد الحضور',5011,1)
,(10223,'Overtime before due enterance time',5011,3)
,(10224,'الاضافي بعد ميعاد الانصراف',5012,1)
,(6880,'قوالب القيود التكراريه',2683,1)
,(6881,'المعادلات',2684,1)
,(6882,'قيمه المعادله',2685,1)
,(6883,'حساب',2686,1)
,(6884,'إضافة / تعديل معادله',2687,1)
,(6885,'المعادله',2688,1)
;
INSERT INTO I18N_MESSAGE (ID,MESSAGE,KEY_ID,MYLOCALE) VALUES 
(7760,'لا يمكن عكس قيد تم انشائه في برنامج آخر',3567,1)
,(7761,'لا يمكن تعديل قيد تم انشائه في برنامج آخر',3568,1)
,(7762,'لا يمكن رفض قيد تم انشائه في برنامج آخر',3569,1)
,(7763,'إيقاف',3570,1)
,(7764,'لا يمكن إيقاف القيد',3571,1)
,(7765,'ملحوظات الإيقاف',3572,1)
,(7766,'إيقاف القيد',3573,1)
,(7767,'موقوف',3574,1)
,(7892,'السنة المالية',3699,1)
,(7893,'السنوات المالية',3700,1)
;
INSERT INTO I18N_MESSAGE (ID,MESSAGE,KEY_ID,MYLOCALE) VALUES 
(7894,'يوجد تعارض مع سنة مالية معرفة من قبل',3701,1)
,(7895,'استعراض السنوات المالية',3702,1)
,(7896,'إضافة / تعديل سنة مالية',3703,1)
,(7897,'اقفال مؤقت',3704,1)
,(7898,'اقفال',3705,1)
,(7899,'لا يوجد حساب اقفال معرّف',3706,1)
,(7900,'تم اقفال السنة المالية من قبل',3707,1)
,(7901,'حساب الاقفال',3708,1)
,(7902,'لا يمكن لحساب نتيجة أن يكون حساب اقفال',3709,1)
,(7903,'يوجد حساب اقفال معرّف من قبل',3710,1)
;
INSERT INTO I18N_MESSAGE (ID,MESSAGE,KEY_ID,MYLOCALE) VALUES 
(7904,'لا يمكن تعديل قيد اقفال',3711,1)
,(7905,'مقارنة أرصدة سنوية',3712,1)
,(7906,'لا يمكن أن تتداخل السنوات المالية',3713,1)
,(7907,'الفترة',3714,1)
,(7908,'مدة الفترات المالية غير ملائمة لمدة السنة المالية',3715,1)
,(7909,'اضافة أرصدة حساب',3716,1)
,(7910,'اضافة أرصدة حساب',3717,1)
,(7911,'مقارنة أرصدة سنوية',3718,1)
,(7912,'اضافة أرصدة حساب تقديرية',3719,1)
,(7913,'الاجمالي',3720,1)
;
INSERT INTO I18N_MESSAGE (ID,MESSAGE,KEY_ID,MYLOCALE) VALUES 
(7914,'ميزانية تقديرية',3721,1)
,(7915,'الانحراف',3722,1)
,(7916,'نسبة الانحراف',3723,1)
,(7917,'قيود يومية',3724,1)
,(7918,'قيود يومية',3725,1)
,(7919,'قيود دورية',3726,1)
,(7920,'رقم الحساب',3727,1)
,(7921,'اسم الحساب',3728,1)
,(7922,'يومية تحليلية',3729,1)
,(7923,'تاريح المستند',3730,1)
;
INSERT INTO I18N_MESSAGE (ID,MESSAGE,KEY_ID,MYLOCALE) VALUES 
(7924,'ميزان مراجعة',3731,1)
,(7925,'من فترة',3732,1)
,(7926,'الى فترة',3733,1)
,(7927,'ميزان مراجعة مراكز التكلفة',3734,1)
,(7928,'كشف حساب',3735,1)
,(7929,'كشف حساب (مراكز التكلفة)',3736,1)
,(7930,'من حساب',3737,1)
,(7931,'الى حساب',3738,1)
,(7932,'إعادة ترحيل القيود',3739,1)
,(7933,'الفترة المالية غير مناسبة للسنة المالية',3740,1)
;
INSERT INTO I18N_MESSAGE (ID,MESSAGE,KEY_ID,MYLOCALE) VALUES 
(7935,'ميزان مراجعة مراكز التكلفة',3743,1)
,(7937,'الحركات',3745,1)
,(7939,'تحليل الحسابات',3747,1)
,(7940,'تحليل حسابات',3748,1)
,(7942,'مراكز التكلفة',3750,1)
,(7943,'مغلقة',3751,1)
,(7944,'كود مركز التكلفة',3752,1)
,(7945,'اسم مركز التكلفة',3753,1)
,(7946,'تم ادخال بيانات هذا الحساب من قبل',3754,1)
,(7947,'لا يمكن مراجعة قيد مؤقت',3755,1)
;
INSERT INTO I18N_MESSAGE (ID,MESSAGE,KEY_ID,MYLOCALE) VALUES 
(7948,'من فترة يجب أن تكون أصغر من إلى فترة',3756,1)
,(7949,'ميزانية مراجعة',3757,1)
,(7950,'حساب سري',3758,1)
,(8101,'لا يمكن اقفال السنة الحالية دون وجود سنة مالية جديدة معرّفة',3909,1)
,(8102,'الميزانية العمومية المقارنة',3910,1)
,(8103,'الميزانية العمومية المقارنة',3911,1)
,(8104,'مقارنة',3912,1)
,(8107,'عام سابق',3915,1)
,(8108,'كلي حالي',3916,1)
,(8109,'جزئي حالي',3917,1)
;
INSERT INTO I18N_MESSAGE (ID,MESSAGE,KEY_ID,MYLOCALE) VALUES 
(8179,'الفترة المالية مغلقة',3987,1)
,(708,'برنامج الحسابات',709,1)
,(707,'برنامج الحسابات',709,2)
,(7936,'الفرع',3744,1)
,(5779,'لا يوجد حركات للدفع',1795,1)
,(5836,'يجب ملىء مبلغ تفاصيل القيد، مدين أو دائن',1853,1)
,(5318,'مقبول',1331,1)
,(5319,'مرفوض',1332,1)
,(7847,'رقم القيد',3654,1)
,(706,'الحركات المخزنية',340,1)
;
INSERT INTO I18N_MESSAGE (ID,MESSAGE,KEY_ID,MYLOCALE) VALUES 
(715,'Inventory Transaction',340,3)
,(625,'إضافة / تعديل ضرائب وخصومات مواصفة حركة',290,1)
,(626,'Add / Edit Transaction Specification Taxes & Discounts',290,3)
,(627,'ضرائب وخصومات',291,1)
,(628,'Taxes & Discounts',291,3)
,(629,'خطأ في الرقم',294,1)
,(1813,'Add/Edit Working Plans To Atendance Groups',916,3)
,(1814,'التاريخ الذى قمت بادخاله قبل اليوم الحالى',917,1)
,(1815,'Date is before current date',917,3)
,(1816,'المجموعة لها خطة تابعة فى ذلك الوقت',918,1)
;
INSERT INTO I18N_MESSAGE (ID,MESSAGE,KEY_ID,MYLOCALE) VALUES 
(1817,'WorkGroup has a plan at that time',918,3)
,(1818,'خطأ في تسجيل المستند في لحاء الزراعية',837,1)
,(1819,'Error saving the document in Lehaa Agriculture',837,3)
,(1820,'مواصفات الأعتماد الخارجي',838,1)
,(1821,'Specifications of external dependence',838,3)
,(1822,'مواصفات أنشاء المستندات الخارجية',839,1)
,(1823,'Specifications of creation of document',839,3)
,(1824,'مواصفات الأعتماد الخارجي',840,1)
,(1825,'Specifications of external dependence',840,3)
,(1826,'مواصفات أنشاء المستندات الخارجية',841,1)
;
INSERT INTO I18N_MESSAGE (ID,MESSAGE,KEY_ID,MYLOCALE) VALUES 
(1827,'Specifications of creation of document',841,3)
,(1828,'نوع المستند',842,1)
,(1829,'Document type',842,3)
,(1830,'نوع المستند الخارجي',843,1)
,(1831,'External document type',843,3)
,(1832,'نوع المستند المنشأ',844,1)
,(1833,'Type of created document',844,3)
,(1834,'كود الفرع بلحاء',845,1)
,(1835,'Lehaa branch code',845,3)
,(1836,'مخزن لحاء',846,1)
;
INSERT INTO I18N_MESSAGE (ID,MESSAGE,KEY_ID,MYLOCALE) VALUES 
(1837,'Lehaa Store',846,3)
,(1838,'من للمستند الأساسية',847,1)
,(1839,'Basic document from',847,3)
,(1840,'إلي للمستند الأساسية',848,1)
,(1841,'Basic document to',848,3)
,(1842,'عدم أحضار الأصناف',849,1)
,(1843,'Do not get items',849,3)
,(1844,'كود المخزن بلحاء',850,1)
,(1845,'Lehaa Store Code',850,3)
,(1846,'مواصفات الأتصال',851,1)
;
INSERT INTO I18N_MESSAGE (ID,MESSAGE,KEY_ID,MYLOCALE) VALUES 
(1847,'Connection Specifications',851,3)
,(1848,'مواصفات الأتصال',852,1)
,(1849,'Connection Specifications',852,3)
,(1850,'اسم الخادم',925,1)
,(1851,'Host Name',925,3)
,(1852,'اسم الخدمة',926,1)
,(1853,'Service Name',926,3)
,(1854,'إضافة / تعديل مواصفة أتصال',927,1)
,(1855,'Add / Edit Connection Specification',927,3)
,(1856,'فعال',928,1)
;
INSERT INTO I18N_MESSAGE (ID,MESSAGE,KEY_ID,MYLOCALE) VALUES 
(1857,'Is Active',928,3)
,(1921,'سعة الطبالي',1107,1)
,(1922,'Palette Capacity',1107,3)
,(1923,'سعة الطبالي',1108,1)
,(1924,'Palette Capacity',1108,3)
,(1925,'إضافة/ تعديل سعة طبالي',1109,1)
,(1926,'Add / Edit Palette Capacity',1109,3)
,(1927,'هذا حجز',1110,1)
,(1928,'Is Reservation',1110,3)
,(1929,'له طرف',1111,1)
;
INSERT INTO I18N_MESSAGE (ID,MESSAGE,KEY_ID,MYLOCALE) VALUES 
(1930,'Has a destination',1111,3)
,(1931,'التخزين حسب',1112,1)
,(1932,'Storage By',1112,3)
,(1933,'الوزن',1113,1)
,(1934,'Weight',1113,3)
,(1935,'معامل التخزين',1114,1)
,(1936,'Storage Factor',1114,3)
,(1937,'المعادل بال م³',1115,1)
,(1938,'Equivalent In M 3',1115,3)
,(1939,'مواصفات التخزين',1117,1)
;
INSERT INTO I18N_MESSAGE (ID,MESSAGE,KEY_ID,MYLOCALE) VALUES 
(1940,'Storage Specifications',1117,3)
,(1941,'الفرز',1118,1)
,(1942,'Screening',1118,3)
,(1943,'لا يوجد فرز',1119,1)
,(1944,'No Screening',1119,3)
,(1945,'الفرز بواسطة العميل',1120,1)
,(1946,'Screening by Customer',1120,3)
,(1947,'أجور الفرز ضمن أجور التبريد',1121,1)
,(1948,'Screening Within Storage Price',1121,3)
,(1949,'السعر الثابت للطن',1122,1)
;
INSERT INTO I18N_MESSAGE (ID,MESSAGE,KEY_ID,MYLOCALE) VALUES 
(1950,'fixed price per ton',1122,3)
,(1951,'سعر الفرز للطن',1123,1)
,(1952,'Screening Price',1123,3)
,(1953,'أجور التنزيل و التحميل',1124,1)
,(1954,'Uploading Price',1124,3)
,(1955,'بواسطة العميل',1125,1)
,(1956,'Uploading by Customer',1125,3)
,(1957,'ضمن أجور التبريد',1126,1)
,(1958,'Uploading Within StoragePrice',1126,3)
,(1959,'هناك حد أعلى',1127,1)
;
INSERT INTO I18N_MESSAGE (ID,MESSAGE,KEY_ID,MYLOCALE) VALUES 
(1960,'Uplaoding Limit',1127,3)
,(1961,'الحد الأعلى',1128,1)
,(1962,'Maximum Limit',1128,3)
,(1963,'سعر الاضافي',1129,1)
,(1964,'Extra Upload Price',1129,3)
,(1965,'رقم الغرفة',1130,1)
,(1966,'Room Number',1130,3)
,(1967,'سعة الغرفة',1131,1)
,(1968,'Room Capacity',1131,3)
,(1969,'السعر',1132,1)
;
INSERT INTO I18N_MESSAGE (ID,MESSAGE,KEY_ID,MYLOCALE) VALUES 
(1970,'Price',1132,3)
,(1971,'الغرفة بالكامل',1133,1)
,(1972,'Complete Room',1133,3)
,(1973,'تخزين جزئي',1135,1)
,(1974,'Partially Storage',1135,3)
,(1975,'عدد الطبالي',1143,1)
,(1976,'Palette Count',1143,3)
,(1977,'سعة الطبلية',1144,1)
,(1978,'Palette Capacity',1144,3)
,(1979,'من تاريخ',1145,1)
;
INSERT INTO I18N_MESSAGE (ID,MESSAGE,KEY_ID,MYLOCALE) VALUES 
(1980,'From Date',1145,3)
,(1981,'إلي تاريخ',1146,1)
,(1982,'To Date',1146,3)
,(1983,'يجب أختيار سعة التخزين كلي أو جزئي',1147,1)
,(1984,'Must choose the storage capacity in whole or in part',1147,3)
,(1985,'قيمة درجة الحرارة من - إلي غير صحيحة',1148,1)
,(1986,'The value of the temperature from - to incorrect',1148,3)
,(1562,'السعة',721,1)
,(1563,'Capacity',721,3)
,(1753,'Add Items',827,3)
;
INSERT INTO I18N_MESSAGE (ID,MESSAGE,KEY_ID,MYLOCALE) VALUES 
(1754,'إختبار تاريخ الأعتماد',828,1)
,(1755,'Check Date of Dependence',828,3)
,(1756,'تجميع علي الصنف',829,1)
,(1757,'Sum Quantity on Items',829,3)
,(1758,'عدم أخذ السعر من الأعتماد',830,1)
,(1759,'No Dependence Price',830,3)
,(1760,'ضبط سعر المستند الذي تعتمد عليه',831,1)
,(1761,'Adjust Dependence Price On Document',831,3)
,(31239,'هذا الكود محجوز بالفعل لهذا الفرع',11104,1)
,(31240,'This code is already booked for this branch',11104,3)
;
INSERT INTO I18N_MESSAGE (ID,MESSAGE,KEY_ID,MYLOCALE) VALUES 
(1858,'تعريف ورديات العامل',1076,1)
,(1859,'Defining Employee Work Periods',1076,3)
,(1860,'تعريف ورديات العامل',1077,1)
,(1861,'Defining Employee Work Periods',1077,3)
,(1862,'إضافة/يعديل وردية عامل',1078,1)
,(1863,'Add/Edit Employee Work Period',1078,3)
,(1864,'بداية التطبيق',1079,1)
,(1865,'Start Applying',1079,3)
,(1866,'نهاية التطبيق',1080,1)
,(1867,'End Applying',1080,3)
;
INSERT INTO I18N_MESSAGE (ID,MESSAGE,KEY_ID,MYLOCALE) VALUES 
(1868,'الموظف له نفس الوردية فى ذلك الوقت',1081,1)
,(1869,'Employee Has The Same Period In This Date',1081,3)
,(1870,'تاريخ بداية المواصفات',1082,1)
,(1871,'Start Date',1082,3)
,(1872,'تاريخ نهاية المواصفات',1083,1)
,(1873,'End Date',1083,3)
,(1874,'مطلوب الحضور فى الاجازات الرسمية',1084,1)
,(1875,'Attending in Official Vacations',1084,3)
,(1876,'تحتسب المخالفات على إجمالى اليوم',1085,1)
,(1877,'Violations Per Day',1085,3)
;
INSERT INTO I18N_MESSAGE (ID,MESSAGE,KEY_ID,MYLOCALE) VALUES 
(1878,'قيمة الوردية بالأيام',1086,1)
,(1879,'Value of The Period In Days',1086,3)
,(1880,'يتجاهل الحضور قبل بداية الوردية',1087,1)
,(1881,'Ignore Attend Before Period',1087,3)
,(1882,'يتجاهل الحضور بعد نهاية الوردية',1088,1)
,(1883,'Ignore Attend After Period',1088,3)
,(1884,'يحتسب تأخير',1089,1)
,(1885,'Consider Delay',1089,3)
,(1886,'يحتسب إنصراف مبكر',1090,1)
,(1887,'Consider Early',1090,3)
;
INSERT INTO I18N_MESSAGE (ID,MESSAGE,KEY_ID,MYLOCALE) VALUES 
(1888,'يحتسب وقت إضافى',1091,1)
,(1889,'Consider Overtime',1091,3)
,(1890,'وقت بدء العمل',1092,1)
,(1891,'Start Working Time',1092,3)
,(1892,'دقيقة',1093,1)
,(1893,'Minute',1093,3)
,(1894,'ساعة',1094,1)
,(1895,'Hour',1094,3)
,(1896,'يوم',1095,1)
,(1897,'Day',1095,3)
;
INSERT INTO I18N_MESSAGE (ID,MESSAGE,KEY_ID,MYLOCALE) VALUES 
(1898,'مدة الوردية',1096,1)
,(1900,'Period Duration',1096,3)
,(1901,'الحد الأدنى لمدة الحضور وإلا تحتسب غياب',1097,1)
,(1902,'Minimum Attend Hours Otherwise Considering Absence',1097,3)
,(1903,'أقصى مدة للحضور قبل الوردية',1098,1)
,(1904,'Maximum Attend Before The Period',1098,3)
,(1905,'أقصى مدة للإنصراف بعد الوردية',1099,1)
,(1906,'Maximum Going After The Period',1099,3)
,(1907,'عدد الدقائق المسموح بها للتأخير',1100,1)
,(1908,'Allowance Minutes For Delaying',1100,3)
;
INSERT INTO I18N_MESSAGE (ID,MESSAGE,KEY_ID,MYLOCALE) VALUES 
(1909,'عدد الدقائق المسموح بها للإنصراف المبكر',1101,1)
,(1910,'Allowance Minutes For Going Early',1101,3)
,(1911,'قائمة تبادل ورديات العاملين',1102,1)
,(1912,'List of Employees Periods Exchange',1102,3)
,(1913,'العامل الأول',1103,1)
,(1914,'First Employee',1103,3)
,(1915,'العامل الثانى',1104,1)
,(1916,'Second Employee',1104,3)
,(1917,'قائمة تبادل ورديات العاملين',1105,1)
,(1918,'List of Employees Periods Exchange',1105,3)
;
INSERT INTO I18N_MESSAGE (ID,MESSAGE,KEY_ID,MYLOCALE) VALUES 
(1919,'إضافة/تعديل ورديات الحضور للعامل',1106,1)
,(1920,'Add/Edit Exchanging Employee Work Periods',1106,3)
,(1987,'قيمة الرطوبة من - إلي غير صحيحة',1149,1)
,(1988,'The value of the humidity from - to incorrect',1149,3)
,(1989,'قيمة الغاز من - إلي غير صحيحة',1150,1)
,(1990,'The value of the gas from - to incorrect',1150,3)
,(1991,'علي الأقل يجب أدخال غرفة',1151,1)
,(1992,'At least one room required',1151,3)
,(1993,'اجمالي سعات الطبالي أكبر من سعة الغرفة',1152,1)
,(630,'Invalid Number',294,3)
;
INSERT INTO I18N_MESSAGE (ID,MESSAGE,KEY_ID,MYLOCALE) VALUES 
(549,'تفاصيل',240,1)
,(550,'Details',240,3)
,(502,'Multi Groups',222,3)
,(503,'التطبيقات',224,1)
,(501,'مجموعات متعددة',222,1)
,(504,'Applications',224,3)
,(505,'إعدادات المستخدم',225,1)
,(506,'User Settings',225,3)
,(522,'هذا الكود أدخل من قبل',244,1)
,(523,'This code is already exist',244,3)
;
INSERT INTO I18N_MESSAGE (ID,MESSAGE,KEY_ID,MYLOCALE) VALUES 
(553,'كود العملة',245,1)
,(554,'Currency Code',245,3)
,(555,'ضريبة مبيعات',246,1)
,(556,'Sales Tax',246,3)
,(557,'النسبة',247,1)
,(558,'Rate',247,3)
,(559,'الإجمالي',248,1)
,(560,'Total',248,3)
,(561,'الصافي',249,1)
,(562,'Net',249,3)
;
INSERT INTO I18N_MESSAGE (ID,MESSAGE,KEY_ID,MYLOCALE) VALUES 
(563,'ضريبة تجارية',250,1)
,(564,'Commercial Tax',250,3)
,(565,'ضريبة تجارية بالخصم',251,1)
,(566,'Commercial Tax with Discount',251,3)
,(567,'دمغة',252,1)
,(568,'Stamp',252,3)
,(569,'لا يوجد',253,1)
,(570,'None',253,3)
,(571,'تطرح',254,1)
,(572,'Subtract',254,3)
;
INSERT INTO I18N_MESSAGE (ID,MESSAGE,KEY_ID,MYLOCALE) VALUES 
(573,'تضاف',255,1)
,(574,'Added',255,3)
,(575,'خصم',256,1)
,(576,'Discount',256,3)
,(577,'نسبة الخصم',257,1)
,(578,'Discount Rate',257,3)
,(579,'لا يوجد نسبة',258,1)
,(580,'No Rate',258,3)
,(581,'نسبة من الإجمالي',259,1)
,(582,'Rate from Total',259,3)
;
INSERT INTO I18N_MESSAGE (ID,MESSAGE,KEY_ID,MYLOCALE) VALUES 
(583,'نسبة من الإجمالي بدون خصم الأصناف',260,1)
,(584,'Rate from Total without Discount',260,3)
,(585,'الخصم يعتمد علي العميل',261,1)
,(586,'Discount depends on customer',261,3)
,(587,'ضريبة المبيعات علي مستوي الخصم',262,1)
,(588,'Sales Tax at Item Level',262,3)
,(589,'الضريبة التجارية علي العميل',263,1)
,(590,'Commercial Tax on Customer',263,3)
,(591,'كروت الخصم',264,1)
,(592,'Discount Cards',264,3)
;
INSERT INTO I18N_MESSAGE (ID,MESSAGE,KEY_ID,MYLOCALE) VALUES 
(593,'نسبة خصم أصناف من العميل',265,1)
,(594,'Items Discount Rate from Customer',265,3)
,(595,'عمولات',266,1)
,(596,'Commissions',266,3)
,(597,'عمولات مضافة',268,1)
,(598,'Commissions Added',268,3)
,(599,'خصم عمولات',269,1)
,(600,'Commissions Discount',269,3)
,(601,'دمغة طبية',273,1)
,(602,'Medical Stamp',273,3)
;
INSERT INTO I18N_MESSAGE (ID,MESSAGE,KEY_ID,MYLOCALE) VALUES 
(603,'يوجد ضريبة علي خصم عمولات',274,1)
,(604,'Tax on Commissions Discount',274,3)
,(605,'حد سماح في حساب الدمغة',275,1)
,(606,'Allow the Calculation of a Stamp',275,3)
,(607,'تجميع ض م مستندات الإضافة ومرتجعاتها',276,1)
,(608,'Compilation of Sales Tax Documents',276,3)
,(609,'ضريبة مبيعات الصنف',277,1)
,(610,'Item Sales Tax',277,3)
,(611,'نسبة',281,1)
,(612,'Rate',281,3)
;
INSERT INTO I18N_MESSAGE (ID,MESSAGE,KEY_ID,MYLOCALE) VALUES 
(613,'قيمة',282,1)
,(614,'Value',282,3)
,(615,'نسبة أو قيمة',283,1)
,(616,'Rate or Value',283,3)
,(617,'تكلفة النقل',284,1)
,(618,'Transport Cost',284,3)
,(619,'ليس علي الشركة',285,1)
,(620,'Not on Company',285,3)
,(621,'علي الشركة',286,1)
,(622,'On Company',286,3)
;
INSERT INTO I18N_MESSAGE (ID,MESSAGE,KEY_ID,MYLOCALE) VALUES 
(623,'تاريخ المستند',288,1)
,(624,'Document Date',288,3)
,(551,'إستخدام العملات',289,1)
,(552,'Use Currency',289,3)
,(6435,'تصدير إلى إكسل',2236,1)
,(6436,'يمكنه الاطلاع على الحسابات السرية',3749,1)
,(507,'إظهار السعر',226,1)
,(508,'Display Price',226,3)
,(509,'إختيار حركة مخزنية',227,1)
,(510,'ٍSelect Store Transaction',227,3)
;
INSERT INTO I18N_MESSAGE (ID,MESSAGE,KEY_ID,MYLOCALE) VALUES 
(529,'يوجد كود بائع',230,1)
,(530,'Has Seller Code',230,3)
,(531,'يوجد رقم تحليلي',231,1)
,(532,'Has Analyze No.',231,3)
,(533,'يوجد رقم السلسلة',232,1)
,(534,'Has Batch No.',232,3)
,(535,'يوجد جهة شحن',233,1)
,(536,'Has Export Agent',233,3)
,(537,'يوجد شروط دفع',234,1)
,(538,'Has Payment Conditions',234,3)
;
INSERT INTO I18N_MESSAGE (ID,MESSAGE,KEY_ID,MYLOCALE) VALUES 
(539,'يوجد رقم فاتورة الشراء',235,1)
,(540,'Has Invoice No.',235,3)
,(541,'رقم فاتورة الشراء تلقائي',236,1)
,(542,'Auto Invoice No.',236,3)
,(543,'يوجد ملاحظات علي المستند',237,1)
,(544,'Has Notes',237,3)
,(545,'عدم تعديل القيم في تفاصيل الحركة',238,1)
,(546,'Can not Edit Transaction Detail',238,3)
,(547,'إجباري',239,1)
,(548,'Restricted',239,3)
;
INSERT INTO I18N_MESSAGE (ID,MESSAGE,KEY_ID,MYLOCALE) VALUES 
(521,'The Branch',3744,3)
,(811,'إضافة/تعديل سعر تحويل عملة',571,1)
,(729,'الاهلاك  ',530,1)
,(730,'الأصول الثابتة',531,1)
,(731,'رقم الاهلاك',532,1)
,(732,'الاسم',533,1)
,(733,'طريقة الاهلاك',534,1)
,(734,'ثابت',535,1)
,(735,'متناقص',536,1)
,(736,'متزايد',537,1)
;
INSERT INTO I18N_MESSAGE (ID,MESSAGE,KEY_ID,MYLOCALE) VALUES 
(737,'ملاحظات',538,1)
,(738,'نوع الاهلاك',539,1)
,(739,'الاهلاك',540,1)
,(740,'انواع الاهلاك',541,1)
,(741,'نوع اهلاك',542,1)
,(742,'انواع الاهلاك',543,1)
,(743,'الاهلاك',544,1)
,(744,'مجموعة الاصول',545,1)
,(745,'الاصول',546,1)
,(746,'مقدار الاهلاك',547,1)
;
INSERT INTO I18N_MESSAGE (ID,MESSAGE,KEY_ID,MYLOCALE) VALUES 
(747,'قيمة',548,1)
,(748,'نسبة',549,1)
,(749,'مجموعة الاصول',550,1)
,(750,'رقم المجموعة',551,1)
,(751,'اسم المجموعة',552,1)
,(752,'حساب الاهلاك',553,1)
,(753,'مجمع الاهلاك',554,1)
,(754,'مخصص الاهلاك',555,1)
,(755,'مجموعة الأصول',556,1)
,(756,'المواصفات الإضافية',557,1)
;
INSERT INTO I18N_MESSAGE (ID,MESSAGE,KEY_ID,MYLOCALE) VALUES 
(757,'الأصول',558,1)
,(758,'رقم الأصل',559,1)
,(759,'اسم الأصل',560,1)
,(760,'المجموعة',561,1)
,(761,'الموقع',562,1)
,(762,'مجموع الاهلاك',563,1)
,(763,'الأصل',564,1)
,(764,'القيمة التخريدية',565,1)
,(765,'رقم اذن الاضافة',566,1)
,(766,'رقم القيد الدفتري',567,1)
;
INSERT INTO I18N_MESSAGE (ID,MESSAGE,KEY_ID,MYLOCALE) VALUES 
(767,'آخر تاريخ اهلاك',568,1)
,(768,'آخر قيمة اهلاك',569,1)
,(769,'خيارات التشغيل',570,1)
,(770,'Depreciation Types',530,3)
,(771,'Fixed Assets',531,3)
,(772,'Depreciation Code',532,3)
,(773,'Depreciation Name',533,3)
,(774,'Depreciation Method',534,3)
,(775,'Constant',535,3)
,(776,'Decreasing',536,3)
;
INSERT INTO I18N_MESSAGE (ID,MESSAGE,KEY_ID,MYLOCALE) VALUES 
(777,'Increasing',537,3)
,(778,'Notes',538,3)
,(779,'Depreciation Type',539,3)
,(780,'Depreciation',540,3)
,(781,'Depreciation Types',541,3)
,(782,'Depreciation Type',542,3)
,(783,'Depreciation Types',543,3)
,(784,'Depreciation',544,3)
,(785,'Assets Group',545,3)
,(786,'Assets',546,3)
;
INSERT INTO I18N_MESSAGE (ID,MESSAGE,KEY_ID,MYLOCALE) VALUES 
(787,'Depreciation Value',547,3)
,(788,'Value',548,3)
,(789,'Ratio',549,3)
,(790,'Assets Group',550,3)
,(791,'Group Code',551,3)
,(792,'Group Name',552,3)
,(793,'Depreciation Account',553,3)
,(794,'Grouped Depreciation Account',554,3)
,(795,'Specified Depreciation Account',555,3)
,(796,'Assets Group',556,3)
;
INSERT INTO I18N_MESSAGE (ID,MESSAGE,KEY_ID,MYLOCALE) VALUES 
(797,'Additional Specifications',557,3)
,(798,'Assets',558,3)
,(799,'Asset Code',559,3)
,(800,'Asset Name',560,3)
,(801,'Assets Group',561,3)
,(802,'Location',562,3)
,(803,'Total Depreciation',563,3)
,(804,'Asset',564,3)
,(805,'Scrap Value',565,3)
,(806,'Store Adding Order Code',566,3)
;
INSERT INTO I18N_MESSAGE (ID,MESSAGE,KEY_ID,MYLOCALE) VALUES 
(807,'Master Transaction Document Serial ',567,3)
,(808,'Last Depreciation Date',568,3)
,(809,'Last Depreciation Value',569,3)
,(810,'Options',570,3)
,(704,'يعتمد علي',295,1)
,(705,'Depend on',295,3)
,(511,'إضافة حركة مخزنية',228,1)
,(512,'Add Store transaction',228,3)
,(513,'الحركات المخزنية لنوع الحركة ',229,1)
,(514,'Store Transaction for',229,3)
;
INSERT INTO I18N_MESSAGE (ID,MESSAGE,KEY_ID,MYLOCALE) VALUES 
(813,'البيانات الاساسية ',573,1)
,(814,'المواقع',574,1)
,(815,'كود الموقع',575,1)
,(816,'المواقع',576,1)
,(817,'ملاحظات',577,1)
,(818,'اكواد المواقع',578,1)
,(819,'وصف الموقع',579,1)
,(820,'خيارات التشغيل',580,1)
,(821,'السنة المالية',581,1)
,(822,'من',582,1)
;
INSERT INTO I18N_MESSAGE (ID,MESSAGE,KEY_ID,MYLOCALE) VALUES 
(823,'الى',583,1)
,(824,'نوع الاهلاك',584,1)
,(825,'حسابات الاهلاك',585,1)
,(826,'المواصفات الاضافية',586,1)
,(827,'على مستوى المجموعة',587,1)
,(828,'على مستوى الاصل',588,1)
,(829,'Basic Data',573,3)
,(830,'Locations',574,3)
,(831,'Location Code',575,3)
,(832,'Location',576,3)
;
INSERT INTO I18N_MESSAGE (ID,MESSAGE,KEY_ID,MYLOCALE) VALUES 
(833,'Location Notes',577,3)
,(834,'Add Location',578,3)
,(835,'Location Description',579,3)
,(836,'Asset Setting',580,3)
,(837,'Financial Year',581,3)
,(838,'From',582,3)
,(839,'To',583,3)
,(840,'Depreciation Type',584,3)
,(841,'Depreciation Accounts',585,3)
,(842,'Asset Specification',586,3)
;
INSERT INTO I18N_MESSAGE (ID,MESSAGE,KEY_ID,MYLOCALE) VALUES 
(843,'Asset Group',587,3)
,(844,'Asset',588,3)
,(845,'المواصفات الاضافية',589,1)
,(846,'الكود',590,1)
,(847,'المواصفة',591,1)
,(874,'المواصفات الاضافية',592,1)
,(875,'View Specification',589,3)
,(876,'Specification Code',590,3)
,(877,'Specification Description',591,3)
,(878,'Asset Specification',592,3)
;
INSERT INTO I18N_MESSAGE (ID,MESSAGE,KEY_ID,MYLOCALE) VALUES 
(812,' مركز التكلفة',572,1)
,(879,' نوع يومية القيود الزامي',593,1)
,(515,'رقم الحركة',241,1)
,(516,'Transaction Number',241,3)
,(517,'تاريخ الحركة',242,1)
,(518,'Transaction Date',242,3)
,(519,'إضافة / تعديل حركة مخزنية',243,1)
,(520,'Add / Edit Store Transaction',243,3)
,(524,'بيانات المستند',301,1)
,(525,'Document Data',301,3)
;
INSERT INTO I18N_MESSAGE (ID,MESSAGE,KEY_ID,MYLOCALE) VALUES 
(526,'أصناف الحركة',303,1)
,(527,'Items of Inventory Movement',303,3)
,(631,'كود الصنف',307,1)
,(632,'Class Code',307,3)
,(633,'سعر الوحدة',312,1)
,(634,'Unit Price',312,3)
,(635,'إجمالى السعر',313,1)
,(636,'Total Price',313,3)
,(637,'الكمية',314,1)
,(638,'The Quantity',314,3)
;
INSERT INTO I18N_MESSAGE (ID,MESSAGE,KEY_ID,MYLOCALE) VALUES 
(639,'يوجد أصناف مكررة بالحركة',338,1)
,(640,'There are an items of transaction repeated',338,3)
,(641,'يجب إدخال اصناف على الحركة المخزنية',339,1)
,(642,'There are have not a items with store transaction',339,3)
,(880,'تفعيل الغاء ترحيل القيود',594,1)
,(881,'الغاء ترحيل القيد',595,1)
,(1113,'الموارد البشريه',375,1)
,(1100,'Human Resources',375,3)
,(1101,'أكواد الوظائف',376,1)
,(1102,'Job codes',376,3)
;
INSERT INTO I18N_MESSAGE (ID,MESSAGE,KEY_ID,MYLOCALE) VALUES 
(1103,' الكود يجب أن يتكون من 8 أرقام',377,1)
,(1104,'Code must be equal to 8 digits.',377,3)
,(1105,'إضافة /تعديل وظيفه',378,1)
,(1106,'Add/Edit Job',378,3)
,(1107,'مواصفات الحصول على الوظيفه',379,1)
,(1108,'Job Specifications',379,3)
,(1109,'Basic Data',380,3)
,(1110,'البيانات الأساسيه',380,1)
,(1111,'أكواد الوظائف',381,1)
,(1112,'Job codes',381,3)
;
INSERT INTO I18N_MESSAGE (ID,MESSAGE,KEY_ID,MYLOCALE) VALUES 
(883,'قيود غير متزنة',597,1)
,(884,'قيود غير متزنة',598,1)
,(885,'تقرير يومية اجمالي',599,1)
,(886,'تقرير يومية اجمالي',600,1)
,(887,'اضافة على أصل',601,1)
,(888,'Addition to Asset',601,3)
,(889,'رقم الاضافة',602,1)
,(890,'Addition Code',602,3)
,(891,'القيمة الدفترية',603,1)
,(892,'Documental Value',603,3)
;
INSERT INTO I18N_MESSAGE (ID,MESSAGE,KEY_ID,MYLOCALE) VALUES 
(893,'حساب السداد',604,1)
,(894,'Payment Account',604,3)
,(895,'قيمة الاضافة',605,1)
,(896,'Addition Value',605,3)
,(897,'بيان الاضافة',606,1)
,(898,'Addition Description',606,3)
,(899,'تاريخ الاضافة',607,1)
,(900,'Addition Date',607,3)
,(901,'اضافة على أصل',608,1)
,(902,'Addition To Asset',608,3)
;
INSERT INTO I18N_MESSAGE (ID,MESSAGE,KEY_ID,MYLOCALE) VALUES 
(903,'بيع أصل',609,1)
,(904,'Asset Sellout',609,3)
,(905,'استنفاد أصل',610,1)
,(906,'Asset Depletion',610,3)
,(907,'اهلاك أصل',611,1)
,(908,'Asset Depreciation',611,3)
,(909,'المواصفات الاضافية',612,1)
,(910,'Additional Specifications',612,3)
,(911,'تحويل أصل',613,1)
,(912,'Asset Transfer',613,3)
;
INSERT INTO I18N_MESSAGE (ID,MESSAGE,KEY_ID,MYLOCALE) VALUES 
(913,'الحركات',614,1)
,(914,'Transactions',614,3)
,(915,'لا يمكن الاضافة على أصل قبل اهلاكه',615,1)
,(916,'It is not allowed to add to an asset before its depreciation',615,3)
,(917,'كود البيع',616,1)
,(918,'Sellout Code',616,3)
,(919,'حساب تحصيل',617,1)
,(920,'Collection Account',617,3)
,(921,'قيمة البيع',618,1)
,(922,'Sellout Value',618,3)
;
INSERT INTO I18N_MESSAGE (ID,MESSAGE,KEY_ID,MYLOCALE) VALUES 
(923,'حساب الربح و الخسارة',619,1)
,(924,'Profit loss account',619,3)
,(925,'تاريخ البيع',620,1)
,(926,'Sellout date',620,3)
,(927,'لا يمكن بيع أصل قبل اهلاكه',621,1)
,(928,'It is not allowed to sell an asset before its depreciation',621,3)
,(929,'تم بيع الأصل من قبل',622,1)
,(930,'Asset was sold before',622,3)
,(931,'استنفاد أصل',623,1)
,(932,'Asset Depletion',623,3)
;
INSERT INTO I18N_MESSAGE (ID,MESSAGE,KEY_ID,MYLOCALE) VALUES 
(933,'رقم الاستنفاد',624,1)
,(934,'Depletion Code',624,3)
,(935,'قيمة الاستنفاد',625,1)
,(936,'Depletion Value',625,3)
,(937,'حساب الاستنفاد',626,1)
,(938,'Depletion Account',626,3)
,(939,'القيمة الدفترية اصغر من القيمة التخريدية',627,1)
,(940,'Documental value is less than scrap value',627,3)
,(941,'لا يمكن نقل الأصل الى نفس الموقع',628,1)
,(942,'Asset cannot be transfered to the same location',628,3)
;
INSERT INTO I18N_MESSAGE (ID,MESSAGE,KEY_ID,MYLOCALE) VALUES 
(943,'تحويل أصل',629,1)
,(944,'Asset Transfer',629,3)
,(945,'رقم تحويل الأصل',630,1)
,(946,'Asset Transfer Code',630,3)
,(947,'من موقع',631,1)
,(948,'From Location',631,3)
,(949,'الى موقع',632,1)
,(950,'To Location',632,3)
,(951,'من مركز تكلفة',633,1)
,(952,'From Cost Center',633,3)
;
INSERT INTO I18N_MESSAGE (ID,MESSAGE,KEY_ID,MYLOCALE) VALUES 
(953,'الى مركز تكلفة',634,1)
,(954,'To Cost Center',634,3)
,(955,'حساب الاهلاك',635,1)
,(989,'Report',1062,3)
,(990,'التقرير',1063,1)
,(991,'Report',1063,3)
,(992,'أضف خيار',1064,1)
,(993,'Add Parameter',1064,3)
,(994,'الخيارات',1065,1)
,(995,'Parameters',1065,3)
;
INSERT INTO I18N_MESSAGE (ID,MESSAGE,KEY_ID,MYLOCALE) VALUES 
(996,'اسم الخيار',1066,1)
,(997,'Parameter Name',1066,3)
,(998,'نوع الخيار',1067,1)
,(999,'Parameter Type',1067,3)
,(1080,'ميزان المراجعة للقيود المرحلة فقط',1385,1)
,(980,'التقارير',1058,1)
,(981,'Reports',1058,3)
,(1081,'الاسم الظاهر',1068,1)
,(1082,'Display Name',1068,3)
,(1083,'قيمة مبدئية',1069,1)
;
INSERT INTO I18N_MESSAGE (ID,MESSAGE,KEY_ID,MYLOCALE) VALUES 
(1084,'Default Value',1069,3)
,(1085,'الترتيب',1070,1)
,(1086,'Order',1070,3)
,(1087,'إستفهم',1071,1)
,(1088,'Query',1071,3)
,(1089,'اخفاء',1072,1)
,(1090,'Hide',1072,3)
,(1091,'يعتمد على',1073,1)
,(1092,'Bind field',1073,3)
,(1093,'ملف التقرير',1074,1)
;
INSERT INTO I18N_MESSAGE (ID,MESSAGE,KEY_ID,MYLOCALE) VALUES 
(1094,'Browse Report File',1074,3)
,(1095,'اسم التقرير (انجليزي)',1386,1)
,(1096,'Report Name (English)',1386,3)
,(1097,'اسم التقرير (عربي)',1387,1)
,(1098,'Report Name (Arabic)',1387,3)
,(1099,'اسم الملف القديم',1388,1)
,(1280,'Old File Name',1388,3)
,(410,'أكواد جهات الدورات',395,1)
,(411,'Course Organizations Codes',395,3)
,(412,'أكواد النتائج',396,1)
;
INSERT INTO I18N_MESSAGE (ID,MESSAGE,KEY_ID,MYLOCALE) VALUES 
(413,'Course Results Codes',396,3)
,(716,'أكواد مجال الدورات',397,1)
,(717,'Course Specialties Codes',397,3)
,(718,'أكواد الدورات',398,1)
,(719,'Course Codes',398,3)
,(720,'أكواد النتائج',399,1)
,(721,'Course Results Codes',399,3)
,(722,'أكواد مجال الدورات',400,1)
,(724,'Course Specialties Codes',400,3)
,(1281,'أكواد جهات الدورات',401,1)
;
INSERT INTO I18N_MESSAGE (ID,MESSAGE,KEY_ID,MYLOCALE) VALUES 
(1282,'Course Organizations Codes',401,3)
,(1283,'أكواد الدورات',402,1)
,(1284,'Course Codes',402,3)
,(1285,'إضافة/تعديل دوره',403,1)
,(1286,'Add/Edit Course',403,3)
,(1287,'إضافة/تعديل جهة دوره',404,1)
,(1288,'Add/Edit Course Organization',404,3)
,(1289,'إضافة/تعديل مجال دوره',405,1)
,(1290,'Add/Edit Course Specialty',405,3)
,(1291,'إضافة/تعديل نتيجه',406,1)
;
INSERT INTO I18N_MESSAGE (ID,MESSAGE,KEY_ID,MYLOCALE) VALUES 
(1292,'Add/Edit Course Result',406,3)
,(1293,'أكواد العلاوات',407,1)
,(1294,'Salary Raise Codes',407,3)
,(1295,'أكواد العلاوات',408,1)
,(1296,'Salary Raise Codes',408,3)
,(1297,'إضافة/تعديل علاوه',409,1)
,(1298,'Add/Edit Salary Raise',409,3)
,(1299,'إضافة فروع',410,1)
,(1300,'Add Branches',410,3)
,(1301,'التقسيم الإداري',411,1)
;
INSERT INTO I18N_MESSAGE (ID,MESSAGE,KEY_ID,MYLOCALE) VALUES 
(1302,'Company Internal Division Tree',411,3)
,(1303,'التقسيم الإداري',412,1)
,(1304,'Company Internal Division Tree',412,3)
,(1305,'أخر تقسيم فرعي',413,1)
,(1306,'Last Division Branch',413,3)
,(1307,'التقسيم الجغرافي',414,1)
,(1308,'Geographical Division Tree',414,3)
,(1309,'التقسيم الجغرافي',428,1)
,(1310,'Geographical Division Tree',428,3)
,(1311,'تقسيم الأكواد الجغرافيه',429,1)
;
INSERT INTO I18N_MESSAGE (ID,MESSAGE,KEY_ID,MYLOCALE) VALUES 
(1312,'Geographical Division Codes',429,3)
,(1313,'تقسيم الأكواد الجغرافيه',430,1)
,(1314,'Geographical Division Codes',430,3)
,(1315,'تقسيم أكواد الخبره التعليميه',432,1)
,(1316,'Qualification Division Codes',432,3)
,(1317,'تقسيم أكواد الخبره التعليميه',433,1)
,(1318,'Qualification Division Codes',433,3)
,(1319,'تقسيم الخبره التعليميه',434,1)
,(1320,'Qualification Division Tree',434,3)
,(1321,'تقسيم الخبره التعليميه',435,1)
;
INSERT INTO I18N_MESSAGE (ID,MESSAGE,KEY_ID,MYLOCALE) VALUES 
(1322,'Qualification Division Tree',435,3)
,(1323,'إضافة تقسيم إداري',436,1)
,(1324,'Add Root',436,3)
,(1325,'إضافة تقسيم مؤهل',437,1)
,(1326,'Add Root',437,3)
,(1327,'إضافة تقسيم جغرافي',438,1)
,(1328,'Add Root',438,3)
,(1329,'إضافة/تعديل تقسيم إداري',439,1)
,(1330,'Add/Edit Internal Division',439,3)
,(2381,'العدد أقل من او يساوى',1271,1)
;
INSERT INTO I18N_MESSAGE (ID,MESSAGE,KEY_ID,MYLOCALE) VALUES 
(2382,'number less than or equal',1271,3)
,(2383,'تقرير فاقد التخزين',1272,1)
,(2384,'report lost storage',1272,3)
,(2385,'عرض سندات الشحن',1273,1)
,(2386,'view shipping data',1273,3)
,(2387,'فاقد تخزين',1274,1)
,(2388,'lost storage',1274,3)
,(2389,'سعة الغرفة',1275,1)
,(2390,'room capacity',1275,3)
,(2391,'السعة المستغلة',1276,1)
;
INSERT INTO I18N_MESSAGE (ID,MESSAGE,KEY_ID,MYLOCALE) VALUES 
(2392,'used capacity',1276,3)
,(2393,'السعة الفارغة',1277,1)
,(2394,'empty capacity',1277,3)
,(2395,'الرصيد الحالى للغرفة',1278,1)
,(2396,'current room balance',1278,3)
,(2397,'الرصيد الحالى للعقد',1279,1)
,(2398,'current contract balance',1279,3)
,(2399,'من غرفة',1280,1)
,(2400,'from room',1280,3)
,(2401,'إلى غرفة',1281,1)
;
INSERT INTO I18N_MESSAGE (ID,MESSAGE,KEY_ID,MYLOCALE) VALUES 
(2402,'to room',1281,3)
,(2403,'تقرير حالة الغرف والسعة',1282,1)
,(2404,'Room capacity Status Report',1282,3)
,(2405,'بحث فاقد التخزين لحركات الإضافة',1283,1)
,(2406,'search for add transactions',1283,3)
,(2407,'بحث فاقد التخزين لجميع الحركات',1284,1)
,(2408,'search for all transactions',1284,3)
,(2409,'سعر طن التحميل والفرز',1285,1)
,(2410,'uploading price',1285,3)
,(2411,'سعر طن الفرز',1286,1)
;
INSERT INTO I18N_MESSAGE (ID,MESSAGE,KEY_ID,MYLOCALE) VALUES 
(2412,'screening price',1286,3)
,(2413,'حساب الحركة للمقاول',1287,1)
,(2414,'transaction account for contractor',1287,3)
,(2415,'المقاول',1288,1)
,(2416,'contractor',1288,3)
,(2417,'يجب إدخال نوع المقاول',1289,1)
,(2418,'Required Contractor Type',1289,3)
,(2419,'سعر التحميل والتنزيل',1290,1)
,(2420,'uploading price',1290,3)
,(2421,'سعر الفرز',1291,1)
;
INSERT INTO I18N_MESSAGE (ID,MESSAGE,KEY_ID,MYLOCALE) VALUES 
(2422,'screeing price',1291,3)
,(2423,'عرض إجمالى كشف حساب المقاول',1313,1)
,(2424,'view contractor account summation',1313,3)
,(2425,'تقرير كشف حساب المقاول',1314,1)
,(2426,'contractor account report',1314,3)
,(2427,'سعر التحميل',1315,1)
,(2428,'uploading cost',1315,3)
,(2429,'سعر الفرز',1316,1)
,(2430,'screening cost',1316,3)
,(2431,'كود المقاول',1317,1)
;
INSERT INTO I18N_MESSAGE (ID,MESSAGE,KEY_ID,MYLOCALE) VALUES 
(2432,'contractor code',1317,3)
,(2433,'إسم المقاول',1318,1)
,(2434,'contractor name',1318,3)
,(2435,'الكمية بالطن',1319,1)
,(2436,'quantity by ton',1319,3)
,(2437,'تحميل',1320,1)
,(2438,'uploading',1320,3)
,(2439,'فرز',1321,1)
,(2440,'screening',1321,3)
,(2441,'حساب المقاول',1322,1)
;
INSERT INTO I18N_MESSAGE (ID,MESSAGE,KEY_ID,MYLOCALE) VALUES 
(2442,'contractor account',1322,3)
,(2445,'تقرير كشف حساب المقاول تفصيلى',1324,1)
,(2446,'detailed contractor account report',1324,3)
,(2447,'الحركة',1325,1)
,(2448,'transaction',1325,3)
,(2449,'حركة السداد',1326,1)
,(2450,'payment transaction',1326,3)
,(2451,'المبلغ المسدد',1327,1)
,(2452,'paid amount',1327,3)
,(2453,'عرض إجمالى كشف حساب المقاول تفصيلى',1329,1)
;
INSERT INTO I18N_MESSAGE (ID,MESSAGE,KEY_ID,MYLOCALE) VALUES 
(2454,'view detailed contractor account summation',1329,3)
,(2455,'بالطبالى',1330,1)
,(2456,'with palettes',1330,3)
,(2443,'سعر التحميل او الفرز للطن',1292,1)
,(2444,'uploading or screening price',1292,3)
,(2457,'طباعة التحميل والتنزيل',1333,1)
,(2458,'print shipping data',1333,3)
,(2459,'بالطبالى',1334,1)
,(2460,'by palettes',1334,3)
,(2461,'بلد المنشأ',1335,1)
;
INSERT INTO I18N_MESSAGE (ID,MESSAGE,KEY_ID,MYLOCALE) VALUES 
(2462,'country of origin',1335,3)
,(2463,'رقم الحاوية',1336,1)
,(2464,'container number',1336,3)
,(2465,'رقم المزارع',1337,1)
,(2466,'farmer number',1337,3)
,(2467,'بيانات التصدير',1338,1)
,(2468,'export data',1338,3)
,(2469,'طباعة بدون مواصفات',1339,1)
,(2470,'print without specs',1339,3)
,(2471,'سعر التحميل او الفرز للطن',1340,1)
;
INSERT INTO I18N_MESSAGE (ID,MESSAGE,KEY_ID,MYLOCALE) VALUES 
(2472,'uploading or screening price',1340,3)
,(2473,'تقرير إجمالى كشف حساب الغرف',1342,1)
,(2474,'Total room account balance',1342,3)
,(2475,'تقرير إجمالى أرصدة الغرف والطبالى',1343,1)
,(20215,'خصم مدة التأخير من الأجر',10102,1)
,(20216,'Discount of lateness from salary',10102,1)
,(20217,'خصم مدة الإنصراف المبكر من الأجر',10103,1)
,(20218,'Discount of leaving early from salary',10103,1)
,(20219,'تسجيل يوم غياب بدون أجر',10104,1)
,(20220,'Day absence without pay',10104,1)
;
INSERT INTO I18N_MESSAGE (ID,MESSAGE,KEY_ID,MYLOCALE) VALUES 
(20221,'أكواد ناتج المخالفات',10105,1)
,(20222,'Violations Result Codes',10105,1)
,(20223,'أكواد ناتج المخالفات',10106,1)
,(20224,'Violations Result Codes',10106,1)
,(20225,'إضافة/تعديل ناتج مخالفه',10107,1)
,(20226,'Add/Edit Violation Result',10107,1)
,(20227,'تاريخ حساب مدة الخدمه المستخدمه فى حساب المستحق من الأجازات',10108,1)
,(20228,'Experience years to consider for vacation Evaluation',10108,1)
,(20229,'تاريخ حساب مدة الخدمه المستخدمه فى حساب المستحق من الأجازات',10109,1)
,(20230,'Experience years to consider for vacation Evaluation',10109,1)
;
INSERT INTO I18N_MESSAGE (ID,MESSAGE,KEY_ID,MYLOCALE) VALUES 
(20231,'مدة الخبره',10110,1)
,(20232,'Experience years ',10110,1)
,(20235,'شهر ',10112,1)
,(20236,'Month',10112,1)
,(20239,'قواعد المخالفات',10114,1)
,(20240,'Violation Rules',10114,1)
,(20241,'قواعد المخالفات',10115,1)
,(20242,'Violation Rules',10115,1)
,(20243,'المخالفه',10116,1)
,(20244,'Violation',10116,1)
;
INSERT INTO I18N_MESSAGE (ID,MESSAGE,KEY_ID,MYLOCALE) VALUES 
(20245,'عدد مرات تكرار المخالفه',10117,1)
,(20246,'Violation times',10117,1)
,(20247,'فترة حساب التكرار',10118,1)
,(20248,'Violation times period calculation',10118,1)
,(20249,'عدد شهور',10119,1)
,(20250,'Number of months',10119,1)
,(20251,'نوع الفتره',10120,1)
,(20252,'Period type',10120,1)
,(20253,'تأثير مالي',10121,1)
,(20254,'Financial impact',10121,1)
;
INSERT INTO I18N_MESSAGE (ID,MESSAGE,KEY_ID,MYLOCALE) VALUES 
(2476,'Total room and palette balances report',1343,3)
,(2477,'طباعة إعتماد الحركة',1344,1)
,(2478,'print transaction dependency',1344,3)
,(2479,'طباعة إعتماد العقد',1345,1)
,(2480,'print contract dependency',1345,3)
,(2481,'الطرف من المعتمد عليه من لحاء',1346,1)
,(2482,'from side depended on by Lehaa',1346,3)
,(2483,'الطرف الى المعتمد عليه من لحاء',1347,1)
,(2484,'to side depended on by Lehaa',1347,3)
,(2485,'طباعة الإعتماد الداخلى',1348,1)
;
INSERT INTO I18N_MESSAGE (ID,MESSAGE,KEY_ID,MYLOCALE) VALUES 
(2486,'print internal dependency',1348,3)
,(2487,'طباعة الإعتماد الخارجى',1349,1)
,(2488,'print external dependency',1349,3)
,(2489,'إحضار وتسجيل عملاء لحاء الزراعية',1350,1)
,(2490,'bring and save Lehaa customers which has not configure',1350,3)
,(2491,'إحضار وتسجيل مراكز تكلفة لحاء الزراعية',1351,1)
,(2492,'bring and save Lehaa cost center which has not configure',1351,3)
,(2493,'إجمالى السعر لسعة التخرزين',1352,1)
,(2494,'total price for total capacity',1352,3)
,(2495,'ممنوع تعديل مستند مرتبط بفاتورة',1353,1)
;
INSERT INTO I18N_MESSAGE (ID,MESSAGE,KEY_ID,MYLOCALE) VALUES 
(2496,'forbidden to modify a document linked to an invoice',1353,3)
,(2497,'ممنوع حذف مستند مرتبط بفاتورة',1354,1)
,(2498,'forbidden to delete a document linked to an invoice',1354,3)
,(2499,'المسار لهذا التقرير غير موجود',1355,1)
,(2500,'path for this report was not found',1355,3)
,(2501,'إسم ملف التقرير',1356,1)
,(2502,'report file name',1356,3)
,(2503,'مستند صادر فرز',1357,1)
,(2504,'screening transaction',1357,3)
,(2505,'تكلفة الفرز من حركة الصادر',1358,1)
;
INSERT INTO I18N_MESSAGE (ID,MESSAGE,KEY_ID,MYLOCALE) VALUES 
(2506,'costing by screening transaction',1358,3)
,(2507,'تكرار الطبالى',1359,1)
,(2508,'duplicate palette',1359,3)
,(2509,'يوجد تكرار بالطبالى',1360,1)
,(2510,'exist duplicate palette',1360,3)
,(2511,'أقصى عدد للطبالى',1361,1)
,(2512,'maximum palette number',1361,3)
,(2513,'إضافة الغرف المعتمد عليها',1389,1)
,(2514,'add dependency rooms',1389,3)
,(2515,'الطبالى الفارغة',1390,1)
;
INSERT INTO I18N_MESSAGE (ID,MESSAGE,KEY_ID,MYLOCALE) VALUES 
(2516,'empty palettes',1390,3)
,(2517,'تبديل',1391,1)
,(2518,'replacement',1391,3)
,(2519,'على حسب حركات الإضافة',1392,1)
,(2520,'according to add transaction',1392,3)
,(2521,'يجب أختيار طريقة حساب جزء من الشهر كنسبة من الشهر مع حسب حركات الإضافة لطريقة الحساب',1393,1)
,(2522,'Must choose the method of calculating the part of the month as a month with the exchange and according to the add transaction to the method of calculation',1393,3)
,(2523,'إضافة تبديل الغرف',1394,1)
,(2524,'add replace rooms',1394,3)
,(2525,'رصيد الطبالى بالغرفة',1395,1)
;
INSERT INTO I18N_MESSAGE (ID,MESSAGE,KEY_ID,MYLOCALE) VALUES 
(2526,'balance palette by room',1395,3)
,(2527,'بيانات أخرى',1396,1)
,(2528,'another data',1396,3)
,(2529,'إضافة بيان رصيد الطبالى بالغرفة',1397,1)
,(2530,'add info balance palette by room',1397,3)
,(20211224,'أكواد مفردات النظام',101206,1)
,(20211225,'4SSalaryPartsView',101206,3)
,(20211228,'عدد الأيام',101208,1)
,(20211229,'no_days',101208,3)
,(20211230,'نوع الخصم',101209,1)
;
INSERT INTO I18N_MESSAGE (ID,MESSAGE,KEY_ID,MYLOCALE) VALUES 
(20211231,'disc_type',101209,3)
,(20211232,'بدون مرتب',101210,1)
,(20211233,'withoutSal',101210,3)
,(20211234,'بالخصم',101211,1)
,(20211235,'ByDisc',101211,3)
,(20211263,'insuranceCode',101225,3)
,(20211290,'تجميع على',101239,1)
,(10225,'Overtime after due dismission time',5012,3)
,(2078,'الكميات المحذوفة للحركة تؤثر على إتزان الرصيد',967,1)
,(2079,'Deleted quantities of the transaction affect the equilibrium balance',967,3)
;
INSERT INTO I18N_MESSAGE (ID,MESSAGE,KEY_ID,MYLOCALE) VALUES 
(2080,'تعديل بعض المخازن يؤثر على إتزان الرصيد',968,1)
,(2081,'Modify some stores affect the equilibrium balance',968,3)
,(2082,'إنتظر لحين الإنتهاء من الحذف.....',969,1)
,(2083,'Wait until the completion of the deletion....',969,3)
,(2084,'تفاصيل الحجز',970,1)
,(2085,'Details of reservation',970,3)
,(2086,'تاريخ إنهاء العقد أكبر من تاريخ الغرفة فى العقد',971,1)
,(2087,'Closure date of contract more than date of room',971,3)
,(2088,'تاريخ إنهاء العقد أقل من تاريخ الغرفة فى العقد',972,1)
,(2089,'Closure date of contract less than date of room',972,3)
;
INSERT INTO I18N_MESSAGE (ID,MESSAGE,KEY_ID,MYLOCALE) VALUES 
(2090,'عودة للقائمة',973,1)
,(2091,'Back ot list',973,3)
,(10238,'تنفيذ',5019,1)
,(10239,'Apply',5019,3)
,(10240,'تسوية',5020,1)
,(10241,'Finalize',5020,3)
,(10242,'اضافة / تعديل اذن موظف',5021,1)
,(10243,'Add/Edit Employee Excuse',5021,3)
,(10244,'تاريخ الاذن',5022,1)
,(10245,'Excuse Date',5022,3)
;
INSERT INTO I18N_MESSAGE (ID,MESSAGE,KEY_ID,MYLOCALE) VALUES 
(10246,'نوع الاذن',5023,1)
,(10247,'Excuse Type',5023,3)
,(10248,'طبيعة الاذن',5024,1)
,(10249,'Excuse Nature',5024,3)
,(10250,'خلال اليوم',5025,1)
,(10251,'During the day',5025,3)
,(10252,'انصراف مبكر',5026,1)
,(10253,'Early Leave',5026,3)
,(10254,'تأخير',5027,1)
,(10255,'Late Entrance',5027,3)
;
INSERT INTO I18N_MESSAGE (ID,MESSAGE,KEY_ID,MYLOCALE) VALUES 
(10256,'مدة الاذن',5028,1)
,(10257,'Excuse Duration',5028,3)
,(10258,'الاذون',5029,1)
,(10259,'Excuses',5029,3)
,(10260,'الاذون',5030,1)
,(10261,'Excuses',5030,3)
,(2092,'مشاهدة جميع المخازن أو الغرف',974,1)
,(2093,'View all stores or rooms',974,3)
,(10262,'تحليل امضاءات',5031,1)
,(10263,'Signature Analysis',5031,3)
;
INSERT INTO I18N_MESSAGE (ID,MESSAGE,KEY_ID,MYLOCALE) VALUES 
(10264,'تحليل امضاءات',5032,1)
,(10265,'Signature Analysis',5032,3)
,(10266,'عدد ساعات العمل المحققة',5033,1)
,(10267,'Number of Achieved Working Hours',5033,3)
,(10268,'عدد ساعات العمل المحققة',5034,1)
,(10269,'Number of Achieved Working Hours',5034,3)
,(10270,'مواصفات الاضافي',5035,1)
,(10271,'Overtime Specifications',5035,3)
,(10272,'مواصفات الاضافي',5036,1)
,(10273,'Overtime Specifications',5036,3)
;
INSERT INTO I18N_MESSAGE (ID,MESSAGE,KEY_ID,MYLOCALE) VALUES 
(10274,'مطبق',5037,1)
,(10275,'Applied',5037,3)
,(10276,'كل ساعة',5038,1)
,(10277,'Every Hour',5038,3)
,(10278,'كل يوم',5039,1)
,(10279,'Every Day',5039,3)
,(10280,'طريقة حساب الاضافي',5040,1)
,(10281,'Overtime Calculation Method',5040,3)
,(10282,'نهاري',5041,1)
,(10283,'Morning',5041,3)
;
INSERT INTO I18N_MESSAGE (ID,MESSAGE,KEY_ID,MYLOCALE) VALUES 
(10284,'ليلي',5042,1)
,(10285,'Night',5042,3)
,(10286,'عطلة',5043,1)
,(10287,'Vacation',5043,3)
,(10288,'توقيت احتساب الليلي',5044,1)
,(10289,'Night Shift Timing',5044,3)
,(10290,'الحد الأقصى',5045,1)
,(10291,'Maximum Limit',5045,3)
,(10292,'اجمالي المستحق',5046,1)
,(10293,'Total Due',5046,3)
;
INSERT INTO I18N_MESSAGE (ID,MESSAGE,KEY_ID,MYLOCALE) VALUES 
(10294,'المرتب الاساسي',5047,1)
,(10295,'Basic Salary',5047,3)
,(10296,'نسبة من الأجر الشامل',5048,1)
,(10297,'Ratio from total salary',5048,3)
,(10298,'تسوية النقص عن الحضور المستهدف',5049,1)
,(10299,'Unachieved Required Working Hours Finalization',5049,3)
,(10300,'تسوية النقص عن الحضور المستهدف',5050,1)
,(10301,'Unachieved Required Working Hours Finalization',5050,3)
,(10302,'اجمالي المستحق + الضرائب و التأمينات',5051,1)
,(10303,'Total Due + Taxes & insurance',5051,3)
;
INSERT INTO I18N_MESSAGE (ID,MESSAGE,KEY_ID,MYLOCALE) VALUES 
(10304,'نسبة من الأجر التعاقدي',5052,1)
,(10305,'Ratio from Contract Salary',5052,3)
,(10306,'قيمة',5053,1)
,(10307,'Value',5053,3)
,(10308,'نسبة من المرتب الثابت',5054,1)
,(10309,'Ratio from constant salary',5054,3)
,(10310,'نسبة من المرتب الاساسي',5055,1)
,(10311,'Ratio from basic salary',5055,3)
,(10312,'عطلة الاسبوع',5056,1)
,(10313,'Weekend',5056,3)
;
INSERT INTO I18N_MESSAGE (ID,MESSAGE,KEY_ID,MYLOCALE) VALUES 
(10314,'نوع الاجازة مقابل العمل في عطلة الاسبوع',5057,1)
,(10315,'Type of vacation as a weekend recoupe',5057,3)
,(10326,'تقرير غياب',5058,1)
,(10327,'Absence Report',5058,3)
,(10328,'تقرير غياب',5059,1)
,(10329,'Absence Report',5059,3)
,(10316,'تقرير تحليل الحضور',5060,1)
,(10317,'Attendance Analysis Report',5060,3)
,(10318,'تقرير تحليل الحضور',5061,1)
,(10319,'Attendance Analysis Report',5061,3)
;
INSERT INTO I18N_MESSAGE (ID,MESSAGE,KEY_ID,MYLOCALE) VALUES 
(10320,'الحالة',5062,1)
,(10321,'Status',5062,3)
,(10322,'غياب',5063,1)
,(10323,'Absent',50563,3)
,(10324,'اضافي',5064,1)
,(10325,'Overtime',50564,3)
,(2531,'لا يمكن حذف المستند. يوجد مستندات معتمده عليه',1398,1)
,(2532,'You can not delete the document. it has  dependency documents',1398,3)
,(2533,'كود الفرع',1399,1)
,(2534,'branch code',1399,3)
;
INSERT INTO I18N_MESSAGE (ID,MESSAGE,KEY_ID,MYLOCALE) VALUES 
(2535,'اسم الحركة',1400,1)
,(2536,'transaction',1400,3)
,(2537,'عرض الحركات المعتمدة',1401,1)
,(2538,'view dependency transaction',1401,3)
,(2539,'تحويل الى ثلاجة اخرى أثناء التشغيل',1402,1)
,(2540,'Switch to another refrigerator during operation',1402,3)
,(2541,'تحويل الى ثلاجة أخرى',1403,1)
,(2542,'Switch to another refrigerator',1403,3)
,(2543,'تحويل الى',1404,1)
,(2544,'Switch to ',1404,3)
;
INSERT INTO I18N_MESSAGE (ID,MESSAGE,KEY_ID,MYLOCALE) VALUES 
(2545,'إصدار أخر فواتير العقد وإغلاقه',1405,1)
,(2546,'generate last invoice and close contract',1405,3)
,(2547,'العقود المغلقة',1406,1)
,(2548,'contracts closed',1406,3)
,(2549,'إغلاق العقود',1407,1)
,(2550,'Closing contracts',1407,3)
,(2551,'عقود بدون اعتماد وبدون كميات بالغرف',1408,1)
,(2552,'contracts without dependency and quantity in room',1408,3)
,(2553,'تاريخ من لإحدى الغرف اكبر من تاريخ الى لإحدى الغرف',1409,1)
,(2554,'from date of One of the rooms is greater than to date',1409,3)
;
INSERT INTO I18N_MESSAGE (ID,MESSAGE,KEY_ID,MYLOCALE) VALUES 
(2555,'بحث برقم المستند',1410,1)
,(2556,'search by transaction number',1410,3)
,(2557,'لا يمكن تسجيل الحركة بدون كميات يعتمد عليها',1411,1)
,(2558,'can not save transaction without items',1411,3)
,(2559,'لن يتم التسجيل بلحاء الزراعية لوجود اكتر من مجموعة صنف',1412,1)
,(2560,'it will not save transaction in Leha with more than one group',1412,3)
,(2561,'لن يتم التسجيل بلحاء الزراعية لعدم  لوجود اصناف غير مرتبطة بلحاء الزراعية',1413,1)
,(2562,'it will not save transaction in Leha beacuse of existing item dose not linked by Lehaa items',1413,3)
,(2563,'مواصفة المجموعة الرئيسية لهذه الاصناف غير مسجلة',1415,1)
,(2564,'specification of the main group of these items is not registered',1415,3)
;
INSERT INTO I18N_MESSAGE (ID,MESSAGE,KEY_ID,MYLOCALE) VALUES 
(2565,'الربط بمجموعة أصناف خارجية',1416,1)
,(2566,'linked by external group of items',1416,3)
,(2567,'كود مجموعة الاصناف الخارجية تم ربطه من قبل بمجموعة اخرى',1417,1)
,(2568,'external item form has been linked with another group',1417,3)
,(2569,'إحضار وتسجيل جهات لحاء الزراعية',1418,1)
,(2570,'bring and save Lehaa agents which has not configure',1418,3)
,(2571,'تاريخ الفاتورة أقل من تاريخ الى  لأخر فاتورة تم إصدارها',1419,1)
,(2572,'Date of the invoice less than To date of the last invoice',1419,3)
,(2573,'إحضار وتسجيل موردين لحاء الزراعية',1420,1)
,(2574,'bring and save Lehaa vendors which has not configure',1420,3)
;
INSERT INTO I18N_MESSAGE (ID,MESSAGE,KEY_ID,MYLOCALE) VALUES 
(2575,'تغيير الثلاجة عند الاعتماد',1421,1)
,(2576,'Change the refrigerator when dependency',1421,3)
,(2577,'عدم الاعتماد على العقد الداخلى',1422,1)
,(2578,'do not dependency on internal contract',1422,3)
,(2579,'الاعتماد على العقد الداخلى',1423,1)
,(2580,'dependency on internal contract',1423,3)
,(2581,'عقد فقط',1424,1)
,(2582,'only contract',1424,3)
,(2583,'نوع اعتماد العقد',1425,1)
,(2584,'type dependency of contract',1425,3)
;
INSERT INTO I18N_MESSAGE (ID,MESSAGE,KEY_ID,MYLOCALE) VALUES 
(2585,'الإعتماد على إجمالى الكمية',1426,1)
,(2586,'dependency total quantity',1426,3)
,(2587,'إجمالى الكمية المطلوبة غير متاحة',1427,1)
,(2588,'total request quantity not valid',1427,3)
,(2589,'الكمية المتاحة',1428,1)
,(2590,'valid quantity is ',1428,3)
,(2591,'لم يتم الإعتماد عليها',1429,1)
,(2592,'was not depended upon',1429,3)
,(2593,'المستندات التى لم يتم الإعتماد عليها',1430,1)
,(20255,'قيمة الحد الأقصى',10122,1)
;
INSERT INTO I18N_MESSAGE (ID,MESSAGE,KEY_ID,MYLOCALE) VALUES 
(20256,'Maximum value',10122,1)
,(20257,'القيمه',10123,1)
,(20258,'Value',10123,1)
,(20259,'الخصم من الأجر',10124,1)
,(20260,'Deduction from pay',10124,1)
,(20261,'ناتج المخالفه',10125,1)
,(20262,'Violation result',10125,1)
,(20263,'الجزاءات ',10126,1)
,(20264,'Penalty',10126,1)
,(20266,'إدخال الجزاءات للموظف',10127,1)
;
INSERT INTO I18N_MESSAGE (ID,MESSAGE,KEY_ID,MYLOCALE) VALUES 
(20267,'Employee Penalty',10127,1)
,(20268,'إضافة/تعديل جزاءات للموظف',10128,1)
,(20269,'Add/Edit  Employee Penalty',10128,1)
,(20270,'تاريخ الجزاء',10129,1)
,(20271,'Penalty date',10129,1)
,(20272,'تاريخ بداية التنفيذ',10130,1)
,(20273,'Implementation beginning date',10130,1)
,(20274,'أيام الخصم',10131,1)
,(20275,'Discount days',10131,1)
,(20211100,'التفضيلات',101144,1)
;
INSERT INTO I18N_MESSAGE (ID,MESSAGE,KEY_ID,MYLOCALE) VALUES 
(20211101,'Preferences',101144,1)
,(2594,'Transactions without dependencies',1430,3)
,(2595,'مجموع كميات الاعتماد الكلى',1431,1)
,(2596,'total quantity accumulation of dependency',1431,3)
,(20211184,'مدة العمل الإعتبارية في حساب الإجازات',101186,1)
,(20211185,'Exper for vacations calculations',101186,3)
,(20211218,'تعديلات في العلاوات السنوية',101203,1)
,(20211219,'spAnualRaiseView',101203,3)
,(20211220,'مدة العمل الإعتبارية في حساب الإجازات',101204,1)
,(20211221,'empInstExperYearsForm',101204,3)
;
INSERT INTO I18N_MESSAGE (ID,MESSAGE,KEY_ID,MYLOCALE) VALUES 
(20211256,'مؤثرات الأجر',101222,1)
,(20211257,'discDaysView',101222,3)
,(20211258,'مؤثرات الأجر: حساب الأيام بالخصم',101223,1)
,(20211259,'discDaysViewByDisc',101223,3)
,(20211260,'مؤثرات الأجر: حساب الأيام بدون مرتب',101224,1)
,(20211261,'discDaysViewWithoutSal',101224,3)
,(20211264,'هل هذا العامل دائم',101226,1)
,(20211265,'isPermenant',101226,3)
,(20211266,'تعريف تأمينات العاملين الإجتماعية',101227,1)
,(20211267,'aInsuranceCala',101227,3)
;
INSERT INTO I18N_MESSAGE (ID,MESSAGE,KEY_ID,MYLOCALE) VALUES 
(20211268,'الأجر الأساسي',101228,1)
,(20211269,'basic_sal',101228,3)
,(20211270,'الأجر المتغير',101229,1)
,(20211271,'tot_value',101229,3)
,(20211272,'إجمالي الأجر',101230,1)
,(20211273,'tot_sal',101230,3)
,(20211274,'حصة العامل من الأجر الأساسي',101231,1)
,(20211275,'basic_emp',101231,3)
,(20211276,'حصة العامل من الأجر المتغير',101232,1)
,(20211277,'var_emp',101232,3)
;
INSERT INTO I18N_MESSAGE (ID,MESSAGE,KEY_ID,MYLOCALE) VALUES 
(20211278,'إجمالي حصة العامل',101233,1)
,(20211279,'tot_emp',101233,3)
,(20211280,'حصة الشركة من الأجر الأساسي',101234,1)
,(20211281,'basic_co',101234,3)
,(20211282,'حصة الشركة من الأجر المتغير',101235,1)
,(20211283,'var_co',101235,3)
,(20211284,'إجمالي حصة الشركة',101236,1)
,(20211285,'tot_co',101236,3)
,(20211286,'إجمالي التأمين',101237,1)
,(20211287,'tot_insu',101237,3)
;
INSERT INTO I18N_MESSAGE (ID,MESSAGE,KEY_ID,MYLOCALE) VALUES 
(20211288,'نسخ البيانات من الشهر الماضي',101238,1)
,(20211289,'copyDataFromPreMonth',101238,3)
,(20211294,'تاريخ بداية حساب الأجازات',101241,1)
,(20211295,'job_join',101241,3)
,(20211296,'تاريخ الميلاد',101242,1)
,(20211297,'birthDate',101242,3)
,(20211298,'تاريخ إنهاء الخدمة',101243,1)
,(20211299,'endService',101243,3)
,(20211300,'تاريخ الاشتراك التأميني',101244,1)
,(20211301,'insuranceDate',101244,3)
;
INSERT INTO I18N_MESSAGE (ID,MESSAGE,KEY_ID,MYLOCALE) VALUES 
(20211302,'تاريخ إنتهاء الاشتراك التأميني',101245,1)
,(20211303,'insuranceEndDate',101245,3)
,(20211304,'حالة صرف الأجر',101246,1)
,(20211305,'flagExp',101246,3)
,(20211306,'المرتب الأساسي',101247,1)
,(20211307,'basicSalary',101247,3)
,(20211308,'الضرائب',101248,1)
,(20211309,'effectTax',101248,3)
,(20211310,'أساس ثابت التأمين',101249,1)
,(20211311,'basicInsurance',101249,3)
;
INSERT INTO I18N_MESSAGE (ID,MESSAGE,KEY_ID,MYLOCALE) VALUES 
(20211312,'علاوات مضمومه غير خاضعه',101250,1)
,(20211313,'notSubjectSalRaise',101250,3)
,(20211314,'أخرى غير خاضعه',101251,1)
,(20211315,'otherNotSubject',101251,3)
,(20211316,'أساس ثابت ضريبه',101252,1)
,(20211317,'basicInsurance',101252,3)
,(20211318,'أجر الساعة',101253,1)
,(20211319,'hourPrice',101253,3)
,(20211320,'يحصل على علاوات الحكومة',101254,1)
,(20211321,'hasGovSalRaise',101254,3)
;
INSERT INTO I18N_MESSAGE (ID,MESSAGE,KEY_ID,MYLOCALE) VALUES 
(20211322,'تعيين جديد',101255,1)
,(20211323,'newlyHired',101255,3)
,(20211324,'لا يشترك في المتغير',101256,1)
,(20211325,'noVariableInsurance',101256,3)
,(20211326,'يعمل نصف وقت',101257,1)
,(20211327,'halftime',101257,3)
,(20211328,'يظهر في التقرير',101258,1)
,(20211329,'displayFlag',101257,3)
,(20211330,'يطبق عليه الإضافي',101259,1)
,(20211331,'overtime',101257,3)
;
INSERT INTO I18N_MESSAGE (ID,MESSAGE,KEY_ID,MYLOCALE) VALUES 
(20211332,'أجر شامل لاحتساب المفردات',101260,1)
,(20211333,'totalsalary',101260,3)
,(20211334,'صافي الدخل لاحتساب الضرائب',101261,1)
,(20211335,'netsal',101257,3)
,(20211336,'أجر تعاقدي لا يتغير',101262,1)
,(20211337,'contractsalary',101257,3)
,(20211338,'عدد أيام العمل خلال الشهر',101263,1)
,(20211339,'workingdays',101257,3)
,(20211340,'عدد ساعات العمل اليومي',101264,1)
,(20211341,'workinghours',101264,3)
;
INSERT INTO I18N_MESSAGE (ID,MESSAGE,KEY_ID,MYLOCALE) VALUES 
(20211342,'عدد ساعات العمل الشهري',101265,1)
,(20211343,'totalNoHours',101265,3)
,(20211344,'الخزينه أو البنك',101266,1)
,(20211345,'casher',101266,3)
,(20211346,'المنطقة',101267,1)
,(20211347,'region',101267,3)
,(20211348,'الإداره',101268,1)
,(20211349,'location',101268,3)
,(20211350,'الدرجه',101269,1)
,(20211351,'degree',101269,3)
;
INSERT INTO I18N_MESSAGE (ID,MESSAGE,KEY_ID,MYLOCALE) VALUES 
(20211352,'مباشر',101270,1)
,(20211353,'members',101270,3)
,(20211354,'الإدارة العامة',101271,1)
,(20211355,'sector',101271,3)
,(20211356,'الوظيفة',101272,1)
,(20211357,'job',101272,3)
,(20211358,'النقابة',101273,1)
,(20211359,'syndicate',101273,3)
,(20211360,'المنطقة',101274,1)
,(20211361,'region',101274,3)
;
INSERT INTO I18N_MESSAGE (ID,MESSAGE,KEY_ID,MYLOCALE) VALUES 
(20211362,'ملاحظات',101275,1)
,(20211363,'remark',101275,3)
,(20211364,'أكواد العاملين',101276,1)
,(20211365,'employeesCodes',101276,3)
,(20211366,'تعريف تأمينات العاملين الاجتماعية',101277,1)
,(20211367,'aInsuranceCalaForm',101277,3)
,(20211368,'أكواد الاستقطاعات',101278,1)
,(20211369,'installsView',101278,3)
,(20211484,'تغيير كلمة المرور',101336,1)
,(20211485,'changePassword',101336,3)
;
INSERT INTO I18N_MESSAGE (ID,MESSAGE,KEY_ID,MYLOCALE) VALUES 
(20211486,'تم حفظ البيانات بنجاح',101337,1)
,(20211487,'saveSuccess',101337,3)
,(20211488,'كلمة المرور خطأ',101338,1)
,(20211489,'wrongpass',101338,3)
,(20211490,'كلمة المرور الحالية',101339,1)
,(20211491,'currentPassword',101339,3)
,(20211492,'كلمة المرور الجديدة',101340,1)
,(20211493,'newPassword',101340,3)
,(20211494,'رصيد الأجازات',101341,1)
,(20211495,'getVacCredit',101341,3)
;
INSERT INTO I18N_MESSAGE (ID,MESSAGE,KEY_ID,MYLOCALE) VALUES 
(20211496,'إلى كود',101342,1)
,(20211497,'codeTo',101342,3)
,(20211498,'من كود',101343,1)
,(20211499,'codeFrom',101343,3)
,(20211500,'عرض طلبات الموظفين',101344,1)
,(20211501,'allReports',101344,3)
,(20211502,'إلغاء الموافقه',101345,1)
,(20211503,'cancelApproval',101345,3)
,(20211504,'موقف الطلب',101346,1)
,(20211505,'requestStatus',101346,3)
;
INSERT INTO I18N_MESSAGE (ID,MESSAGE,KEY_ID,MYLOCALE) VALUES 
(20211506,'مدة الأجازه',101347,1)
,(20211507,'vacPeriod',101347,3)
,(20211508,'تم الحذف بنجاح',101348,1)
,(20211509,'deleteSuccess',101348,3)
,(20211510,'اليوم',101349,1)
,(20211511,'date',101349,3)
,(20211512,'تقرير الحضور والانصراف',101350,1)
,(20211513,'timeAttendanceReport',101350,3)
,(20211514,'حضور',101351,1)
,(20211515,'date',101351,3)
;
INSERT INTO I18N_MESSAGE (ID,MESSAGE,KEY_ID,MYLOCALE) VALUES 
(20211516,'انصراف',101352,1)
,(20211517,'out',101352,3)
,(20211518,'إجمالي الأجازات',101353,1)
,(20211519,'totalBalance',101353,3)
,(20211520,'تقرير الأجازات',101354,1)
,(20211521,'totalBalance',101354,3)
,(20211522,'في تاريخ',101355,1)
,(20211523,'inDate',101355,3)
,(20211524,'إعدادات الأجازه السنويه',101356,1)
,(20211525,'annualVacLimitSetting',101356,3)
;
INSERT INTO I18N_MESSAGE (ID,MESSAGE,KEY_ID,MYLOCALE) VALUES 
(20211526,'الإعدادات',101357,1)
,(20211527,'settings',101357,3)
,(20211528,'اقل مدة التي يجب تقديم الطلب خلالها  بالايام',101358,1)
,(20211529,'vacLimit',101358,3)
,(20211530,'يجب تقديم الأجازه قبل القيام بها على الأقل بيومين',101359,1)
,(20211531,'vacLimitMoreDays',101359,3)
,(20211532,'يجب تقديم الأجازه قبل القيام بها على الأقل بيوم',101360,1)
,(20211533,'vacLimitOneDay',101360,3)
,(20211534,'يجب إدخال الملاحظه في المأموريه',101361,1)
,(20211535,'vacLimitOneDay',101361,3)
;
INSERT INTO I18N_MESSAGE (ID,MESSAGE,KEY_ID,MYLOCALE) VALUES 
(20211536,'تقرير رصيد الأجازات',101362,1)
,(20211537,'annualVacationBalance2',101362,3)
,(20211538,'مساعده',101363,1)
,(20211539,'help',101363,3)
,(20211540,'اللائحه الداخليه للشركه',101364,1)
,(20211541,'CompanyRules',101364,3)
,(20211542,'يجب تقديم الأجازه قبل القيام بها ب',101365,1)
,(20211543,'vacLimit',101365,3)
,(20211544,'يوم',101366,1)
,(20211545,'day',101366,3)
;
INSERT INTO I18N_MESSAGE (ID,MESSAGE,KEY_ID,MYLOCALE) VALUES 
(20211546,'مشكله في الأجازه السنويه',101367,1)
,(20211547,'vacLimitProblem',101367,3)
,(20211548,'ربع يوم',101368,1)
,(20211549,'quarDay',101368,3)
,(20211550,'نصف يوم',101369,1)
,(20211551,'halfDay',101369,3)
,(20211552,'وقت الطلب',101370,1)
,(20211553,'leaveTime',101370,3)
,(20211554,'بداية الورديه',101371,1)
,(20211555,'leaveTimeStart',101371,3)
;
INSERT INTO I18N_MESSAGE (ID,MESSAGE,KEY_ID,MYLOCALE) VALUES 
(20211556,'نهاية الورديه',101372,1)
,(20211557,'leaveTimeEnd',101372,3)
,(20211558,'اجازه ربع يوم, مدة الطلب يجب ان تكون ساعتين فقط',101373,1)
,(20211559,'quarDay',101373,3)
,(20211560,'اجازه نصف يوم, مدة الطلب يجب ان تكون 4 ساعات على الأكثر',101374,1)
,(20211561,'halfDay',101374,3)
,(20211562,'أجازه بدون أجر, مدة الطلب يجب ألا تقل عن ساعتين',101375,1)
,(20211563,'notQuarNorHalf',101375,3)
,(20211564,'طلب توقيع حضور او انصراف',101376,1)
,(20211565,'AttendanceRequest',101376,3)
;
INSERT INTO I18N_MESSAGE (ID,MESSAGE,KEY_ID,MYLOCALE) VALUES 
(20211566,'سبب عدم التوقيع',101377,1)
,(20211567,'requestReason',101377,3)
,(20211568,'طلبات الحضور والانصراف',101378,1)
,(20211569,'attendanceRequestsReports',101378,3)
,(20211570,'المده بالأيام',101379,1)
,(20211571,'reqPeriod',101379,3)
,(20211572,'الموافقه على طلبات الحضور والانصراف',101380,1)
,(20211573,'attendanceRequestsApprovalForm',101380,3)
,(20211574,'يجب إدخال المده بالأيام',101381,1)
,(20211575,'nullRequestDatesPeriod',101381,3)
;
INSERT INTO I18N_MESSAGE (ID,MESSAGE,KEY_ID,MYLOCALE) VALUES 
(20211576,'تم تحديد الأولويه لهذا الموظف من قبل',101382,1)
,(20211577,'doneBefore',101382,3)
,(20211583,'normal',101385,3)
,(20211578,'عدد الساعات الكلي',101383,1)
,(20211579,'netTotalTime',101383,3)
,(20211580,'عدد الساعات',101384,1)
,(20211581,'netTime',101384,3)
,(20211582,'إذن عادي',101385,1)
,(1230,'أخر تاريخ',1751,1)
,(1231,'Last Date',1751,3)
;
INSERT INTO I18N_MESSAGE (ID,MESSAGE,KEY_ID,MYLOCALE) VALUES 
(1232,'أخر توقيت',1752,1)
,(1233,'Last Time',1752,3)
,(1234,'خلال اليوم الواحد',1753,1)
,(1235,'Through One Day',1753,3)
,(1236,'بصفة مستمرة',1754,1)
,(1237,'Continually',1754,3)
,(1238,'أكواد الورديات',1755,1)
,(1239,'WorkPeriods Codes',1755,3)
,(1240,'إضافة/تعديل وردية',1756,1)
,(1241,'Add/Edit WorkPeriod',1756,3)
;
INSERT INTO I18N_MESSAGE (ID,MESSAGE,KEY_ID,MYLOCALE) VALUES 
(1242,'كود الوردية',1757,1)
,(1243,'WorkPeriod Code',1757,3)
,(1244,'مجموعات العمل',1758,1)
,(1245,'Working Groups',1758,3)
,(1246,'خطط المجموعة',1759,1)
,(1247,'Group Plans',1759,3)
,(1248,'إضافة/تعديل مجموعات العمل',1760,1)
,(1249,'Add/Edit Working Groups',1760,3)
,(1250,'كود المجموعة',1761,1)
,(1251,'Group Code',1761,3)
;
INSERT INTO I18N_MESSAGE (ID,MESSAGE,KEY_ID,MYLOCALE) VALUES 
(1252,'عدد أيام الخطة',1762,1)
,(1253,'Paln Days Number',1762,3)
,(1254,'عدد الورديات فى اليوم الواحد',1763,1)
,(1255,'NUmber of Periods per Day',1763,3)
,(1256,'مرتبط بأيام الاسبوع',1764,1)
,(1257,'Linked to The Week Days',1764,3)
,(1258,'مجموعات العمل',1765,1)
,(1259,'Work Groups',1765,3)
,(1260,'خطط المجموعة',1766,1)
,(1261,'Group Plans',1766,3)
;
INSERT INTO I18N_MESSAGE (ID,MESSAGE,KEY_ID,MYLOCALE) VALUES 
(1262,'إضافة/تعديل خطط المجموعة',1767,1)
,(1263,'Add/Edit Group Plans',1767,3)
,(1264,'كود الخطة',1768,1)
,(1265,'Plan Code',1768,3)
,(1266,'الوردية',1769,1)
,(1267,'Work Period',1769,3)
,(1268,'ترتيب',1770,1)
,(1269,'Rank',1770,3)
,(1270,'ربط المخالفات بمدة التأخير',1771,1)
,(1271,'Violations with Duration Delay Link',1771,3)
;
INSERT INTO I18N_MESSAGE (ID,MESSAGE,KEY_ID,MYLOCALE) VALUES 
(1272,'إضافة/تعديل مدة المخالفة',1772,1)
,(1273,'Add/Edit Violations Delay Duration',1772,3)
,(1274,'المخالفة',1773,1)
,(1275,'Violation',1773,3)
,(1276,'ربط المخالفات بمدة الإنصراف المبكر',1774,1)
,(1277,'Violations with Going Early Link',1774,3)
,(1278,'برنامج الحضور والإنصراف',1775,1)
,(1279,'Attendance',1775,3)
,(1502,'تسجيل دخول وخروج موظف',881,1)
,(1503,'Time Sheet Attendance',881,3)
;
INSERT INTO I18N_MESSAGE (ID,MESSAGE,KEY_ID,MYLOCALE) VALUES 
(1504,'تسجيل دخول وخروج موظف',882,1)
,(1505,'Time Sheet Attendance',882,3)
,(1506,'القراءة من ملف إكسل',883,1)
,(1507,'Reading Excel Sheet',883,3)
,(1508,'قراءة البيانات',884,1)
,(1509,'Reading Data',884,3)
,(1510,'خلق ملف لتسجيل الدخول والخروج',885,1)
,(1511,'Generate Attendance Sheet',885,3)
,(1512,'قراءة البيانات من الساعة',886,1)
,(1513,'Reading Data From Clock',886,3)
;
INSERT INTO I18N_MESSAGE (ID,MESSAGE,KEY_ID,MYLOCALE) VALUES 
(1514,'قراءة البيانات من الساعة',887,1)
,(1515,'Reading Data From Clock',887,3)
,(1516,'مواصفات الساعة',888,1)
,(1517,'Clock Descriptions',888,3)
,(1518,'مراجعة دخول وخروج موظف',889,1)
,(1519,'Observing Employee`s IN & OUT',889,3)
,(1520,'مراجعة دخول وخروج موظف',890,1)
,(1521,'Observing Employee`s IN & OUT',890,3)
,(1522,'نوع الحركة',891,1)
,(1523,'Transaction Type',891,3)
;
INSERT INTO I18N_MESSAGE (ID,MESSAGE,KEY_ID,MYLOCALE) VALUES 
(1524,'دخول',892,1)
,(1525,'IN',892,3)
,(1526,'خروج',893,1)
,(1527,'OUT',893,3)
,(1528,'إضافة موظف',894,1)
,(1529,'Add Employee',894,3)
,(1619,'Add/Edit Employee Qualification',758,3)
,(1682,'يجب أدخال نوع الطرف',789,1)
,(1683,'Required Destination Type',789,3)
,(1684,'الثلاجات',790,1)
;
INSERT INTO I18N_MESSAGE (ID,MESSAGE,KEY_ID,MYLOCALE) VALUES 
(1685,'Refrigerators',790,3)
,(1686,'الثلاجات',791,1)
,(1687,'Refrigerators',791,3)
,(1688,'الغرف',792,1)
,(1689,'Rooms',792,3)
,(1690,'الغرف',793,1)
,(1691,'Rooms',793,3)
,(1692,'إضافة / تعديل غرفة',794,1)
,(1693,'Add / Edit Room',794,3)
,(1694,'الحركات',795,1)
;
INSERT INTO I18N_MESSAGE (ID,MESSAGE,KEY_ID,MYLOCALE) VALUES 
(1695,'Transactions',795,3)
,(1696,'الحركات',797,1)
,(1697,'Transactions',797,3)
,(1698,'مواصفات الحركة',798,1)
,(1699,'Transaction Defination',798,3)
,(1700,'إضافة / تعديل ثلاجة',799,1)
,(1701,'Add / Edit Refrigerator',799,3)
,(1702,'اختار البرنامج',800,1)
,(1703,'Chose Module',800,3)
,(1704,'اسم البرنامج',803,1)
;
INSERT INTO I18N_MESSAGE (ID,MESSAGE,KEY_ID,MYLOCALE) VALUES 
(1705,'Module Name',803,3)
,(1706,'برنامج الثلاجات',804,1)
,(1707,'Refrigerator Module',804,3)
,(1708,'برنامج المخازن',805,1)
,(1709,'Store Module',805,3)
,(1710,'دخول',806,1)
,(1711,'Enter',806,3)
,(1712,'المواصفات',807,1)
,(1713,'Configurations',807,3)
,(1742,'عدم عرض كميات',822,1)
;
INSERT INTO I18N_MESSAGE (ID,MESSAGE,KEY_ID,MYLOCALE) VALUES 
(1743,'Do Not Display',822,3)
,(1744,'تطابق الكميات',823,1)
,(1745,'Exact Quantities',823,3)
,(1746,'عدم تعديل الأصناف',824,1)
,(1747,'Not to Modify Items',824,3)
,(1748,'يعتمد علي مستند واحد',825,1)
,(1749,'Only One Dependence Document',825,3)
,(1750,'أكثر من الكمية الأصلية',826,1)
,(1751,'Over Quantity',826,3)
,(1752,'إضافة أصناف',827,1)
;
INSERT INTO I18N_MESSAGE (ID,MESSAGE,KEY_ID,MYLOCALE) VALUES 
(1532,'المستوى',523,1)
,(1530,'ترتيب فروع',522,1)
,(20113,'وصف إضافي',975,1)
,(20114,'Additional Description',975,1)
,(2095,'البيانات العائليه',976,1)
,(2096,'Kinship Data',976,1)
,(2097,'البيانات العائليه',977,1)
,(2098,'Kinship Data',977,1)
,(2099,'إضافة /تعديل بيان عائلى',978,1)
,(20100,'Add/Edit Kinship Data',978,1)
;
INSERT INTO I18N_MESSAGE (ID,MESSAGE,KEY_ID,MYLOCALE) VALUES 
(20101,'لم يتم إختيار موظف',979,1)
,(20102,'No Employee Selected',979,1)
,(20103,'تاريخ الإرتباط',980,1)
,(20104,'Relationship  Date',980,1)
,(20105,'صفة القرابه',981,1)
,(20106,'Kinship Type',981,1)
,(20107,'حالة الموظف',982,1)
,(20108,'Employee Status',982,1)
,(20109,'حالة الموظف',983,1)
,(20110,'Employee Status',983,1)
;
INSERT INTO I18N_MESSAGE (ID,MESSAGE,KEY_ID,MYLOCALE) VALUES 
(20111,'حالة الموظف',984,1)
,(20112,'Employee Status',984,1)
,(202116,'إضافه لرصيد الأجازات',10152,1)
,(202117,'Employee Vacation Increase',10152,1)
,(202118,'إنقاص لرصيد الأجازات',10153,1)
,(202119,'Employee Vacation Decrease',10153,1)
,(202120,'إدخال إضافه لرصيد الأجازات',10154,1)
,(202121,'Employee Vacation Increase For Employee',10154,1)
,(202122,'إدخال إنقاص لرصيد الأجازات',10155,1)
,(202123,'Employee Vacation Decrease For Employee',10155,1)
;
INSERT INTO I18N_MESSAGE (ID,MESSAGE,KEY_ID,MYLOCALE) VALUES 
(202124,'إضافه لرصيد الأجازات',10156,1)
,(202125,'Employee Vacation Increase',10156,1)
,(202126,'إنقاص لرصيد الأجازات',10157,1)
,(202127,'Employee Vacation Decrease',10157,1)
,(202128,'عدد الأيام',10158,1)
,(202129,'Days',10158,1)
,(202130,'السبب',10159,1)
,(202131,'Reason',10159,1)
,(202132,'المأموريات',10160,1)
,(202133,'Errands',10160,1)
;
INSERT INTO I18N_MESSAGE (ID,MESSAGE,KEY_ID,MYLOCALE) VALUES 
(202134,'المأموريات',10161,1)
,(202135,'Errands',10161,1)
,(202136,'إدخال مأموريات للموظف',10162,1)
,(202137,'Add Employee Errands',10162,1)
,(202138,'الأجازات الخاصه',10163,1)
,(202139,'Special Vacations',10163,1)
,(202140,'الأجازات الخاصه',10164,1)
,(202141,'Special Vacations',10164,1)
,(202142,'إدخال أجازات خاصه للموظف',10165,1)
,(202143,'Add Employee Special Vacations',10165,1)
;
INSERT INTO I18N_MESSAGE (ID,MESSAGE,KEY_ID,MYLOCALE) VALUES 
(202144,'ملاحظات',10166,1)
,(202145,'Observations',10166,1)
,(202146,'أكواد النقابات',10167,1)
,(202147,'Syndicate Codes',10167,1)
,(202148,'أكواد النقابات',10168,1)
,(202149,'Syndicate Codes',10168,1)
,(202150,'إضافة/ تعديل نقابه',10169,1)
,(202151,'Add/Edit Syndicate',10169,1)
,(202152,'أكواد النقابات',10170,1)
,(202153,'Syndicate Codes',10170,1)
;
INSERT INTO I18N_MESSAGE (ID,MESSAGE,KEY_ID,MYLOCALE) VALUES 
(202154,'أكواد النقابات',10171,1)
,(202155,'Syndicate Codes',10171,1)
,(202156,'إضافة/تعديل نقابه',10172,1)
,(202157,'Add Syndicate',10172,1)
,(202158,'أكواد الإضافي',10173,1)
,(202159,'Additional Codes',10173,1)
,(202160,'أكواد الإضافي',10174,1)
,(202161,'Additional Codes',10174,1)
,(202162,'مطبق',10175,1)
,(202163,'Applied',10175,1)
;
INSERT INTO I18N_MESSAGE (ID,MESSAGE,KEY_ID,MYLOCALE) VALUES 
(202164,'كل ساعه',10176,1)
,(202165,'Every Hour',10176,1)
,(202166,'كل يوم',10177,1)
,(202167,'Every Day',10177,1)
,(202168,'طريقة حساب الإضافي',10178,1)
,(202169,'Additional Calculation Way',10178,1)
,(202170,'نهاري',10179,1)
,(202171,'During Day',10179,1)
,(202172,'ليلي',10180,1)
,(202173,'Night',10180,1)
;
INSERT INTO I18N_MESSAGE (ID,MESSAGE,KEY_ID,MYLOCALE) VALUES 
(202174,'عطله',10181,1)
,(202175,'Vacation',10181,1)
,(202176,'بداية إحتساب الإضافي',10182,1)
,(202177,'Additional Calculation Begin',10182,1)
,(202178,'الحد الأقصى',10183,1)
,(202179,'Max Value',10183,1)
,(202180,'من',10184,1)
,(202181,'From',10184,1)
,(202182,'إلى',10185,1)
,(202183,'To',10185,1)
;
INSERT INTO I18N_MESSAGE (ID,MESSAGE,KEY_ID,MYLOCALE) VALUES 
(202184,'أكواد الخزن والبنوك',10186,1)
,(202185,'Treasury and Bank Codes',10186,1)
,(202186,'أكواد الخزن والبنوك',10187,1)
,(202187,'Treasury and Bank Codes',10187,1)
,(202188,NULL,10188,1)
,(202189,'Type',10188,1)
,(202190,'مراكز التكلفه',10189,1)
,(202191,'Cost Centers',10189,1)
,(202192,'مركز التكلفه',10190,1)
,(202193,'Cost Center',10190,1)
;
INSERT INTO I18N_MESSAGE (ID,MESSAGE,KEY_ID,MYLOCALE) VALUES 
(202194,'مركز تكلفه إضافي',10191,1)
,(202195,'Another Cost Center',10191,1)
,(202196,'بنك',10192,1)
,(202197,'Bank',10192,1)
,(202198,'خزنه',10193,1)
,(202199,'Treasury',10193,1)
,(20211102,'أرصدة الغياب المرضي عند التنصيب',101145,1)
,(20211103,'Employee previous illness',101145,1)
,(20211104,'أرصدة الغياب المرضي عند التنصيب',101146,1)
,(20211105,'Employee previous illness',101146,1)
;
INSERT INTO I18N_MESSAGE (ID,MESSAGE,KEY_ID,MYLOCALE) VALUES 
(20211106,'نسبة الأجر طبقا لأيام الغياب لمرضي',101147,1)
,(20211107,'Illness Levels',101147,1)
,(20211108,'نسبة الأجر طبقا لأيام الغياب المرضي',101148,1)
,(20211109,'Illness Levels',101148,1)
,(20211110,'أكواد المفردات',101149,1)
,(20211111,'Effect Codes',101149,1)
,(20211112,'أكواد المفردات',101150,1)
,(20211113,'Effect Codes',101150,1)
,(20211114,'معادلة حساب قيمة المفرد',101151,1)
,(20211115,'Effect Equation',101151,1)
;
INSERT INTO I18N_MESSAGE (ID,MESSAGE,KEY_ID,MYLOCALE) VALUES 
(20211116,'الإعفاء الضريبي السنوي',101152,1)
,(20211117,'Annual discount tax',101152,1)
,(20211118,'القيمه',101153,1)
,(20211119,'Round value',101153,1)
,(20211120,'الإتجاه',101154,1)
,(20211121,'Round Type',101154,1)
,(20211122,'التقريب',101155,1)
,(20211123,'Rounding',101155,1)
,(20211124,'قيمة حساب المفرد',101156,1)
,(20211125,'Default value',101156,1)
;
INSERT INTO I18N_MESSAGE (ID,MESSAGE,KEY_ID,MYLOCALE) VALUES 
(20211126,'لايضاف للأجر',101157,1)
,(20211127,'Not added to wage',101157,1)
,(20211128,'ترتيب الحساب',101158,1)
,(20211129,'Apply order',101158,1)
,(20211130,'طريقة تطبيق المفرد',101159,1)
,(20211131,'Effect apply type',101159,1)
,(20211132,'يؤثر في المرضي',101160,1)
,(20211133,'Affect Illness',101160,1)
,(20211134,'يصرف للمبتدئين',101161,1)
,(20211135,'Pay for beginner',101161,1)
;
INSERT INTO I18N_MESSAGE (ID,MESSAGE,KEY_ID,MYLOCALE) VALUES 
(20211136,'يضاف لصافي الدخل',101162,1)
,(20211137,'Added to net income',101162,1)
,(20211138,'يضاف للأجر الشامل',101163,1)
,(20211139,'Added to whole payment',101163,1)
,(20211140,'ترتيب العرض',101164,1)
,(20211141,'View order',101164,1)
,(20211142,'المجموعه',101165,1)
,(20211143,'Group',101165,1)
,(20211144,'تأثير أيام الغياب',101166,1)
,(20211145,'Effect of absence days',101166,1)
;
INSERT INTO I18N_MESSAGE (ID,MESSAGE,KEY_ID,MYLOCALE) VALUES 
(20211146,'الدمغه',101167,1)
,(20211147,'Hallmark',101167,1)
,(20211148,'التأمينات',101168,1)
,(20211149,'Insurance',101168,1)
,(20211150,'الضريبه',101169,1)
,(20211151,'Tax',101169,1)
,(20211152,'يؤثر في',101170,1)
,(20211153,'Affects in',101170,1)
,(20211154,'طبيعة المفرد',101171,1)
,(20211155,'Effect nature',101171,1)
;
INSERT INTO I18N_MESSAGE (ID,MESSAGE,KEY_ID,MYLOCALE) VALUES 
(20211156,'محمي من تعديل التطبيق',101172,1)
,(20211157,'Secured from application edit',101172,1)
,(20211158,'أساس الحسبه',101173,1)
,(20211159,'Effect rule',101173,1)
,(20211160,'نسبة من الأجر',101174,1)
,(20211161,'Ratio From Payment',101174,1)
,(20211162,'نسبة من المتغير',101175,1)
,(20211163,'Ratio From Changable',101175,1)
,(20211164,'الإسم المختصر',101176,1)
,(20211165,'Short Name',101176,1)
;
INSERT INTO I18N_MESSAGE (ID,MESSAGE,KEY_ID,MYLOCALE) VALUES 
(20211166,'الرقم التأميني',101177,1)
,(20211167,'Insurance Number',101177,1)
,(20211168,'تاريخ الإشتراك',101178,1)
,(20211169,'Subscription Date',101178,1)
,(20211170,'أضف قبل',101179,1)
,(20211171,'Add row before',101179,1)
,(20211172,'أضف بعد',101180,1)
,(20211173,'Add row before',101180,1)
,(20211174,'رقم',101181,1)
,(20211175,'Number',101181,1)
;
INSERT INTO I18N_MESSAGE (ID,MESSAGE,KEY_ID,MYLOCALE) VALUES 
(20211176,'علامه',101182,1)
,(20211177,'Sign',101182,1)
,(20211186,'قيمة العلاوة السنوية',101187,1)
,(20211187,'Annual Raise Value',101187,3)
,(20211188,'يطبق عليه الإضافي',101188,1)
,(20211189,'Apply Overtime',101188,3)
,(20211190,'النوع',101189,1)
,(20211191,'Type',101189,3)
,(20211192,'إضافة/تعديل بنك',101190,1)
,(20211193,'Add/Edit Bank',101190,3)
;
INSERT INTO I18N_MESSAGE (ID,MESSAGE,KEY_ID,MYLOCALE) VALUES 
(20211194,'إضافة/تعديل تأمين',101191,1)
,(20211195,'Add/Edit Insurance',101191,3)
,(20211196,'إضافة/تعديل مفردة',101192,1)
,(20211197,'Add/Edit Salary Part',101192,3)
,(20211202,'حد الإعفاء السنوي',101195,1)
,(20211203,'Anual Marg',101195,3)
,(20211204,'حد الإعفاء',101196,1)
,(20211205,'Exemption Limit',101196,3)
,(20211206,'إضافة/تعديل مفردة خاصة',101197,1)
,(20211207,'Add/Edit special salary part',101197,3)
;
INSERT INTO I18N_MESSAGE (ID,MESSAGE,KEY_ID,MYLOCALE) VALUES 
(20211293,'tax',101240,3)
,(20211238,'الخصم',101213,1)
,(20211239,'disc',101213,3)
,(20211240,'دقيقة',101214,1)
,(20211241,'minute',101214,3)
,(20211242,'ساعة',101215,1)
,(20211243,'hour',101215,3)
,(20211244,'يوم',101216,1)
,(20211245,'day',101216,3)
,(20211246,'إضافة/تعديل خصم',101217,1)
;
INSERT INTO I18N_MESSAGE (ID,MESSAGE,KEY_ID,MYLOCALE) VALUES 
(20211247,'Add/Edit Disc',101217,3)
,(20211248,'نوع المفردة',101218,1)
,(20211249,'displayed_flag',101218,3)
,(20211250,'موظف 4S',101219,1)
,(20211251,'4s employee',101219,3)
,(20211252,'مستخدم عادي',101220,1)
,(20211253,'normal_user',101220,3)
,(20211254,'الاسم',101221,1)
,(20211255,'name',101221,3)
,(20211292,'الضريبه الخاضع لها',101240,1)
;
INSERT INTO I18N_MESSAGE (ID,MESSAGE,KEY_ID,MYLOCALE) VALUES 
(20195,'أرصدة الأجازات عند التنصيب',1041,1)
,(20196,'Vacations balance at Installation',1041,1)
,(20197,'أرصدة الأجازات عند التنصيب',1042,1)
,(20198,'Vacations balance at Installation',1042,1)
,(20199,'الأجازه',1043,1)
,(20200,'Vacation',1043,1)
,(20201,'الرصيد',1044,1)
,(20202,'Balance',1044,1)
,(20203,'أكواد المخالفات',1045,1)
,(20204,'Violations Codes',1045,1)
;
INSERT INTO I18N_MESSAGE (ID,MESSAGE,KEY_ID,MYLOCALE) VALUES 
(20205,'أكواد المخالفات',1046,1)
,(20206,'Violations Codes',1046,1)
,(20207,'إضافة/تعديل مخالفه',1047,1)
,(20208,'Add/Edit Violation',1047,1)
,(20209,'سبب المخالفه',1048,1)
,(20210,'Violation Reason',1048,1)
,(20211,'أساس الحسبه',10100,1)
,(20212,'Calculation Method',10100,1)
,(20213,'المخالفه الإفتراضيه لسبب المخالفه',10101,1)
,(20214,'Default violation for violation reason',10101,1)
;
INSERT INTO I18N_MESSAGE (ID,MESSAGE,KEY_ID,MYLOCALE) VALUES 
(20276,'عدد شهور الخصم',10132,1)
,(20277,'Discount months',10132,1)
,(20278,'تاريخ محو الجزاء',10133,1)
,(20279,'Penalty remove date',10133,1)
,(20280,'مؤكد',10134,1)
,(20281,'Confirmed',10134,1)
,(20282,'الجزاء',10135,1)
,(20283,'Penalty',10135,1)
,(20284,'تاريخ القرار',10136,1)
,(20285,'Decision Date',10136,1)
;
INSERT INTO I18N_MESSAGE (ID,MESSAGE,KEY_ID,MYLOCALE) VALUES 
(20286,'رقم القرار',10137,1)
,(20287,'Decision number',10137,1)
,(20288,'رقم الإتهام',10138,1)
,(20289,'Accusation number',10138,1)
,(20290,'ملخص الإتهام',10139,1)
,(20291,'Accusation summary',10139,1)
,(20292,'تاريخ الإتهام',10140,1)
,(20293,'Accusation date',10140,1)
,(20294,'تاريخ التنفيذ',10141,1)
,(20295,'Execution date',10141,1)
;
INSERT INTO I18N_MESSAGE (ID,MESSAGE,KEY_ID,MYLOCALE) VALUES 
(20296,'التصرف النهائي',10142,1)
,(20297,'Final action',10142,1)
,(20298,'رقم محضر الشرطه',10143,1)
,(20299,'Police minutes number',10143,1)
,(202100,'الحكم',10144,1)
,(202101,'Judge',10144,1)
,(202102,'الإتهامات',10145,1)
,(202103,'ِAccusations',10145,1)
,(202104,' إدخال الإتهامات للموظف',10146,1)
,(202105,'ِEmployee Accusations',10146,1)
;
INSERT INTO I18N_MESSAGE (ID,MESSAGE,KEY_ID,MYLOCALE) VALUES 
(202106,'إضافة/تعديل إتهامات للموظف',10147,1)
,(202107,'Add/Edit  Employee Accusation',10147,1)
,(202108,'الأجازات الدوريه',10148,1)
,(202109,'Periodic vacations',10148,1)
,(202110,'الأجازات الدوريه',10149,1)
,(202111,'Periodic vacations',10149,1)
,(202112,'إدخال الأجازات الدوريه للموظف',10150,1)
,(202113,'Periodic vacations for employee',10150,1)
,(202114,'المستهلك',10151,1)
,(202115,'Consumed',10151,1)
;
INSERT INTO I18N_MESSAGE (ID,MESSAGE,KEY_ID,MYLOCALE) VALUES 
(2021100,'تفضيلات النظام',10194,1)
,(2021101,'System Preferences',10194,1)
,(2021102,'تفضيلات النظام',10195,1)
,(2021103,'System Preferences',10195,1)
,(2021188,'الكود',10196,1)
,(2021189,'Code',10196,1)
,(2021104,'الخاصيه',10197,1)
,(2021105,'Property',10197,1)
,(2021106,'الإختيار',10198,1)
,(2021107,'Choice',10198,1)
;
INSERT INTO I18N_MESSAGE (ID,MESSAGE,KEY_ID,MYLOCALE) VALUES 
(2021108,'تفضيلات المستخدم',10199,1)
,(2021109,'User Preferences',10199,1)
,(2021110,'تفضيلات المستخدم',101100,1)
,(2021111,'User Preferences',101100,1)
,(2021112,'تفضيلات التشغيل',101101,1)
,(2021113,'Operating Preferences',101101,1)
,(2021114,'تفضيلات المستخدم',101102,1)
,(2021115,'Operating Preferences',101102,1)
,(2021116,'تغيير أكواد الموظفين',101103,1)
,(2021117,'Change Employee Codes',101103,1)
;
INSERT INTO I18N_MESSAGE (ID,MESSAGE,KEY_ID,MYLOCALE) VALUES 
(2021118,'تغيير أكواد الموظفين',101104,1)
,(2021119,'Change Employee Codes',101104,1)
,(2021120,'كود الموظف من',101105,1)
,(2021121,'Employee Code From',101105,1)
,(2021122,'كود الموظف إلى',101106,1)
,(2021123,' Employee Code To',101106,1)
,(2021124,'الكود القديم',101107,1)
,(2021125,' Old Code ',101107,1)
,(2021126,'الكود الجديد',101108,1)
,(2021127,' New Code ',101108,1)
;
INSERT INTO I18N_MESSAGE (ID,MESSAGE,KEY_ID,MYLOCALE) VALUES 
(2021128,'إسم الموظف',101109,1)
,(2021129,' Employee Name ',101109,1)
,(2021130,'أكواد التأمينات',101110,1)
,(2021131,'Insurance Codes',101110,1)
,(2021132,'أكواد التأمينات',101111,1)
,(20211179,'year',101183,3)
,(2021134,'ثابت',101112,1)
,(2021135,'Fixed',101112,1)
,(2021136,'متغير',101113,1)
,(20211262,'الكود التأميني',101225,1)
;
INSERT INTO I18N_MESSAGE (ID,MESSAGE,KEY_ID,MYLOCALE) VALUES 
(2021138,'قيمة الحد الأدنى',101114,1)
,(2021139,'Minimum Value',101114,1)
,(2021140,'نسبة الشركه',101115,1)
,(2021141,'Company Ratio ',10115,1)
,(2021142,'نسبة الموظف',101116,1)
,(2021143,'Employee Ratio',101116,1)
,(2021144,'أكواد الجهات',101117,1)
,(2021145,'Organization Codes',10117,1)
,(2021146,'أكواد الجهات',101118,1)
,(2021147,'Organization Codes',10118,1)
;
INSERT INTO I18N_MESSAGE (ID,MESSAGE,KEY_ID,MYLOCALE) VALUES 
(2021148,'إضافة/تعديل جهة',101119,1)
,(2021149,'Add/Edit Organization',10119,1)
,(2021150,'إسم مختصر',101120,1)
,(2021151,'Short Name',10120,1)
,(2021152,'أكواد الدمغه',101121,1)
,(2021153,'Hallmark Codes',101121,1)
,(2021154,'أكواد الدمغه',101122,1)
,(2021155,'Hallmark Codes',101122,1)
,(2021156,'إضافة/تعديل دمغه',101123,1)
,(2021157,'Add/Edit Hallmark',101123,1)
;
INSERT INTO I18N_MESSAGE (ID,MESSAGE,KEY_ID,MYLOCALE) VALUES 
(2021158,'الشريحه',101124,1)
,(2021159,'Category',101124,1)
,(2021160,'النسبه',101125,1)
,(2021161,'Ratio',101125,1)
,(2021162,'الشريحه الأولى',101126,1)
,(2021163,'First Category',101126,1)
,(2021190,'الشريحه الثانيه',101127,1)
,(2021191,'Second Category',101127,1)
,(2021192,'الشريحه الثالثه',101128,1)
,(2021193,'Third Category',101128,1)
;
INSERT INTO I18N_MESSAGE (ID,MESSAGE,KEY_ID,MYLOCALE) VALUES 
(2021194,'الشريحه الرابعه',101129,1)
,(2021195,'Forth Category',101129,1)
,(2021196,'الشريحه الخامسه',101130,1)
,(2021197,'Fifth Category',101130,1)
,(2021198,'الشريحه السادسه',101131,1)
,(2021199,'Sixth Category',101131,1)
,(2021164,'يخصم من وعاء الدمغة حصة العامل من التامينات  على',101132,1)
,(2021165,'Deducted From Hallmark Eployee Part Of Insurance On',101132,1)
,(2021166,'أكواد الضرائب',101133,1)
,(2021167,'Tax Codes',101133,1)
;
INSERT INTO I18N_MESSAGE (ID,MESSAGE,KEY_ID,MYLOCALE) VALUES 
(2021168,'أكواد الضرائب',101134,1)
,(2021169,'Tax Codes',101134,1)
,(2021170,'إضافة/تعديل ضريبه',101135,1)
,(2021171,'Add/Edit Tax',101135,1)
,(2021172,'نسبة الإعفاء من الحصول على الإيرادات',101136,1)
,(2021173,'Discount Ratio From Obtaining Revenue',101136,1)
,(2021174,'الإعفاءات السنويه',101137,1)
,(2021175,'Annual Discount',101137,1)
,(2021176,'حد الإعفاء الشخصي',101138,1)
,(2021177,'Personal Discount Limit',101138,1)
;
INSERT INTO I18N_MESSAGE (ID,MESSAGE,KEY_ID,MYLOCALE) VALUES 
(2021178,'حد الإعفاء العائلي',101139,1)
,(2021179,'Family Discount Limit',101139,1)
,(2021180,'حدإعفاء المتزوج',101140,1)
,(2021181,'Married Discount Limit',101140,1)
,(2021182,'حد إعفاءالموظفين الضريبيه',101141,1)
,(2021183,'Employee Tax Discount Limit',101141,1)
,(2021184,'يتأثرالاعفاء العائلى بمده الخدمة خلال السنة ',101142,1)
,(2021185,'Service During Year Effects Family Discount',101142,1)
,(2021186,'الإعفاء',101143,1)
,(2021187,'Discount',101143,1)
;
INSERT INTO I18N_MESSAGE (ID,MESSAGE,KEY_ID,MYLOCALE) VALUES 
(20211178,'السنة',101183,1)
,(20211180,'تعديلات في العلاوات السنوية',101184,1)
,(20211181,'Edit Annual Raise',101184,3)
,(20211182,'العلاوة',101185,1)
,(20211183,'Raise',101185,3)
,(20211208,'أكواد مفردات النظام الخاصة',101198,1)
,(20211209,'4S Special Salary Parts View',101198,3)
,(20211210,'أكواد المفردات الخاصة',101199,1)
,(20211211,'Special Salary Parts View',101199,3)
,(20211212,'أكواد المفردات الخاصة',101200,1)
;
INSERT INTO I18N_MESSAGE (ID,MESSAGE,KEY_ID,MYLOCALE) VALUES 
(20211213,'specialSalaryPartsView',101200,3)
,(20211291,'groupBy',101239,3)
,(20211222,'إغلاق شهر من التعديل',101205,1)
,(20211223,'closeMonthForm',101205,3)
,(10330,'يجب ادخال ارقام فقط',5065,1)
,(10331,'You should enter numbers only',50565,3)
,(10332,'لا يمكن حذفه',5066,1)
,(10333,'Cannot be deleted',5066,3)
,(2178,'يتم الاعتماد عليه أكثر من مرة بالكميات',1032,1)
,(2179,'has dependency more than one by quantity',1032,3)
;
INSERT INTO I18N_MESSAGE (ID,MESSAGE,KEY_ID,MYLOCALE) VALUES 
(2180,'مواصفة الإتصال للتقارير',1035,1)
,(2181,'set report connection',1035,3)
,(2182,'إضافة/تعديل الإتصال للتقارير',1036,1)
,(2183,'add/edit report connection',1036,3)
,(2188,'مسار ملفات  للتقارير',1037,1)
,(2189,'path of files of report',1037,3)
,(2190,'مسار شعار الشركة',1038,1)
,(2191,'path of logo of report',1038,3)
,(2288,'عدد الأرقام العشرية لتوزيع الكميات',1224,1)
,(2289,'The number of decimal digits for the distribution of quantities',1224,3)
;
INSERT INTO I18N_MESSAGE (ID,MESSAGE,KEY_ID,MYLOCALE) VALUES 
(2290,'العقود',1225,1)
,(2291,'Contracts',1225,3)
,(2292,'الحركات',1226,1)
,(2293,'Transactions',1226,3)
,(2297,'إضافة/تعديل الفترات الزمنية',1227,1)
,(2298,'Add / Edit Begin Periods',1227,3)
,(2299,'الفترات',1228,1)
,(2300,'Periods',1228,3)
,(2301,'يجب ان تكون الطبالى من نوع واحد',1229,1)
,(2302,'Pallets must be of one type',1229,3)
;
INSERT INTO I18N_MESSAGE (ID,MESSAGE,KEY_ID,MYLOCALE) VALUES 
(2303,'عدد الطبالى المتوقع',1230,1)
,(2304,'expected palette number',1230,3)
,(2305,'أقصى عدد للطبالى',1231,1)
,(2306,'maximum number of palette',1231,3)
,(2307,'المستخدم',1232,1)
,(2308,'used size',1232,3)
,(2309,'الفارغ',1233,1)
,(2310,'empty size',1233,3)
,(2311,'رصيد الصنف',1234,1)
,(2312,'balance item',1234,3)
;
INSERT INTO I18N_MESSAGE (ID,MESSAGE,KEY_ID,MYLOCALE) VALUES 
(2313,'مشاهدة الفاتورة',1235,1)
,(2314,'view invoice',1235,3)
,(2315,'تاريخ من لإحدى الغرف أكبر من تاريخ العقد',1236,1)
,(2316,'Date from of One of the rooms is greater than the contract date',1236,3)
,(2317,'تاريخ الحركة خطأ. تاريخ أخر فاتورة لهذا العقد أكبر من تاريخ الحركة',1237,1)
,(2318,'Error in date.Date of last invoice of contract greater than transaction date',1237,3)
,(2319,'يجب أختيار طريقة حساب جزء من الشهر كنسبة من الشهر مع حسب الصرف والإضافة لطريقة الحساب',1238,1)
,(2320,'Must choose the method of calculating the part of the month as a month with the exchange and according to the add and sub to the method of calculation',1238,3)
,(2321,'إجمالى رصيد كميات اول المدة',1239,1)
,(2322,'Total opening balance of quantity',1239,3)
;
INSERT INTO I18N_MESSAGE (ID,MESSAGE,KEY_ID,MYLOCALE) VALUES 
(2323,'إجمالى رصيد كميات حركات الإضافة خلال الفترة',1240,1)
,(2324,'Total balance of quantity added transactiuon during the period',1240,3)
,(2325,'إجمالى رصيد كميات حركات الصرف خلال الفترة',1241,1)
,(2326,'Total balance quantity of subtraction movements during the period',1241,3)
,(2327,'طباعة تفصيلية',1242,1)
,(2328,'Detailed Print',1242,3)
,(2329,'تقرير أرصدة الأصناف تفصيلى',1243,1)
,(2330,'Detailed Card Item Balance Report',1243,3)
,(2331,'الأرصدة',1244,1)
,(2332,'Balances',1244,3)
;
INSERT INTO I18N_MESSAGE (ID,MESSAGE,KEY_ID,MYLOCALE) VALUES 
(2333,'من صنف',1245,1)
,(2334,'From Item',1245,3)
,(2335,'إلى صنف',1246,1)
,(2336,'To Item',1246,3)
,(2337,'الصفرية',1247,1)
,(2338,'Zero',1247,3)
,(2339,'غير الصفرية',1248,1)
,(2340,'Non Zero',1248,3)
,(2341,'إجمالى الرصيد لحركات الصرف والإضافة خلال الفترة',1249,1)
,(2342,'Total balance of addition and subtraction movements during the period',1249,3)
;
INSERT INTO I18N_MESSAGE (ID,MESSAGE,KEY_ID,MYLOCALE) VALUES 
(2343,'تقرير أرصدة الغرف والطبالى',1250,1)
,(2344,'Room and palette balances report',1250,3)
,(2345,'عرض أرصدةالأصناف تفصيلى',1251,1)
,(2346,'View Detailed Card Item Balance',1251,3)
,(2347,'تفاصيل التنزيل والتحميل',1252,1)
,(2348,'Details of uploading transactios',1252,3)
,(2349,'الوزن الزائد',1253,1)
,(2350,'Overweight',1253,3)
,(2355,'تغيير مسار الشحن',1256,1)
,(2356,'change shipping path',1256,3)
;
INSERT INTO I18N_MESSAGE (ID,MESSAGE,KEY_ID,MYLOCALE) VALUES 
(20115,'إضافة /تعديل حالة الموظف',985,1)
,(20116,'Add/Edit Employee Status',985,1)
,(20117,'التاريخ متداخل مع تاريخ موجود من قبل.',986,1)
,(20118,'There Is Existing Date That Overlaps This Date',986,1)
,(20119,'مستندات الموظف',987,1)
,(20120,'Employee Documents',987,1)
,(20121,'مستندات الموظف',995,1)
,(20122,'Employee Documents',995,1)
,(20123,'إضافة/تعديل مستند موظف',989,1)
,(20124,'Add/Edit EmployeeDocument',989,1)
;
INSERT INTO I18N_MESSAGE (ID,MESSAGE,KEY_ID,MYLOCALE) VALUES 
(20125,'صورة المستند',990,1)
,(20126,'Document Photo',990,1)
,(20127,'نوع المستند',991,1)
,(20128,'Document Type',991,1)
,(20129,'صاحب المستند',992,1)
,(20130,'Document Owner',992,1)
,(20131,'تاريخ إنتهاء الصلاحيه',993,1)
,(20132,'Expire Date',993,1)
,(20133,'تاريخ الإصدار',994,1)
,(20134,'Release Date',994,1)
;
INSERT INTO I18N_MESSAGE (ID,MESSAGE,KEY_ID,MYLOCALE) VALUES 
(20135,'جهة الإصدار',996,1)
,(20136,'Release Point',996,1)
,(20137,'استعراض صورة المستند',997,1)
,(20138,'Show Employee Document',997,1)
,(20139,'أكواد الكفلاء',998,1)
,(20140,'Sponsors Codes',998,1)
,(20141,'أكواد الكفلاء',999,1)
,(20142,'Sponsors Codes',999,1)
,(20143,'إضافة /تعديل كفيل',1000,1)
,(20144,'Add/Edit Sponsor',1000,1)
;
INSERT INTO I18N_MESSAGE (ID,MESSAGE,KEY_ID,MYLOCALE) VALUES 
(20145,'الكفيل',1001,1)
,(20146,'Employee Sponsor',1001,1)
,(20147,'الكفيل',1002,1)
,(20148,'Employee Sponsor',1002,1)
,(20149,'إضافة/تعديل الكفيل',1003,1)
,(20150,'Add/Edit Employee Sponsor',1003,1)
,(20151,'التاريخ من',1004,1)
,(20152,'Date Form',1004,1)
,(20153,'الكفيل',1005,1)
,(20154,'Sponsor',1005,1)
;
INSERT INTO I18N_MESSAGE (ID,MESSAGE,KEY_ID,MYLOCALE) VALUES 
(20155,'من تاريخ',1006,1)
,(20156,'From Date',1006,1)
,(20157,'إلى تاريخ',1007,1)
,(20158,'To Date',1007,1)
,(20159,'من تاريخ يجب أن يكون أصغر من إلى تاريخ',1008,1)
,(20160,'From date must be less than To date.',1008,1)
,(20161,'أكواد الأجازات',1016,1)
,(20162,'Vacations Codes',1016,1)
,(20163,'أكواد الأجازات',1010,1)
,(20164,'Vacations Codes',1010,1)
;
INSERT INTO I18N_MESSAGE (ID,MESSAGE,KEY_ID,MYLOCALE) VALUES 
(20165,'إضافة/تعديل أجازه',1011,1)
,(20166,'Add/Edit Vacation',1011,1)
,(20167,'نوع الأجازه',1012,1)
,(20168,'Vacation Type',1012,1)
,(20169,'أقصى عدد مسموح للترحيل',1013,1)
,(20170,'Maximum Number For Migration',1013,1)
,(20171,'يرحل إلى',1014,1)
,(20172,'Migrated To',1014,1)
,(20173,'شهور خدمه قبل استحقاق رصيد الأجازات',1015,1)
,(20174,'Months of service before leave entitlement',1015,1)
;
INSERT INTO I18N_MESSAGE (ID,MESSAGE,KEY_ID,MYLOCALE) VALUES 
(20175,'سنوات لا يسمح لها بترحيل الأجازات من العام السابق',1017,1)
,(20176,'Years not allowed to migrate vacations to it from previous year.',1017,1)
,(20177,'سنوات لا يسمح لها بترحيل الأجازات من العام السابق',1018,1)
,(20178,'Years not allowed to migrate vacations to it from previous year.',1018,1)
,(20179,'يجب إدخال السنه بصوره صحيحه.',1019,1)
,(20180,'Year should be entered in right way.',1019,1)
,(20183,'قواعد الأجازات الدوريه',1021,1)
,(20184,'Vacation Rules',1021,1)
,(20185,'قواعد الأجازات الدوريه',1022,1)
,(20186,'Vacation Rules',1022,1)
;
INSERT INTO I18N_MESSAGE (ID,MESSAGE,KEY_ID,MYLOCALE) VALUES 
(20187,'عدد المستحق',1027,1)
,(20188,'Due',1027,1)
,(20189,'مدة الخدمه',1040,1)
,(20190,'Service Length',1040,1)
,(20191,'إسم الأجازه',1025,1)
,(20192,'Vacation Name',1025,1)
,(20193,'كود الأجازه',1026,1)
,(20194,'Vacation Code',1026,1)
,(2357,'إلغاء تغيير المسار',1257,1)
,(2358,'cancel change path',1257,3)
;
INSERT INTO I18N_MESSAGE (ID,MESSAGE,KEY_ID,MYLOCALE) VALUES 
(2359,'إحضار وتسجيل أصناف لحاء الغير معرفة',1258,1)
,(2360,'bring and save Lehaa items whivh has not configure',1258,3)
,(2351,'مواصفة إنشاء مستند داخلى',1254,1)
,(2352,'Internal Document Creation Specs',1254,3)
,(2361,'له إعتماد على السند الخارجى المنشأ عليه',1260,1)
,(2362,'has dependency on external document which created by it',1260,3)
,(2363,'مواصفات الطباعة',1261,1)
,(2364,'Print specification',1261,3)
,(2365,'التوقيع الأول',1262,1)
,(2366,'First Signature',1262,3)
;
INSERT INTO I18N_MESSAGE (ID,MESSAGE,KEY_ID,MYLOCALE) VALUES 
(2367,'التوقيع الثانى',1263,1)
,(2368,'Second Signature',1263,3)
,(2369,'التوقيع الثالث',1264,1)
,(2370,'Third Signature',1264,3)
,(2371,'خطأ فى التاريخ. تم إنشاء فاتورة بعد هذا التاريخ',1265,1)
,(2372,'error in Transaction date. Bill was created after this date',1265,3)
,(2373,'إجمالى الغرفة',1266,1)
,(2374,'Total Room',1266,3)
,(2375,'إجمالى الصنف',1267,1)
,(2376,'Total Item',1267,3)
;
INSERT INTO I18N_MESSAGE (ID,MESSAGE,KEY_ID,MYLOCALE) VALUES 
(2377,'تعديل رقم الطبالى',1269,1)
,(2378,'adjustment of the number pallets',1269,3)
,(2379,'الكمية أقل من او تساوى',1270,1)
,(2380,'quantity less than or equal',1270,3)
,(20211584,'إلى لابد ان تكون أكبر من من',101386,1)
,(20211585,'fromIsGreaterThanTo',101386,3)
,(20211586,'لابد من إدخال الوقت',101387,1)
,(20211587,'fromOrToIsZero',101387,3)
,(20211588,'توقيع الموظف',101388,1)
,(20211589,'empSign',101388,3)
;
INSERT INTO I18N_MESSAGE (ID,MESSAGE,KEY_ID,MYLOCALE) VALUES 
(20211596,'توقيع الموظف',101392,1)
,(20211597,'Employee Signature',101392,3)
,(20211598,'عدد الساعات الكلي',101393,1)
,(20211599,'netTotalTime',101393,3)
,(20211600,'عدد الساعات',101394,1)
,(20211601,'netTime',101394,3)
,(20211602,' تقرير الحضور و الغياب',101395,1)
,(20211603,'Attendance & Vacation Report',101395,3)
,(20211604,'الرصيد المستحق',101396,1)
,(20211605,'Vacation Limit',101396,3)
;
INSERT INTO I18N_MESSAGE (ID,MESSAGE,KEY_ID,MYLOCALE) VALUES 
(20211606,'الرصيد المستهلك',101397,1)
,(20211607,'Consumed vacation',101397,3)
,(20211608,'الرصيد الحالي',101398,1)
,(20211609,'Vacation Credit',101398,3)
,(20211610,'اليوم المستعوض عنه',101399,1)
,(20211611,'Alternative Date',101399,3)
,(20211612,'تم تخطي الحد الأقصى لميعاد تسجيل الطلب',101400,1)
,(20211613,'Request Deadline Exceeded',101400,3)
,(20211614,'تم تخطي الحد الأقصى للاجازات',101401,1)
,(20211615,'Vacations Limit exceeded',101401,3)
;
INSERT INTO I18N_MESSAGE (ID,MESSAGE,KEY_ID,MYLOCALE) VALUES 
(20211616,'تاريخ الطلب الحقيقي',101402,1)
,(20211617,'Exact Request Date',101401,3)
,(20211618,'تصدير اكسل',101403,1)
,(20211619,'Export to Excel Sheet',101403,3)
,(20211620,'اضافة موظف',101404,1)
,(20211621,'New Employee',101404,3)
,(20211622,'الموظفين',101405,1)
,(20211623,'Employees',101405,3)
,(20211624,'كود الموظف',101406,1)
,(20211625,'Employee Code',101406,3)
;
INSERT INTO I18N_MESSAGE (ID,MESSAGE,KEY_ID,MYLOCALE) VALUES 
(20211626,'كود الموظف يجب أن يحتوي على 8 أرقام',101407,1)
,(20211627,'Employee Code Should Contain 8 Digits',101407,3)
,(20211628,'الموظفين',101408,1)
,(20211629,'Employees',101408,3)
,(20211630,'تم استخدام هذا الكود من قبل',101409,1)
,(20211631,'Employee code duplicated',101409,3)
,(20211632,'تم الوصول للحد الاقصى للموظفين',101410,1)
,(20211633,'You have reached the maximum limit of employees',101410,3)
,(20211634,'اعدادات البرنامج',101411,1)
,(20211635,'Application Settings',101411,3)
;
INSERT INTO I18N_MESSAGE (ID,MESSAGE,KEY_ID,MYLOCALE) VALUES 
(20211636,'الحد الاقصى لعدد الموظفين',101412,1)
,(20211637,'Maximum Allowed Number of Employees',101412,3)
,(20211638,'تفعيل رصيد الاجازات السنوية',101413,1)
,(20211639,'Enabling Annual Vacations Balance',101413,3)
,(20211640,'ضبط ال Triggers',101414,1)
,(20211641,'Triggers Initiation',101414,3)
,(20211642,'بداية شهر المرتب من يوم',101415,1)
,(20211643,'’Month Salary Starts on ',101415,3)
,(20211644,'الحد الاقصى لتأخير ادخال الطلب (ساعة)',101416,1)
,(20211645,'Max Allowed hours for late request entering',101416,3)
;
INSERT INTO I18N_MESSAGE (ID,MESSAGE,KEY_ID,MYLOCALE) VALUES 
(20211646,'البريد الاليكتروني المسؤول عن الاشعارات',101417,1)
,(20211647,'Email address responsible for notifications',101417,3)
,(20211648,'كلمة السر الخاصة بالبريد الاليكتروني',101418,1)
,(20211649,'Password of email address account',101418,3)
,(20211650,'سيرفر ارسال الاشعارات',101419,1)
,(20211651,'Notifications sending server',101419,3)
,(202116352,'بورت سيرفر الارسال',101420,1)
,(20211653,'Sender Server Port',101420,3)
,(202116354,'اعدادات سيرفر الداتابيز',101421,1)
,(20211655,'DB Server Settings',101421,3)
;
INSERT INTO I18N_MESSAGE (ID,MESSAGE,KEY_ID,MYLOCALE) VALUES 
(202116356,'سيرفر IP',101422,1)
,(20211657,'Server IP',101422,3)
,(202116358,'اوراكل سيرفيس',101423,1)
,(20211659,'Oracle Service',101423,3)
,(202116360,'رابط الدخول للبرنامج',101424,1)
,(20211661,'Application Login URL',101424,3)
,(202116362,'اعدادات الاندرويد',101425,1)
,(202116363,'Android Settings',101425,3)
,(202116364,'دقة الموقع',101426,1)
,(202116365,'Location Accuracy',101426,3)
;
INSERT INTO I18N_MESSAGE (ID,MESSAGE,KEY_ID,MYLOCALE) VALUES 
(202116366,'تفعيل دقة الموقع',101427,1)
,(202116367,'Enable Location Accuracy',101427,3)
,(202116368,'اظهار الموقع الحالي في الطلبات',101428,1)
,(202116369,'Show Current Location in Requests Form',101428,3)
,(202116370,'اظهار الطلبات علي النتيجة بالصفحة الرئيسية',101429,1)
,(202116371,'Show Requests in Calendar',101429,3)
,(202116372,'تفعيل وقت المامؤرية عن طريق المستخدم',101430,1)
,(202116373,'Enable Errand Time from Server Clock',101430,3)
,(202116374,'عدم تنفيذ الطلب بدون ملاحظات',101431,1)
,(202116375,'Mandatory Notes',101431,3)
;
INSERT INTO I18N_MESSAGE (ID,MESSAGE,KEY_ID,MYLOCALE) VALUES 
(202116376,'موافقة للكل',101432,1)
,(202116377,'Approve All',101432,3)
,(202116378,'لا يمكن تسجيل مأمورية يوم كامل اليوم، تم تسجيل طلب اخر في نفس اليوم',101433,1)
,(202116379,'Another request is made already on the specified date, full day errand is not allowed',101433,3)
,(202116380,'برجاء انهاء الطلبات المفتوحة للفترة المحددة في الطلب',101434,1)
,(202116381,'Please end started requests in date interval specified',101434,3)
,(202116382,'يوجد طلب في فترة زمانية متداخلة مع طلبك',101435,1)
,(202116383,'Another request is overlapping with the specified period',101435,3)
,(202116384,'التأكد من عدم تداخل الطلبات آليا',101436,1)
,(202116385,'Automatic validation for overlapping requests"',101436,3)
;
INSERT INTO I18N_MESSAGE (ID,MESSAGE,KEY_ID,MYLOCALE) VALUES 
(202116386,'تفعيل الامضاء بالبصمة',101437,1)
,(202116387,'Enable fingerprint sign in/out',101437,3)
,(202116388,'وقت انهاء المأموريات آليًا',101438,1)
,(202116389,'Automatic end of errand time',101438,3)
,(202116390,'دقة الموقع البديلة',101439,1)
,(202116391,'Alternative Location Accuracy',101439,3)
,(202116392,'اضافة/تعديل عميل',101440,1)
,(202116393,'Add/Edit Client',101440,3)
,(202116394,'اسم العميل',101441,1)
,(202116395,'Client Name',101441,3)
;
INSERT INTO I18N_MESSAGE (ID,MESSAGE,KEY_ID,MYLOCALE) VALUES 
(202116396,'Port No.',101442,1)
,(202116397,'Client Port No',101442,3)
,(202116398,'عملاء فور اس لبرنامج الطلبات',101443,1)
,(202116399,'4S Clients',101443,3)
,(202116400,'الزام الانصراف قبل بدء تصريح/مأمورية',101444,1)
,(202116401,'ٍSign out before permission/errand',101444,3)
,(202116402,'حضور/انصراف',101445,1)
,(202116403,'ٍSign In/out',101445,3)
,(202116404,'تم تسجيل الحضور من قبل',101446,1)
,(202116405,'User Signed in Before',101446,3)
;
INSERT INTO I18N_MESSAGE (ID,MESSAGE,KEY_ID,MYLOCALE) VALUES 
(202116406,'لا يمكن تسجيل انصراف دون تسجيل حضور في نفس اليوم',101447,1)
,(202116407,'You did not sign in on this day to allow sign out',101447,3)
,(202116408,'تاريخ الانصراف قبل تاريخ تسجيل الحضور',101448,1)
,(202116409,'Sign out date is before the sign in date',101448,3)
,(202116410,'لا يمكن تسجيل الحضور في يوم به مأمورية يوم كامل',101449,1)
,(202116411,'You cannot Sign in on a full errand day',101449,3)
,(202116412,'قم باتمام اخر طلب اولًا',101450,1)
,(202116413,'Finish Started Request First',101450,3)
,(202116414,'يوجد خطأ تسبب في عدم اتمام التسجيل',101451,1)
,(202116455,'Unkown error',101451,3)
;
INSERT INTO I18N_MESSAGE (ID,MESSAGE,KEY_ID,MYLOCALE) VALUES 
(202116417,'موقع الحضور',101452,1)
,(202116418,'Location In',101452,3)
,(202116419,'موقع الانصراف',101453,1)
,(202116420,'Location Out',101453,3)
,(202116421,'نوع الحضور',101454,1)
,(202116422,'Attendance Type for In',101454,3)
,(202116423,'نوع الانصراف',101455,1)
,(202116424,'Attendance Type for Out',101455,3)
,(202116425,'ويب',101456,1)
,(202116426,'Web Attendance',101456,3)
;
INSERT INTO I18N_MESSAGE (ID,MESSAGE,KEY_ID,MYLOCALE) VALUES 
(202116427,'طلب حضور / انصراف',101457,1)
,(202116428,'Request Attendance',101457,3)
,(202116429,'اندرويد',101458,1)
,(202116430,'Android Attendance',101458,3)
,(202116431,'بصمة',101459,1)
,(202116432,'Fingerprint Attendance',101459,3)
,(202116433,'غياب',101460,1)
,(202116434,'Absent',101460,3)
,(202116435,'داخل الشركة',101461,1)
,(202116436,'Inside the company',101461,3)
;
INSERT INTO I18N_MESSAGE (ID,MESSAGE,KEY_ID,MYLOCALE) VALUES 
(202116437,'خارج الشركة',101462,1)
,(202116438,'Outside the company',101462,3)
,(202116439,'الموقع من الشركة',101463,1)
,(202116440,'Location from company',101463,3)
,(202116441,'IMEI',101464,1)
,(202116442,'IMEI',101464,3)
,(202116443,'رقم اصدار اندرويد',101465,1)
,(202116444,'Required Android Version',101465,3)
,(202116445,'الاجازات السنوية',101466,1)
,(202116446,'Annual Vacations',101466,3)
;
INSERT INTO I18N_MESSAGE (ID,MESSAGE,KEY_ID,MYLOCALE) VALUES 
(202116447,'الاجازات الخاصة',101467,1)
,(202116448,'Special Vacations',101467,3)
,(202116449,'الموقع غير دقيق',101468,1)
,(202116450,'Location not accurate',101468,3)
,(202116451,'لم يتم تحديد الموقع',101469,1)
,(202116452,'Location is not set',101469,3)
,(202116453,'تعديل تاريخ الحضور/ الانصراف',101470,1)
,(202116454,'Edit Sign in/out Date',101470,3)
,(202116456,'تاريخ الحضور / الانصراف القديم',101471,1)
,(202116457,'Historic Sign in/out date',101471,3)
;
INSERT INTO I18N_MESSAGE (ID,MESSAGE,KEY_ID,MYLOCALE) VALUES 
(202116460,'صلاحيه تعديل التوقيع عن طريق المدير',101473,1)
,(202116461,'Manager can modify attendance',101473,3)
,(202116462,'لا يمكن تعديل التاريخ، يمكنك فقط تعديل الوقت',101474,1)
,(202116463,'You cannot change date, only time is modifiable',101474,3)
,(202116464,'الموافقه على حضور/انصراف اندرويد تلقائيًا',101475,1)
,(202116465,'ِAutomatic Approval for Android Attendance',101475,3)
,(202116466,'تقرير حالة الطلبات',101476,1)
,(202116467,'Requests Status Reports',101476,3)
;

INSERT INTO REQUEST_TYPES (ID,DESCRIPTION,PARENTID) VALUES 
(1,' أجازه خاصه',NULL)
,(2,'أجازه دوريه',NULL)
,(3,'تصريح',NULL)
,(4,'مأموريه يوم كامل',1)
,(10,'حضور',3)
,(11,'انصراف',3)
,(5,'مأمورية',1)
;

INSERT INTO SECURITY_APPLICATIONS (ID,NAME,DEFAULTPAGE,DISPLAY_IN_GL,IS_ACTIVE,MESSAGE_KEY,"POSITION") VALUES 
(12,'requestsApproval','/Requests/requestsApproval/welcome.html','0','1','RequestsApprova.caption.applicationName',22)
,(3,'ADMINISTRATION','/Requests/security/userDetails.html','0','1','administration.caption.applicationName',99)
,(7,'4S APPLICATION','/Requests/security/userDetails.html','0','0','none',100)
;﻿INSERT INTO SECURITY_FIELDS (ID,NAME,FLAG,APPLICATION,PARENTID) VALUES 
(80,'page_hr_geographicalDivisionTree',NULL,6,NULL)
,(81,'page_hr_geographicalDivisionForm',NULL,6,NULL)
,(82,'page_hr_qualificationLevelForm',NULL,6,NULL)
,(83,'page_hr_qualificationDivisionTree',NULL,6,NULL)
,(84,'page_hr_qualificationDivisionForm',NULL,6,NULL)
,(85,'page_hr_employeeForm',NULL,6,NULL)
,(86,'page_hr_employeesView',NULL,6,NULL)
,(100,'page_stores_storesChoseModule',NULL,1,NULL)
,(101,'page_stores_storesAdminDependenceSpec',NULL,1,NULL)
,(102,'page_stores_storesExternalDependenceOn',NULL,1,NULL)
;
INSERT INTO SECURITY_FIELDS (ID,NAME,FLAG,APPLICATION,PARENTID) VALUES 
(103,'page_stores_storesExternalDependenceTo',NULL,1,NULL)
,(104,'page_stores_storesAdminDBConnection',NULL,1,NULL)
,(105,'page_stores_storesAdminEditDBConnection',NULL,1,NULL)
,(1019,'page_requestsApproval_requestsApproval',NULL,12,NULL)
,(106,'page_RequestsAproval_generalEmployee',NULL,12,NULL)
,(1020,'page_approvement_admin',NULL,12,NULL)
,(1016,'fixedAssets',NULL,8,NULL)
,(87,'Administration Menu',NULL,3,NULL)
,(96,'page_stores_storesCloseContract',NULL,1,NULL)
,(97,'page_stores_storesExternalTransaction',NULL,1,NULL)
;
INSERT INTO SECURITY_FIELDS (ID,NAME,FLAG,APPLICATION,PARENTID) VALUES 
(98,'page_stores_storesAdminMultiPalette',NULL,1,NULL)
,(99,'page_stores_storesRoomMeasuresReport',NULL,1,NULL)
,(88,'page_stores_storesAdminPaletteNumber',NULL,1,NULL)
,(89,'page_stores_storesAdminEditPaletteNumber',NULL,1,NULL)
,(90,'page_stores_storesAdminRoomMeasures',NULL,1,NULL)
,(91,'page_stores_storesAdminEditRoomMeasures',NULL,1,NULL)
,(92,'page_stores_storesAdminCostCenter',NULL,1,NULL)
,(93,'page_stores_storesAdminEditCostCenter',NULL,1,NULL)
,(94,'page_stores_storesCreateInvoices',NULL,1,NULL)
,(95,'page_stores_storesAdminAddStoreTransaction',NULL,1,NULL)
;
INSERT INTO SECURITY_FIELDS (ID,NAME,FLAG,APPLICATION,PARENTID) VALUES 
(1018,'page_gl_cancelTransactionRevision',NULL,5,NULL)
,(31,'page_stores_storesAdminEditStoreTrnsDefSpec',NULL,1,NULL)
,(32,'page_stores_storesAdminEditStoreTrnsDefTax',NULL,1,NULL)
,(33,'page_stores_storesAdminListStoreTransaction',NULL,1,NULL)
,(34,'page_stores_storesAdminEditStoreTransaction',NULL,1,NULL)
,(30,'GL Menu',NULL,5,NULL)
,(123,'page_gl_home',NULL,5,NULL)
,(124,'page_gl_tree',NULL,5,NULL)
,(125,'page_gl_treeForm',NULL,5,NULL)
,(126,'page_gl_atree',NULL,5,NULL)
;
INSERT INTO SECURITY_FIELDS (ID,NAME,FLAG,APPLICATION,PARENTID) VALUES 
(127,'page_gl_atreeForm',NULL,5,NULL)
,(128,'page_gl_financialPeriod',NULL,5,NULL)
,(129,'page_gl_financialPeriodForm',NULL,5,NULL)
,(130,'page_gl_docType',NULL,5,NULL)
,(131,'page_gl_docTypeForm',NULL,5,NULL)
,(132,'page_gl_masterBudget',NULL,5,NULL)
,(133,'page_gl_masterBudgetForm',NULL,5,NULL)
,(134,'page_gl_detailedBudget',NULL,5,NULL)
,(135,'page_gl_detailedBudgetForm',NULL,5,NULL)
,(136,'page_gl_currency',NULL,5,NULL)
;
INSERT INTO SECURITY_FIELDS (ID,NAME,FLAG,APPLICATION,PARENTID) VALUES 
(137,'page_gl_currencyForm',NULL,5,NULL)
,(138,'page_gl_masterTransaction',NULL,5,NULL)
,(139,'page_gl_masterTransactionForm',NULL,5,NULL)
,(140,'page_gl_detailedTransaction',NULL,5,NULL)
,(141,'page_gl_detailedTransactionForm',NULL,5,NULL)
,(142,'page_gl_supportingDocument',NULL,5,NULL)
,(143,'page_gl_supportingDocumentForm',NULL,5,NULL)
,(144,'page_gl_accountAnalysis',NULL,5,NULL)
,(145,'page_gl_accountAnalysisForm',NULL,5,NULL)
,(146,'page_gl_systematicForm',NULL,5,NULL)
;
INSERT INTO SECURITY_FIELDS (ID,NAME,FLAG,APPLICATION,PARENTID) VALUES 
(297,'page_gl_masterTransactionView',NULL,5,NULL)
,(467,'page_gl_account',NULL,5,NULL)
,(468,'page_gl_accountForm',NULL,5,NULL)
,(469,'page_gl_accountStatus',NULL,5,NULL)
,(470,'page_gl_accountTransactions',NULL,5,NULL)
,(471,'page_gl_accountTypeForm',NULL,5,NULL)
,(472,'page_gl_activateRepeatableTransactionForm',NULL,5,NULL)
,(473,'page_gl_currency',NULL,5,NULL)
,(474,'page_gl_currencyForm',NULL,5,NULL)
,(475,'page_gl_docType',NULL,5,NULL)
;
INSERT INTO SECURITY_FIELDS (ID,NAME,FLAG,APPLICATION,PARENTID) VALUES 
(476,'page_gl_docTypeForm',NULL,5,NULL)
,(478,'page_gl_financialPeriod',NULL,5,NULL)
,(479,'page_gl_financialPeriodForm',NULL,5,NULL)
,(480,'page_gl_masterBudget',NULL,5,NULL)
,(481,'page_gl_masterBudgetForm',NULL,5,NULL)
,(482,'page_gl_masterTransactionForm',NULL,5,NULL)
,(483,'page_gl_masterTransactionSearch',NULL,5,NULL)
,(484,'page_gl_masterTransactionView',NULL,5,NULL)
,(485,'page_gl_oMasterTransaction',NULL,5,NULL)
,(486,'page_gl_oMasterTransactionView',NULL,5,NULL)
;
INSERT INTO SECURITY_FIELDS (ID,NAME,FLAG,APPLICATION,PARENTID) VALUES 
(487,'page_gl_openingMasterTransactionForm',NULL,5,NULL)
,(488,'page_gl_repeatableMasterTransactionForm',NULL,5,NULL)
,(489,'page_gl_searchRepeatableForm',NULL,5,NULL)
,(490,'page_gl_searchRepeatableResults',NULL,5,NULL)
,(491,'page_gl_searchTransaction',NULL,5,NULL)
,(492,'page_gl_searchUnpostedTransaction',NULL,5,NULL)
,(493,'page_gl_systematicForm',NULL,5,NULL)
,(494,'page_gl_transactionDetails',NULL,5,NULL)
,(495,'page_gl_transactionSuccess',NULL,5,NULL)
,(1010,'page_gl_suspendTransaction',NULL,5,NULL)
;
INSERT INTO SECURITY_FIELDS (ID,NAME,FLAG,APPLICATION,PARENTID) VALUES 
(1011,'page_gl_financialYear',NULL,5,NULL)
,(1012,'page_gl_financialYearForm',NULL,5,NULL)
,(1013,'page_gl_reports',NULL,5,NULL)
,(1014,'page_gl_addDetailedBudgetManually',NULL,5,NULL)
,(1015,'page_gl_addEstimatedBalance',NULL,5,NULL)
,(275,'page_common_commonAdminDepartments',NULL,3,NULL)
,(276,'page_common_commonAdminEditDepartment',NULL,3,NULL)
,(277,'page_common_commonAdminEmployees',NULL,3,NULL)
,(278,'page_common_commonAdminEditEmployee',NULL,3,NULL)
,(279,'page_common_commonAdminChangePassword',NULL,3,NULL)
;
INSERT INTO SECURITY_FIELDS (ID,NAME,FLAG,APPLICATION,PARENTID) VALUES 
(280,'page_common_commonAdminDateConverter',NULL,3,NULL)
,(283,'page_i18n_editMessage',NULL,3,NULL)
,(284,'page_i18n_changeDefaultLocale',NULL,3,NULL)
,(285,'page_i18n_changeUserLanguage',NULL,3,NULL)
,(286,'page_security_editSecurity',NULL,3,NULL)
,(287,'page_security_changeUserApplication',NULL,3,NULL)
,(288,'page_security_addNewRole',NULL,3,NULL)
,(289,'page_security_addUserToRole',NULL,3,NULL)
,(290,'page_security_userDetails',NULL,3,NULL)
,(291,'page_security_roleDetails',NULL,3,NULL)
;
INSERT INTO SECURITY_FIELDS (ID,NAME,FLAG,APPLICATION,PARENTID) VALUES 
(292,'page_security_updateRole',NULL,3,NULL)
,(298,'page_i18n_allLocales',NULL,3,NULL)
,(299,'page_security_changeUserPassword',NULL,3,NULL)
,(300,'page_i18n_addNewLocale',NULL,3,NULL)
,(779,'page_common_regionsView',NULL,3,NULL)
,(780,'page_common_regionForm',NULL,3,NULL)
,(270,'page_common_commonAdminCountryCities',NULL,3,NULL)
,(271,'page_common_commonAdminEditCity',NULL,3,NULL)
,(272,'page_common_changeApplication',NULL,3,NULL)
,(273,'page_common_commonAdminCountries',NULL,3,NULL)
;
INSERT INTO SECURITY_FIELDS (ID,NAME,FLAG,APPLICATION,PARENTID) VALUES 
(274,'page_common_commonAdminEditCountry',NULL,3,NULL)
,(1,'page_stores_storesAdminBranches',NULL,1,NULL)
,(2,'page_stores_codesDivisionForm',NULL,1,NULL)
,(3,'page_stores_storesAdminGroupf',NULL,1,NULL)
,(4,'page_stores_basicGroupForm',NULL,1,NULL)
,(5,'page_stores_addBranch',NULL,1,NULL)
,(6,'page_stores_storesAdminStores',NULL,1,NULL)
,(7,'page_stores_storesAdminEditStores',NULL,1,NULL)
,(8,'page_stores_storesAdminGroupTypes',NULL,1,NULL)
,(9,'page_stores_storesAdminEditGroupType',NULL,1,NULL)
;
INSERT INTO SECURITY_FIELDS (ID,NAME,FLAG,APPLICATION,PARENTID) VALUES 
(10,'page_stores_storesAdminCustomers',NULL,1,NULL)
,(11,'page_stores_storesAdminEditCustomer',NULL,1,NULL)
,(12,'page_stores_storesAdminAgents',NULL,1,NULL)
,(13,'page_stores_storesAdminEditAgent',NULL,1,NULL)
,(14,'page_stores_storesAdminVendors',NULL,1,NULL)
,(15,'page_stores_storesAdminEditVendors',NULL,1,NULL)
,(16,'page_stores_storesAdminSalesRep',NULL,1,NULL)
,(17,'page_stores_storesAdminEditSalesRep',NULL,1,NULL)
,(18,'page_stores_storesAdminPersons',NULL,1,NULL)
,(19,'page_stores_storesAdminEditPersons',NULL,1,NULL)
;
INSERT INTO SECURITY_FIELDS (ID,NAME,FLAG,APPLICATION,PARENTID) VALUES 
(20,'page_stores_storesAdminItemData',NULL,1,NULL)
,(21,'page_stores_storesAdminEditItemData',NULL,1,NULL)
,(22,'page_stores_storesAdminBasicUnit',NULL,1,NULL)
,(23,'page_stores_storesAdminEditBasicUnit',NULL,1,NULL)
,(24,'page_stores_storesAdminEditFirstBalanceStore',NULL,1,NULL)
,(25,'page_stores_storesAdminContractors',NULL,1,NULL)
,(26,'page_stores_storesAdminEditContractor',NULL,1,NULL)
,(27,'page_stores_itemsMainGroupDescription',NULL,1,NULL)
,(28,'page_stores_storesAdminStoreTrnsDefs',NULL,1,NULL)
,(29,'page_stores_storesAdminEditStoreTrnsDef',NULL,1,NULL)
;
INSERT INTO SECURITY_FIELDS (ID,NAME,FLAG,APPLICATION,PARENTID) VALUES 
(35,'page_stores_storesAdminAddStoreTransaction',NULL,1,NULL)
,(1017,'page_gl_cancelTransactionPost',NULL,5,NULL)
,(37,'page_hr_jobsView',NULL,6,NULL)
,(38,'page_hr_degreeForm',NULL,6,NULL)
,(39,'page_hr_degreesView',NULL,6,NULL)
,(40,'page_hr_gradeForm',NULL,6,NULL)
,(41,'page_hr_gradesView',NULL,6,NULL)
,(42,'page_hr_salaryRaiseForm',NULL,6,NULL)
,(43,'page_hr_salaryRaiseView',NULL,6,NULL)
,(44,'page_hr_endServiceReasonsForm',NULL,6,NULL)
;
INSERT INTO SECURITY_FIELDS (ID,NAME,FLAG,APPLICATION,PARENTID) VALUES 
(45,'page_hr_endServiceReasonsView',NULL,6,NULL)
,(46,'page_hr_punishmentForm',NULL,6,NULL)
,(47,'page_hr_punishmentsView',NULL,6,NULL)
,(48,'page_hr_citiesView',NULL,6,NULL)
,(49,'page_hr_cityForm',NULL,6,NULL)
,(50,'page_hr_centersView',NULL,6,NULL)
,(51,'page_hr_centerForm',NULL,6,NULL)
,(52,'page_hr_sectorsView',NULL,6,NULL)
,(53,'page_hr_sectorForm',NULL,6,NULL)
,(54,'page_hr_regionsView',NULL,6,NULL)
;
INSERT INTO SECURITY_FIELDS (ID,NAME,FLAG,APPLICATION,PARENTID) VALUES 
(55,'page_hr_regionForm',NULL,6,NULL)
,(56,'page_hr_locationsView',NULL,6,NULL)
,(57,'page_hr_locationForm',NULL,6,NULL)
,(58,'page_hr_countryForm',NULL,6,NULL)
,(59,'page_hr_countriesView',NULL,6,NULL)
,(60,'page_hr_qualificationsView',NULL,6,NULL)
,(61,'page_hr_schoolsView',NULL,6,NULL)
,(62,'page_hr_universitiesView',NULL,6,NULL)
,(63,'page_hr_institutesView',NULL,6,NULL)
,(64,'page_hr_qualificationForm',NULL,6,NULL)
;
INSERT INTO SECURITY_FIELDS (ID,NAME,FLAG,APPLICATION,PARENTID) VALUES 
(65,'page_hr_schoolForm',NULL,6,NULL)
,(66,'page_hr_instituteForm',NULL,6,NULL)
,(67,'page_hr_universityForm',NULL,6,NULL)
,(68,'page_hr_coursesView',NULL,6,NULL)
,(69,'page_hr_courseOrganizationsView',NULL,6,NULL)
,(70,'page_hr_courseSpecialtiesView',NULL,6,NULL)
,(71,'page_hr_courseResultsView',NULL,6,NULL)
,(72,'page_hr_courseForm',NULL,6,NULL)
,(73,'page_hr_courseOrganizationForm',NULL,6,NULL)
,(74,'page_hr_courseSpecialtyForm',NULL,6,NULL)
;
INSERT INTO SECURITY_FIELDS (ID,NAME,FLAG,APPLICATION,PARENTID) VALUES 
(75,'page_hr_courseResultForm',NULL,6,NULL)
,(76,'page_hr_internalLevelForm',NULL,6,NULL)
,(77,'page_hr_internalDivisionTree',NULL,6,NULL)
,(78,'page_hr_internalDivisionForm',NULL,6,NULL)
,(79,'page_hr_geographicalLevelForm',NULL,6,NULL)
,(1021,'page_commons_settings',NULL,3,NULL)
;﻿INSERT INTO SECURITY_PERMISSIONS (ID,PERMESSIONNAME,SELECTED,FIELDID,PERMISSIONDESCRIPTION) VALUES 
(241,'CAN_VIEW_page_gl_masterTransactionForm',1,139,'اصافة / تعديل قيد')
,(231,'CAN_VIEW_page_gl_financialPeriodForm',1,129,'اضافة / تعديل فترة مالية')
,(246,'CAN_VIEW_page_gl_accountAnalysis',0,144,NULL)
,(227,'CAN_VIEW_page_gl_treeForm',0,125,NULL)
,(228,'CAN_VIEW_page_gl_atree',0,126,NULL)
,(229,'CAN_VIEW_page_gl_atreeForm',0,127,NULL)
,(230,'CAN_VIEW_page_gl_financialPeriod',1,128,'الفترات المالية')
,(233,'CAN_VIEW_page_gl_docTypeForm',1,131,'اضافة/ تعديل نوع المستند')
,(235,'CAN_VIEW_page_gl_masterBudgetForm',0,133,NULL)
,(236,'CAN_VIEW_page_gl_detailedBudget',0,134,NULL)
;
INSERT INTO SECURITY_PERMISSIONS (ID,PERMESSIONNAME,SELECTED,FIELDID,PERMISSIONDESCRIPTION) VALUES 
(237,'CAN_VIEW_page_gl_detailedBudgetForm',0,135,NULL)
,(240,'CAN_VIEW_page_gl_masterTransaction',1,138,'إضافة / تعديل قيد')
,(242,'CAN_VIEW_page_gl_detailedTransaction',0,140,NULL)
,(243,'CAN_VIEW_page_gl_detailedTransactionForm',0,141,NULL)
,(244,'CAN_VIEW_page_gl_supportingDocument',0,142,NULL)
,(245,'CAN_VIEW_page_gl_supportingDocumentForm',0,143,NULL)
,(247,'CAN_VIEW_page_gl_accountAnalysisForm',0,145,NULL)
,(248,'CAN_VIEW_page_gl_systematicForm',0,146,NULL)
,(1032,'CAN_VIEW_page_cancelTransactionPost',1,1017,'الغاء ترحيل قيد')
,(99,'CAN_VIEW_page_stores_storesAdminDependenceSpec',1,101,'مواصفات الأعتماد')
;
INSERT INTO SECURITY_PERMISSIONS (ID,PERMESSIONNAME,SELECTED,FIELDID,PERMISSIONDESCRIPTION) VALUES 
(36,'CAN_VIEW_page_hr_degreeForm',1,38,'إضافة/تعديل ترقيه')
,(37,'CAN_VIEW_page_hr_degreesView',1,39,'أكواد الترقيات')
,(38,'CAN_VIEW_page_hr_gradeForm',1,40,'إضافة/تعديل تقدير')
,(39,'CAN_VIEW_page_hr_gradesView',1,41,'أكواد التقديرات')
,(40,'CAN_VIEW_page_hr_salaryRaiseForm',1,42,'إضافة/تعديل علاوه')
,(41,'CAN_VIEW_page_hr_salaryRaiseView',1,43,'أكواد العلاوات')
,(42,'CAN_VIEW_page_hr_endServiceReasonsForm',1,44,'إضافة/تعديل سبب إنهاء الخدمه')
,(43,'CAN_VIEW_page_hr_endServiceReasonsView',1,45,'أكواد أسباب إنهاء الخدمه')
,(44,'CAN_VIEW_page_hr_punishmentForm',1,46,'إضافة/تعديل جزاء')
,(45,'CAN_VIEW_page_hr_punishmentsView',1,47,'أكواد الجزاءات')
;
INSERT INTO SECURITY_PERMISSIONS (ID,PERMESSIONNAME,SELECTED,FIELDID,PERMISSIONDESCRIPTION) VALUES 
(46,'CAN_VIEW_page_hr_citiesView',1,48,'أكواد المدن')
,(47,'CAN_VIEW_page_hr_cityForm',1,49,'إضافة/تعديل مدينه')
,(48,'CAN_VIEW_page_hr_centersView',1,50,'أكواد المراكز')
,(49,'CAN_VIEW_page_hr_centerForm',1,51,'إضافة/تعديل مركز')
,(50,'CAN_VIEW_page_hr_sectorsView',1,52,'أكواد الإدارات العامه')
,(51,'CAN_VIEW_page_hr_sectorForm',1,53,'إضافة/تعديل إداره عامه')
,(52,'CAN_VIEW_page_hr_regionsView',1,54,'أكواد المناطق')
,(53,'CAN_VIEW_page_hr_regionForm',1,55,'إضافة/تعديل منطقه')
,(54,'CAN_VIEW_page_hr_locationsView',1,56,'أكواد الإدارات ')
,(55,'CAN_VIEW_page_hr_locationForm',1,57,'إضافة/تعديل إ داره')
;
INSERT INTO SECURITY_PERMISSIONS (ID,PERMESSIONNAME,SELECTED,FIELDID,PERMISSIONDESCRIPTION) VALUES 
(56,'CAN_VIEW_page_hr_countryForm',1,58,'إضافة/تعديل بلد')
,(57,'CAN_VIEW_page_hr_countriesView',1,59,'أكواد البلاد')
,(58,'CAN_VIEW_page_hr_qualificationsView',1,60,'أكواد المؤهلات')
,(59,'CAN_VIEW_page_hr_schoolsView',1,61,'أكواد المدارس')
,(60,'CAN_VIEW_page_hr_universitiesView',1,62,'أكواد الجامعات')
,(61,'CAN_VIEW_page_hr_institutesView',1,63,'أكواد المعاهد')
,(62,'CAN_VIEW_page_hr_qualificationForm',1,64,'إضافة/تعديل مؤهل')
,(63,'CAN_VIEW_page_hr_schoolForm',1,65,'إضافة/تعديل مدرسه')
,(64,'CAN_VIEW_page_hr_instituteForm',1,66,'إضافة/تعديل معهد')
,(65,'CAN_VIEW_page_hr_universityForm',1,67,'إضافة/تعديل جامعه')
;
INSERT INTO SECURITY_PERMISSIONS (ID,PERMESSIONNAME,SELECTED,FIELDID,PERMISSIONDESCRIPTION) VALUES 
(66,'CAN_VIEW_page_hr_coursesView',1,68,'أكواد الدورات')
,(67,'CAN_VIEW_page_hr_courseOrganizationsView',1,69,'أكواد جهات الدورات')
,(68,'CAN_VIEW_page_hr_courseSpecialtiesView',1,70,'أكواد مجال الدورات')
,(69,'CAN_VIEW_page_hr_courseResultsView',1,71,'أكواد النتائج')
,(70,'CAN_VIEW_page_hr_courseForm',1,72,'إضافة/تعديل دوره')
,(71,'CAN_VIEW_page_hr_courseOrganizationForm',1,73,'إضافة/تعديل جهة دوره')
,(72,'CAN_VIEW_page_hr_courseSpecialtyForm',1,74,'إضافة/تعديل مجال دوره')
,(73,'CAN_VIEW_page_hr_courseResultForm',1,75,'إضافة/تعديل نتيجه')
,(74,'CAN_VIEW_page_hr_internalLevelForm',1,76,'أكواد التقسيم الداخلي للشركه')
,(75,'CAN_VIEW_page_hr_internalDivisionTree',1,77,'التقسيم الإداري')
;
INSERT INTO SECURITY_PERMISSIONS (ID,PERMESSIONNAME,SELECTED,FIELDID,PERMISSIONDESCRIPTION) VALUES 
(76,'CAN_VIEW_page_hr_internalDivisionForm',1,78,'إضافة/تعديل تقسيم إداري')
,(77,'CAN_VIEW_page_hr_geographicalLevelForm',1,79,'تقسيم الأكواد الجغرافيه')
,(78,'CAN_VIEW_page_hr_geographicalDivisionTree',1,80,'التقسيم الجغرافي')
,(79,'CAN_VIEW_page_hr_geographicalDivisionForm',1,81,'إضافة/تعديل تقسيم جغرافي')
,(80,'CAN_VIEW_page_hr_qualificationLevelForm',1,82,'تقسيم أكواد المؤهلات')
,(81,'CAN_VIEW_page_hr_qualificationDivisionTree',1,83,'تقسيم المؤهلات')
,(82,'CAN_VIEW_page_hr_qualificationDivisionForm',1,84,'إضافة/تعديل تقسيم مؤهل')
,(83,'CAN_VIEW_page_hr_employeeForm',1,85,'إضافة/تعديل موظف')
,(84,'CAN_VIEW_page_hr_employeesView',1,86,'الموظفين')
,(98,'CAN_VIEW_page_stores_storesChoseModule',1,100,'اختيار البرنامج')
;
INSERT INTO SECURITY_PERMISSIONS (ID,PERMESSIONNAME,SELECTED,FIELDID,PERMISSIONDESCRIPTION) VALUES 
(100,'CAN_VIEW_page_stores_storesExternalDependenceOn',1,102,'مواصفات الأعتماد الخارجي')
,(101,'CAN_VIEW_page_stores_storesExternalDependenceTo',1,103,'مواصفات أنشاء المستندات الخارجية')
,(102,'CAN_VIEW_page_stores_storesAdminDBConnection',1,104,'مواصفات الأتصال')
,(103,'CAN_VIEW_page_stores_storesAdminEditDBConnection',1,105,'إضافة / تعديل مواصفة أتصال')
,(1034,'CAN_VIEW_page_requestsApproval',1,1019,'موافقة الطلبات')
,(106,'CAN_VIEW_page_RequestsAproval_generalEmployee',1,106,'تقديم طلبات')
,(1035,'CAN_VIEW_page_approvement',1,1020,'تحديد الاولويات والمسئولين')
,(1031,'CAN_VIEW_ALL_Assets',1,1016,NULL)
,(85,'CAN_EDIT_message',1,87,'يمكن تحرير رسالة')
,(94,'CAN_VIEW_page_stores_storesCloseContract',1,96,'إغلاق عقد')
;
INSERT INTO SECURITY_PERMISSIONS (ID,PERMESSIONNAME,SELECTED,FIELDID,PERMISSIONDESCRIPTION) VALUES 
(95,'CAN_VIEW_page_stores_storesExternalTransaction',1,97,'سند شحن')
,(96,'CAN_VIEW_page_stores_storesAdminMultiPalette',1,98,'تعريف تلقائي للطبالي')
,(97,'CAN_VIEW_page_stores_storesRoomMeasuresReport',1,99,'تقرير قراءات الغرف')
,(35,'CAN_VIEW_page_hr_jobsView',1,37,'أكواد الوظائف')
,(86,'CAN_VIEW_page_stores_storesAdminPaletteNumber',1,88,'رقم الطبلية')
,(87,'CAN_VIEW_page_stores_storesAdminEditPaletteNumber',1,89,'إضافة / تعديل رقم طبلية')
,(88,'CAN_VIEW_page_stores_storesAdminRoomMeasures',1,90,'قراءة غرف')
,(89,'CAN_VIEW_page_stores_storesAdminEditRoomMeasures',1,91,'إضافة / تعديل قراءة غرفة')
,(90,'CAN_VIEW_page_stores_storesAdminCostCenter',1,92,'مراكز التكلفة')
,(91,'CAN_VIEW_page_stores_storesAdminEditCostCenter',1,93,'إضافة / تعديل مركز تكلفة')
;
INSERT INTO SECURITY_PERMISSIONS (ID,PERMESSIONNAME,SELECTED,FIELDID,PERMISSIONDESCRIPTION) VALUES 
(92,'CAN_VIEW_page_stores_storesCreateInvoices',1,94,'إصدار فواتير')
,(93,'CAN_VIEW_page_stores_storesAdminAddStoreTransaction',1,95,'الحركات المخزنية')
,(1033,'CAN_VIEW_page_cancelRevision',1,1018,'الغاء المراجعة')
,(31,'CAN_VIEW_page_stores_storesAdminEditStoreTrnsDefSpec',1,31,'تفاصيل مواصفة حركة')
,(32,'CAN_VIEW_page_stores_storesAdminEditStoreTrnsDefTax',1,32,'ضرائب وخصومات')
,(33,'CAN_VIEW_page_stores_storesAdminListStoreTransaction',1,33,'قائمة الحركات المخزنية')
,(34,'CAN_VIEW_page_stores_storesAdminEditStoreTransaction',1,34,'إضافة / تعديل حركة مخزنية')
,(30,'CAN_VIEW_glMenu',1,30,NULL)
,(376,'CAN_VIEW_page_gl_masterTransactionView',1,297,'بيان القيد')
,(441,'CAN_VIEW_page_account',1,467,'أكواد الحسابات')
;
INSERT INTO SECURITY_PERMISSIONS (ID,PERMESSIONNAME,SELECTED,FIELDID,PERMISSIONDESCRIPTION) VALUES 
(442,'CAN_VIEW_page_accountForm',1,468,'أضافة / تعديل حساب')
,(443,'CAN_VIEW_page_accountTypeForm',1,471,'اضافة / تعديل نوع الحساب')
,(444,'CAN_VIEW_page_currency',1,473,'العملات')
,(445,'CAN_VIEW_page_currencyForm',1,474,'اضافة / تعديل عملة')
,(446,'CAN_VIEW_page_financialPeriod',1,478,'الفترات المالية')
,(447,'CAN_VIEW_page_financialPeriodForm',1,479,'اضافة / تعديل فترة مالية')
,(448,'CAN_VIEW_page_docType',1,475,'أنواع المستدات')
,(449,'CAN_VIEW_page_docTypeForm',1,476,'اضافة / تعديل نوع المستند')
,(450,'CAN_VIEW_page_masterBudget',0,480,NULL)
,(451,'CAN_VIEW_page_masterBudgetForm',0,481,NULL)
;
INSERT INTO SECURITY_PERMISSIONS (ID,PERMESSIONNAME,SELECTED,FIELDID,PERMISSIONDESCRIPTION) VALUES 
(452,'CAN_VIEW_page_masterTransaction',1,482,'اضافة / تعديل بيانات القيد')
,(453,'CAN_VIEW_page_repeatableMasterTransactionForm',1,488,'اضافة / تعديل قيد تكراري')
,(454,'CAN_VIEW_page_searchRepeatableForm',1,489,'البحث عن الحركات التكرارية')
,(455,'CAN_VIEW_page_activateRepeatableTransactionForm',1,472,'انشاء القيود التكرارية')
,(456,'CAN_VIEW_page_searchUnpostedTransaction',1,492,'ترحيل القيود')
,(457,'CAN_VIEW_page_searchTransaction',1,491,'البحث عن القيود')
,(458,'CAN_VIEW_page_accountStatusReport',0,469,NULL)
,(459,'CAN_VIEW_page_accountTransactionsReport',0,470,NULL)
,(460,'CAN_VIEW_page_transactionDetails',1,494,'تفاصيل القيد')
,(1025,'CAN_VIEW_page_suspendTransaction',1,1010,'ايقاف القيد')
;
INSERT INTO SECURITY_PERMISSIONS (ID,PERMESSIONNAME,SELECTED,FIELDID,PERMISSIONDESCRIPTION) VALUES 
(1026,'CAN_VIEW_page_financialYear',1,1011,'السنوات المالية')
,(1027,'CAN_VIEW_page_financialYearForm',1,1012,'اضافة / تعديل سنة مالية')
,(1028,'CAN_VIEW_page_reports',1,1013,'التقارير')
,(1029,'CAN_VIEW_page_addDetailedBudgetManually',1,1014,'اضافة أرصدة حسابات')
,(1030,'CAN_VIEW_page_addEstimatedBalance',1,1015,'اضافة أرصدة تقديرية')
,(349,'CAN_VIEW_page_common_commonAdminCountryCities',1,270,NULL)
,(350,'CAN_VIEW_page_common_commonAdminEditCity',1,271,NULL)
,(351,'CAN_VIEW_page_common_changeApplication',1,272,NULL)
,(352,'CAN_VIEW_page_common_commonAdminCountries',1,273,NULL)
,(353,'CAN_VIEW_page_common_commonAdminEditCountry',1,274,NULL)
;
INSERT INTO SECURITY_PERMISSIONS (ID,PERMESSIONNAME,SELECTED,FIELDID,PERMISSIONDESCRIPTION) VALUES 
(354,'CAN_VIEW_page_common_commonAdminDepartments',1,275,NULL)
,(355,'CAN_VIEW_page_common_commonAdminEditDepartment',1,276,NULL)
,(356,'CAN_VIEW_page_common_commonAdminEmployees',1,277,NULL)
,(357,'CAN_VIEW_page_common_commonAdminEditEmployee',1,278,NULL)
,(358,'CAN_VIEW_page_common_commonAdminChangePassword',1,279,NULL)
,(359,'CAN_VIEW_page_common_commonAdminDateConverter',1,280,NULL)
,(362,'CAN_VIEW_page_i18n_editMessage',1,283,NULL)
,(363,'CAN_VIEW_page_i18n_changeDefaultLocale',1,284,'تعديل اللغة الأساسية ')
,(364,'CAN_VIEW_page_i18n_changeUserLanguage',1,285,'تعديل لغة المستخدم')
,(365,'CAN_VIEW_page_security_editSecurity',1,286,NULL)
;
INSERT INTO SECURITY_PERMISSIONS (ID,PERMESSIONNAME,SELECTED,FIELDID,PERMISSIONDESCRIPTION) VALUES 
(366,'CAN_VIEW_page_security_changeUserApplication',1,287,'تعديل برنامج المستخدم')
,(367,'CAN_VIEW_page_security_addNewRole',1,288,'إضافة وظيفة')
,(368,'CAN_VIEW_page_security_addUserToRole',1,289,'إضافة / تعديل مستخدم')
,(369,'CAN_VIEW_page_security_userDetails',1,290,'قائمة بيانات المستخدمين')
,(370,'CAN_VIEW_page_security_roleDetails',1,291,'قائمة الوظائف')
,(371,'CAN_VIEW_page_security_updateRole',1,292,NULL)
,(377,'CAN_VIEW_page_i18n_allLocales',1,298,'قائمة اللغات المستخدمة')
,(378,'CAN_VIEW_page_security_changeUserPassword',1,299,'تغيير كلمة السر')
,(379,'CAN_VIEW_page_i18n_addNewLocale',1,300,NULL)
,(793,'CAN_VIEW_page_common_regionsView',1,779,NULL)
;
INSERT INTO SECURITY_PERMISSIONS (ID,PERMESSIONNAME,SELECTED,FIELDID,PERMISSIONDESCRIPTION) VALUES 
(794,'CAN_VIEW_page_common_regionForm',1,780,NULL)
,(1,'CAN_VIEW_page_stores_storesAdminBranches',1,1,'قائمة الفروع')
,(2,'CAN_VIEW_page_stores_codesDivisionForm',1,2,'إضافة / تعديل تقسيم الأكواد')
,(3,'CAN_VIEW_page_stores_storesAdminGroupf',1,3,'قائمة تقسيم الأكواد')
,(4,'CAN_VIEW_page_stores_basicGroupForm',1,4,'المجموعات الأساسية')
,(5,'CAN_VIEW_page_stores_addBranch',1,5,'إضافة / تعديل فرع')
,(6,'CAN_VIEW_page_stores_storesAdminStores',1,6,'قائمة المخازن')
,(7,'CAN_VIEW_page_stores_storesAdminEditStores',1,7,'إضافة / تعديل مخزن')
,(8,'CAN_VIEW_page_stores_storesAdminGroupTypes',1,8,'قائمة أنواع المجموعات')
,(9,'CAN_VIEW_page_stores_storesAdminEditGroupType',1,9,'إضافة / تعديل نوع مجموعة')
;
INSERT INTO SECURITY_PERMISSIONS (ID,PERMESSIONNAME,SELECTED,FIELDID,PERMISSIONDESCRIPTION) VALUES 
(10,'CAN_VIEW_page_stores_storesAdminCustomers',1,10,'قائمة العملاء')
,(11,'CAN_VIEW_page_stores_storesAdminEditCustomer',1,11,'إضافة / تعديل عميل')
,(12,'CAN_VIEW_page_stores_storesAdminAgents',1,12,'قائمة الجهات')
,(13,'CAN_VIEW_page_stores_storesAdminEditAgent',1,13,'إضافة / تعديل جهة')
,(14,'CAN_VIEW_page_stores_storesAdminVendors',1,14,'قائمة الموردين')
,(15,'CAN_VIEW_page_stores_storesAdminEditVendors',1,15,'إضافة / تعديل مورد')
,(16,'CAN_VIEW_page_stores_storesAdminSalesRep',1,16,'قائمة مندوبي مبيعات')
,(17,'CAN_VIEW_page_stores_storesAdminEditSalesRep',1,17,'إضافة / تعديل مندوب مبيعات')
,(18,'CAN_VIEW_page_stores_storesAdminPersons',1,18,'قائمة الأفراد')
,(19,'CAN_VIEW_page_stores_storesAdminEditPersons',1,19,'إضافة / تعديل فرد')
;
INSERT INTO SECURITY_PERMISSIONS (ID,PERMESSIONNAME,SELECTED,FIELDID,PERMISSIONDESCRIPTION) VALUES 
(20,'CAN_VIEW_page_stores_storesAdminItemData',1,20,'قائمة الأصناف')
,(21,'CAN_VIEW_page_stores_storesAdminEditItemData',1,21,'إضافة / تعديل صنف')
,(22,'CAN_VIEW_page_stores_storesAdminBasicUnit',1,22,'قائمة الوحدات')
,(23,'CAN_VIEW_page_stores_storesAdminEditBasicUnit',1,23,'إضافة / تعديل وحدة')
,(24,'CAN_VIEW_page_stores_storesAdminEditFirstBalanceStore',1,24,'رصيد أول المدة')
,(25,'CAN_VIEW_page_stores_storesAdminContractors',1,25,'قائمة المقاولون')
,(26,'CAN_VIEW_page_stores_storesAdminEditContractor',1,26,'إضافة / تعديل مقاول')
,(27,'CAN_VIEW_page_stores_itemsMainGroupDescription',1,27,'مواصفات مجموعات الأصناف')
,(28,'CAN_VIEW_page_stores_storesAdminStoreTrnsDefs',1,28,'قائمة مواصفات الحركة المخزنية')
,(29,'CAN_VIEW_page_stores_storesAdminEditStoreTrnsDef',1,29,'إضافة / تعديل مواصفة حركة')
;
INSERT INTO SECURITY_PERMISSIONS (ID,PERMESSIONNAME,SELECTED,FIELDID,PERMISSIONDESCRIPTION) VALUES 
(225,'CAN_VIEW_page_gl_home',0,123,NULL)
,(232,'CAN_VIEW_page_gl_docType',0,130,NULL)
,(239,'CAN_VIEW_page_gl_currencyForm',0,137,NULL)
,(238,'CAN_VIEW_page_gl_currency',0,136,NULL)
,(234,'CAN_VIEW_page_gl_masterBudget',0,132,NULL)
,(226,'CAN_VIEW_page_gl_tree',0,124,NULL)
,(1036,'CAN_UPDATE_settings',1,1021,NULL)
;﻿INSERT INTO SECURITY_ROLES (ID,ROLENAME,APPLICATION,DEFAULTPAGE) VALUES 
(5,'اداره النظام',3,'/Requests/security/userDetails.html?activeLink=linkOne')
,(1,'موظف عام',12,'/Requests/requestsApproval/welcome.html')
,(2,'موظف موافقات',12,'/Requests/requestsApproval/welcome.html')
,(3,'موظف الموارد البشريه',12,'/Requests/requestsApproval/welcome.html')
,(25350,'مبرمج تست',12,'/Requests/requestsApproval/welcome.html')
,(6,'Admin',3,'/Requests/requestsApproval/welcome.html')
;﻿INSERT INTO SECURITY_ROLE_PERMISSIONS ("ROLE",PERMISSION) VALUES 
(1,106)
,(2,1034)
,(3,1035)
,(5,349)
,(5,350)
,(5,351)
,(5,352)
,(5,353)
,(5,354)
,(5,355)
;
INSERT INTO SECURITY_ROLE_PERMISSIONS ("ROLE",PERMISSION) VALUES 
(5,356)
,(5,357)
,(5,358)
,(5,359)
,(5,362)
,(5,363)
,(5,364)
,(5,365)
,(5,366)
,(5,367)
;
INSERT INTO SECURITY_ROLE_PERMISSIONS ("ROLE",PERMISSION) VALUES 
(5,368)
,(5,369)
,(5,370)
,(5,371)
,(5,377)
,(5,378)
,(5,379)
,(5,793)
,(5,794)
,(6,1036)
;
INSERT INTO SECURITY_ROLE_PERMISSIONS ("ROLE",PERMISSION) VALUES 
(25350,1035)
;

INSERT INTO LOGIN_USERS (ID,EMPCODE,NAME,end_serv, email)
SELECT EBASIC.EMPCODE,EBASIC.EMPCODE,EBASIC.EMPNAME,EBASIC.END_SERV,EBASIC.EMAIL FROM EMPBASIC ebasic;
INSERT INTO COMMON_EMPLOYEE (id,FIRSTNAME,LASTNAME,JOBTITLE,EMAIL,USERS,EMPCODE)
SELECT EBASIC.EMPCODE, ebasic.empname, ebasic.empname, 'general', ebasic.email, eebasic.empname,ebasic.empcode  FROM EMPBASIC ebasic;
INSERT INTO SECURITY_USERS(id,USERNAME,PASSWORD,DEFAULTLOCALE,DEFAULTAPPLICATION,ISACTIVE,ISEMPLOYEE)
SELECT EBASIC.EMPCODE, TRIM(LEADING 0 FROM EBASIC.EMPCODE), '123',1,12,1,1 FROM EMPBASIC ebasic;
INSERT INTO SECURITY_USER_ROLES(users,role)
SELECT ebasic.empcode,1 FROM EMPBASIC ebasic;